event_id,split,plane_id,battery_id,event_datetime,cumulative_flight_count,event_type,observed_soh_pct,latent_soh_filter_pct,next_latent_soh_causal_flight_20_pct,gru_sequence_with_latent_tune2
166_1_4575_20230516110000,train_dev,166,1,2023-05-16 11:00:00,0,charge,100.0,99.72445717682604,96.06757324082172,
166_1_4576_20230516124400,train_dev,166,1,2023-05-16 12:44:00,0,other,100.0,99.86625900300112,96.06757324082172,
166_1_4577_20230516130000,train_dev,166,1,2023-05-16 13:00:00,0,charge,97.0,99.53862986196351,96.06757324082172,
166_1_4578_20230516143500,train_dev,166,1,2023-05-16 14:35:00,0,other,97.0,98.58054921229758,96.06757324082172,
166_1_4579_20230516150000,train_dev,166,1,2023-05-16 15:00:00,0,charge,96.0,98.25761950437904,96.06757324082172,
166_1_4580_20230516191100,train_dev,166,1,2023-05-16 19:11:00,0,other,96.0,97.68766352050592,96.06757324082172,
166_1_4581_20230516200000,train_dev,166,1,2023-05-16 20:00:00,0,charge,97.0,97.63324218312256,96.06757324082172,
166_1_4582_20230516211900,train_dev,166,1,2023-05-16 21:19:00,0,other,97.0,97.50541976780156,96.06757324082172,
166_1_4583_20230516220000,train_dev,166,1,2023-05-16 22:00:00,0,charge,97.0,97.44951819580956,96.06757324082172,
166_1_4584_20230517113000,train_dev,166,1,2023-05-17 11:30:00,0,charge,96.0,97.33079191050622,96.06757324082172,
166_1_4585_20230517132000,train_dev,166,1,2023-05-17 13:20:00,0,other,96.0,97.19233302980368,96.06757324082172,
166_1_4586_20230517140000,train_dev,166,1,2023-05-17 14:00:00,0,charge,96.0,97.13827262596558,96.06757324082172,
166_1_4587_20230517150700,train_dev,166,1,2023-05-17 15:07:00,0,other,95.0,96.94695858774274,96.06757324082172,
166_1_4589_20230517160000,train_dev,166,1,2023-05-17 16:00:00,0,charge,95.0,96.86279076481304,96.06757324082172,
166_1_4590_20230517164700,train_dev,166,1,2023-05-17 16:47:00,0,other,96.0,96.77275800702697,96.06757324082172,
166_1_4591_20230517180000,train_dev,166,1,2023-05-17 18:00:00,0,charge,96.0,96.75242362391664,96.06757324082172,
166_1_4592_20230517181800,train_dev,166,1,2023-05-17 18:18:00,0,other,98.0,96.8565530801164,96.06757324082172,
166_1_4593_20230517200000,train_dev,166,1,2023-05-17 20:00:00,0,charge,98.0,96.88771558481314,96.06757324082172,
166_1_4594_20230517200100,train_dev,166,1,2023-05-17 20:01:00,0,other,97.0,96.89484107242708,96.06757324082172,
166_1_4595_20230517220000,train_dev,166,1,2023-05-17 22:00:00,0,charge,97.0,96.90963734478755,96.06757324082172,73.59778
166_1_4574_20230519120400,train_dev,166,1,2023-05-19 12:04:00,0,charge,97.0,96.91287945704616,96.06757324082172,79.781044
166_1_4588_20230519160000,train_dev,166,1,2023-05-19 16:00:00,0,charge,95.0,96.86223062302253,96.06757324082172,73.89363
166_1_4615_20230531141000,train_dev,166,1,2023-05-31 14:10:00,0,other,97.0,96.91307489555712,96.06757324082172,84.35639
166_1_4614_20230531150000,train_dev,166,1,2023-05-31 15:00:00,0,charge,97.0,96.9210737023083,96.06757324082172,83.58443
166_1_4611_20230531173300,train_dev,166,1,2023-05-31 17:33:00,0,other,96.0,96.87824259409692,96.06757324082172,79.07596
166_1_4612_20230531182100,train_dev,166,1,2023-05-31 18:21:00,0,other,96.0,96.8079338890814,96.06757324082172,74.447395
166_1_4613_20230531190000,train_dev,166,1,2023-05-31 19:00:00,0,charge,96.0,96.7819346541186,96.06757324082172,78.14554
166_1_4620_20230603101100,train_dev,166,1,2023-06-03 10:11:00,1,flight,97.0,96.79056452285823,95.89671962749378,84.35481
166_1_4621_20230603110000,train_dev,166,1,2023-06-03 11:00:00,1,charge,97.0,96.79523420005737,95.89671962749378,75.16697
166_1_4622_20230604102500,train_dev,166,1,2023-06-04 10:25:00,2,flight,97.0,96.80155931103552,95.76406294212146,74.8277
166_1_4633_20230609143700,train_dev,166,1,2023-06-09 14:37:00,3,flight,97.0,96.80796142539351,95.72430208371004,73.688805
166_1_4634_20230609154500,train_dev,166,1,2023-06-09 15:45:00,3,charge,97.0,96.81208327391954,95.72430208371004,84.07345
166_1_4635_20230609165000,train_dev,166,1,2023-06-09 16:50:00,3,charge,97.0,96.81912465955324,95.72430208371004,83.544266
166_1_4636_20230611101200,train_dev,166,1,2023-06-11 10:12:00,4,flight,97.0,96.82680287656414,95.68023531839836,77.75558
166_1_4639_20230611105000,train_dev,166,1,2023-06-11 10:50:00,4,charge,97.0,96.83271385251643,95.68023531839836,78.0962
166_1_4640_20230611111500,train_dev,166,1,2023-06-11 11:15:00,4,charge,97.0,96.8411914522441,95.68023531839836,84.348206
166_1_4669_20230621103800,train_dev,166,1,2023-06-21 10:38:00,5,flight,97.0,96.8485303005568,95.65725147726268,84.12295
166_1_4670_20230621105500,train_dev,166,1,2023-06-21 10:55:00,5,charge,97.0,96.85271631648926,95.65725147726268,73.899666
166_1_4714_20230705094900,train_dev,166,1,2023-07-05 09:49:00,5,charge,97.0,96.85446263431432,95.65725147726268,74.02141
166_1_4760_20230705104500,train_dev,166,1,2023-07-05 10:45:00,5,charge,96.0,96.8262866957548,95.65725147726268,84.41367
166_1_4759_20230711095600,train_dev,166,1,2023-07-11 09:56:00,5,charge,96.0,96.80879198061407,95.65725147726268,76.638374
166_1_4761_20230711104500,train_dev,166,1,2023-07-11 10:45:00,5,charge,96.0,96.7655754162053,95.65725147726268,74.922585
166_1_4764_20230719210800,train_dev,166,1,2023-07-19 21:08:00,5,other,96.0,96.66988120194716,95.65725147726268,73.46849
166_1_4765_20230719223000,train_dev,166,1,2023-07-19 22:30:00,5,charge,96.0,96.6110007776131,95.65725147726268,81.27732
166_1_4766_20230720095400,train_dev,166,1,2023-07-20 09:54:00,6,flight,96.0,96.60040196256284,95.47035569647184,73.71668
166_1_4767_20230720104500,train_dev,166,1,2023-07-20 10:45:00,6,charge,96.0,96.5720157808153,95.47035569647184,84.42128
166_1_4770_20230722060000,train_dev,166,1,2023-07-22 06:00:00,6,charge,96.0,96.54518202604312,95.47035569647184,83.65434
166_1_4780_20230722100000,train_dev,166,1,2023-07-22 10:00:00,7,flight,96.0,96.53627816098472,95.32317373691752,74.4303
166_1_4783_20230730100100,train_dev,166,1,2023-07-30 10:01:00,8,flight,96.0,96.52640054823384,95.05577487517408,73.80623
166_1_4784_20230730110000,train_dev,166,1,2023-07-30 11:00:00,8,charge,96.0,96.49944463783925,95.05577487517408,78.53471
166_1_4785_20230801101000,train_dev,166,1,2023-08-01 10:10:00,9,flight,97.0,96.50806171414196,94.78323504052686,74.34855
166_1_4786_20230801112200,train_dev,166,1,2023-08-01 11:22:00,9,charge,97.0,96.53258280422598,94.78323504052686,73.457306
166_1_4790_20230802105500,train_dev,166,1,2023-08-02 10:55:00,10,flight,97.0,96.54048831646227,94.47905387971196,73.7739
166_1_4791_20230803024500,train_dev,166,1,2023-08-03 02:45:00,10,charge,98.0,96.58667911674864,94.47905387971196,78.074265
166_1_4792_20230803102600,train_dev,166,1,2023-08-03 10:26:00,11,flight,98.0,96.61005022979002,94.18255434462564,75.29835
166_1_4793_20230803105000,train_dev,166,1,2023-08-03 10:50:00,11,charge,98.0,96.67458564437376,94.18255434462564,78.368935
166_1_4795_20230804101000,train_dev,166,1,2023-08-04 10:10:00,12,flight,98.0,96.69666347812976,93.927314520149,83.00956
166_1_4796_20230804111000,train_dev,166,1,2023-08-04 11:10:00,12,charge,97.0,96.70293291551852,93.927314520149,83.85758
166_1_4802_20230806101000,train_dev,166,1,2023-08-06 10:10:00,13,flight,97.0,96.71635158466876,93.73146460886927,77.887085
166_1_4803_20230806111000,train_dev,166,1,2023-08-06 11:10:00,13,charge,97.0,96.7238041886814,93.73146460886927,84.16178
166_1_4842_20230822102500,train_dev,166,1,2023-08-22 10:25:00,14,flight,97.0,96.73829173870227,93.53575323647772,73.51623
166_1_4845_20230822102500,train_dev,166,1,2023-08-22 10:25:00,15,flight,97.0,96.75133520338682,93.32308554373336,82.49846
166_1_4843_20230822113000,train_dev,166,1,2023-08-22 11:30:00,15,charge,97.0,96.75965900737192,93.32308554373336,78.679
166_1_4850_20230827103200,train_dev,166,1,2023-08-27 10:32:00,16,flight,97.0,96.7695508297,93.16602955373644,75.00637
166_1_4851_20230827113000,train_dev,166,1,2023-08-27 11:30:00,16,charge,97.0,96.77671778098647,93.16602955373644,73.846954
166_1_4853_20230828104500,train_dev,166,1,2023-08-28 10:45:00,17,flight,97.0,96.78779773680397,93.06033523684955,73.52314
166_1_4854_20230828204500,train_dev,166,1,2023-08-28 20:45:00,17,charge,97.0,96.79150520462822,93.06033523684955,73.91992
166_1_4857_20230831103200,train_dev,166,1,2023-08-31 10:32:00,18,flight,95.0,96.72319669101768,92.96869289177086,78.68694
166_1_4858_20230831113000,train_dev,166,1,2023-08-31 11:30:00,18,charge,93.0,96.66708793161116,92.96869289177086,81.22186
166_1_4860_20230904110000,train_dev,166,1,2023-09-04 11:00:00,19,flight,91.0,96.30042156293082,92.7878426382729,73.643196
166_1_4861_20230904114500,train_dev,166,1,2023-09-04 11:45:00,19,charge,93.0,96.23802970014869,92.7878426382729,73.58136
166_1_4862_20230906104500,train_dev,166,1,2023-09-06 10:45:00,20,flight,93.0,96.06757324082172,92.48767065313,79.50384
166_1_4863_20230906112000,train_dev,166,1,2023-09-06 11:20:00,20,charge,94.0,96.01722592478946,92.48767065313,73.927155
166_1_4868_20230911105900,train_dev,166,1,2023-09-11 10:59:00,21,flight,94.0,95.89671962749378,92.1617788497711,81.714
166_1_4869_20230911174400,train_dev,166,1,2023-09-11 17:44:00,21,charge,94.0,95.83856805103558,92.1617788497711,84.156975
166_1_4871_20230913105300,train_dev,166,1,2023-09-13 10:53:00,22,flight,94.0,95.76406294212146,91.9722485962546,79.91765
166_1_4872_20230913114500,train_dev,166,1,2023-09-13 11:45:00,22,charge,95.0,95.74928119306615,91.9722485962546,78.2754
166_1_4901_20230914105900,train_dev,166,1,2023-09-14 10:59:00,23,flight,95.0,95.72430208371004,91.7081699280807,83.90567
166_1_4902_20230914114500,train_dev,166,1,2023-09-14 11:45:00,23,charge,95.0,95.70488482384346,91.7081699280807,73.73642
166_1_4903_20230915121700,train_dev,166,1,2023-09-15 12:17:00,24,flight,95.0,95.68023531839836,91.006851756949,75.04004
166_1_4904_20230915121700,train_dev,166,1,2023-09-15 12:17:00,25,flight,95.0,95.65725147726268,90.83366651628462,83.8075
166_1_4908_20230918145500,train_dev,166,1,2023-09-18 14:55:00,26,flight,91.0,95.47035569647184,90.6044606482841,73.66653
166_1_4906_20230919112600,train_dev,166,1,2023-09-19 11:26:00,27,flight,91.0,95.32317373691752,90.33643916756937,84.43897
166_1_4907_20230919114500,train_dev,166,1,2023-09-19 11:45:00,27,charge,91.0,95.21700489808303,90.33643916756937,78.50774
166_1_4909_20230921105000,train_dev,166,1,2023-09-21 10:50:00,28,flight,91.0,95.05577487517408,89.71326178244173,80.33355
166_1_4914_20230921120000,train_dev,166,1,2023-09-21 12:00:00,28,charge,90.0,94.96751341548628,89.71326178244173,84.34381
166_1_4915_20230922104700,train_dev,166,1,2023-09-22 10:47:00,29,flight,90.0,94.78323504052686,89.29562036689435,77.76377
166_1_4916_20230922113500,train_dev,166,1,2023-09-22 11:35:00,29,charge,90.0,94.67034361047058,89.29562036689435,73.4852
166_1_4910_20230924110400,train_dev,166,1,2023-09-24 11:04:00,30,flight,90.0,94.47905387971196,89.05706828283624,79.47728
166_1_4911_20230924112000,train_dev,166,1,2023-09-24 11:20:00,30,charge,90.0,94.35484033355172,89.05706828283624,74.238976
166_1_4917_20230925110000,train_dev,166,1,2023-09-25 11:00:00,31,flight,90.0,94.18255434462564,88.8934265229185,84.34589
166_1_4918_20230925114500,train_dev,166,1,2023-09-25 11:45:00,31,charge,89.0,94.09839437240208,88.8934265229185,77.649734
166_1_4919_20230925130700,train_dev,166,1,2023-09-25 13:07:00,32,flight,89.0,93.927314520149,88.72109582729755,77.40632
166_1_4920_20230925134500,train_dev,166,1,2023-09-25 13:45:00,32,charge,90.0,93.87013216559828,88.72109582729755,80.91456
166_1_4921_20230927113200,train_dev,166,1,2023-09-27 11:32:00,33,flight,90.0,93.73146460886927,89.04983194887393,77.44234
166_1_4922_20230927114500,train_dev,166,1,2023-09-27 11:45:00,33,charge,89.0,93.66680235595032,89.04983194887393,75.04065
166_1_4923_20230927123400,train_dev,166,1,2023-09-27 12:34:00,34,flight,89.0,93.53575323647772,89.1441317695984,74.2945
166_1_4924_20230927131000,train_dev,166,1,2023-09-27 13:10:00,34,charge,89.0,93.4295901727476,89.1441317695984,83.77305
166_1_4925_20230928110400,train_dev,166,1,2023-09-28 11:04:00,35,flight,89.0,93.32308554373336,89.31071156077807,84.350266
166_1_4926_20230928114500,train_dev,166,1,2023-09-28 11:45:00,35,charge,90.0,93.27928537399964,89.31071156077807,73.794556
166_1_4927_20230928125300,train_dev,166,1,2023-09-28 12:53:00,36,flight,90.0,93.16602955373644,89.39887487342884,74.019104
166_1_6362_20230928125300,train_dev,166,1,2023-09-28 12:53:00,37,flight,90.0,93.06033523684955,89.47930135478478,73.683334
166_1_4928_20230928134500,train_dev,166,1,2023-09-28 13:45:00,37,charge,92.0,93.05141774906664,89.47930135478478,81.54097
166_1_4929_20230929111500,train_dev,166,1,2023-09-29 11:15:00,38,flight,90.0,92.96869289177086,89.56300100390361,81.3586
166_1_4930_20230929120000,train_dev,166,1,2023-09-29 12:00:00,38,charge,88.0,92.92407349129034,89.56300100390361,78.50992
166_1_4931_20230929132800,train_dev,166,1,2023-09-29 13:28:00,39,flight,88.0,92.7878426382729,89.67664223856507,78.50634
166_1_4932_20230929140000,train_dev,166,1,2023-09-29 14:00:00,39,charge,87.0,92.71734769364856,89.67664223856507,74.28197
166_1_4936_20230930205400,train_dev,166,1,2023-09-30 20:54:00,40,flight,87.0,92.48767065313,89.69685786454649,84.34422
166_1_4937_20230930213000,train_dev,166,1,2023-09-30 21:30:00,40,charge,86.0,92.39241638668165,89.69685786454649,79.190895
166_1_4938_20230930222400,train_dev,166,1,2023-09-30 22:24:00,41,flight,86.0,92.1617788497711,89.59911271167955,75.92991
166_1_4939_20230930233000,train_dev,166,1,2023-09-30 23:30:00,41,charge,88.0,92.1212092484982,89.59911271167955,77.946724
166_1_4940_20231001205000,train_dev,166,1,2023-10-01 20:50:00,42,flight,88.0,91.9722485962546,89.46709856727435,74.03132
166_1_4941_20231001214000,train_dev,166,1,2023-10-01 21:40:00,42,charge,88.0,91.888806994874,89.46709856727435,73.80099
166_1_4942_20231001214000,train_dev,166,1,2023-10-01 21:40:00,42,charge,88.0,91.80879856025878,89.46709856727435,78.21355
166_1_4975_20231010112900,train_dev,166,1,2023-10-10 11:29:00,43,flight,88.0,91.7081699280807,89.1763315326906,73.99455
166_1_4973_20231010151400,train_dev,166,1,2023-10-10 15:14:00,43,other,83.0,91.37587957372624,89.1763315326906,74.5756
166_1_4972_20231010173700,train_dev,166,1,2023-10-10 17:37:00,43,charge,83.0,91.23486143510624,89.1763315326906,83.61267
166_1_4974_20231010175400,train_dev,166,1,2023-10-10 17:54:00,43,charge,88.0,91.20783404792827,89.1763315326906,74.086845
166_1_4976_20231011112700,train_dev,166,1,2023-10-11 11:27:00,44,flight,83.0,91.006851756949,89.10206329891085,83.70305
166_1_4977_20231011123000,train_dev,166,1,2023-10-11 12:30:00,44,charge,86.0,90.96775573509105,89.10206329891085,79.833
166_1_4981_20231011175000,train_dev,166,1,2023-10-11 17:50:00,45,flight,86.0,90.83366651628462,89.09891436447536,77.806694
166_1_4982_20231011183000,train_dev,166,1,2023-10-11 18:30:00,45,charge,85.0,90.7616694164141,89.09891436447536,77.9235
166_1_4983_20231011194300,train_dev,166,1,2023-10-11 19:43:00,46,flight,85.0,90.6044606482841,89.09644587156278,84.33765
166_1_4984_20231011201000,train_dev,166,1,2023-10-11 20:10:00,46,charge,84.0,90.53132709084836,89.09644587156278,83.98501
166_1_4978_20231011214700,train_dev,166,1,2023-10-11 21:47:00,47,flight,84.0,90.33643916756937,89.09280195080538,81.247116
166_1_4979_20231011224500,train_dev,166,1,2023-10-11 22:45:00,47,charge,84.0,90.23512032901496,89.09280195080538,74.98882
166_1_4985_20231012121600,train_dev,166,1,2023-10-12 12:16:00,47,other,84.0,90.05552524794855,89.09280195080538,84.368
166_1_4986_20231012143000,train_dev,166,1,2023-10-12 14:30:00,47,charge,84.0,89.86410283965363,89.09280195080538,74.79287
166_1_4987_20231012150600,train_dev,166,1,2023-10-12 15:06:00,48,flight,84.0,89.71326178244173,89.087317343758,84.36904
166_1_4988_20231012154500,train_dev,166,1,2023-10-12 15:45:00,48,charge,84.0,89.55110256250055,89.087317343758,73.69296
166_1_4989_20231012160000,train_dev,166,1,2023-10-12 16:00:00,48,charge,84.0,89.44225731160111,89.087317343758,84.3453
166_1_4990_20231012164300,train_dev,166,1,2023-10-12 16:43:00,49,flight,84.0,89.29562036689435,89.06659453440327,73.84048
166_1_4991_20231012172300,train_dev,166,1,2023-10-12 17:23:00,49,charge,84.0,89.19330768162713,89.06659453440327,83.891426
166_1_4992_20231012183900,train_dev,166,1,2023-10-12 18:39:00,50,flight,84.0,89.05706828283624,88.40147869316746,78.64916
166_1_4993_20231012192400,train_dev,166,1,2023-10-12 19:24:00,50,charge,84.0,88.99300284228822,88.40147869316746,73.93244
166_1_4994_20231014114500,train_dev,166,1,2023-10-14 11:45:00,51,flight,84.0,88.8934265229185,88.27087751755008,73.829185
166_1_4995_20231014183000,train_dev,166,1,2023-10-14 18:30:00,51,charge,84.0,88.82002532316545,88.27087751755008,75.13175
166_1_4999_20231016130000,train_dev,166,1,2023-10-16 13:00:00,52,flight,84.0,88.72109582729755,88.06826523756168,74.12395
166_1_5000_20231016142500,train_dev,166,1,2023-10-16 14:25:00,52,charge,84.0,88.66617576617979,88.06826523756168,82.73916
166_1_5001_20231016152900,train_dev,166,1,2023-10-16 15:29:00,52,other,86.0,88.48300045531046,88.06826523756168,74.26686
166_1_5002_20231016154600,train_dev,166,1,2023-10-16 15:46:00,52,other,86.0,88.41859930789781,88.06826523756168,78.47531
166_1_5003_20231016160000,train_dev,166,1,2023-10-16 16:00:00,52,charge,86.0,88.40255825085032,88.06826523756168,82.04809
166_1_5004_20231016163000,train_dev,166,1,2023-10-16 16:30:00,52,charge,92.0,88.55865363620963,88.06826523756168,84.36113
166_1_5005_20231016173000,train_dev,166,1,2023-10-16 17:30:00,52,other,92.0,88.6605447584547,88.06826523756168,84.3767
166_1_5006_20231016175300,train_dev,166,1,2023-10-16 17:53:00,52,other,92.0,88.71217050340461,88.06826523756168,75.43767
166_1_5007_20231016193000,train_dev,166,1,2023-10-16 19:30:00,52,charge,92.0,88.7354398553812,88.06826523756168,84.45939
166_1_5012_20231017105000,train_dev,166,1,2023-10-17 10:50:00,52,charge,95.0,88.89918962644848,88.06826523756168,84.3915
166_1_5013_20231017113000,train_dev,166,1,2023-10-17 11:30:00,53,flight,95.0,89.04983194887393,86.99991251477688,84.013916
166_1_5023_20231017143000,train_dev,166,1,2023-10-17 14:30:00,54,flight,94.0,89.1441317695984,82.98214683997602,81.30625
166_1_5024_20231017164000,train_dev,166,1,2023-10-17 16:40:00,54,charge,94.0,89.23791504847823,82.98214683997602,75.49651
166_1_5025_20231017164000,train_dev,166,1,2023-10-17 16:40:00,55,flight,95.0,89.31071156077807,82.86980207084204,78.31183
166_1_5019_20231018114700,train_dev,166,1,2023-10-18 11:47:00,56,flight,95.0,89.39887487342884,73.43213334983366,73.89254
166_1_5020_20231018124500,train_dev,166,1,2023-10-18 12:45:00,56,charge,95.0,89.42600483870254,73.43213334983366,77.081345
166_1_5021_20231018140300,train_dev,166,1,2023-10-18 14:03:00,57,flight,92.0,89.47930135478478,73.24240072156196,77.00372
166_1_5022_20231018150000,train_dev,166,1,2023-10-18 15:00:00,57,charge,92.0,89.51067044502182,73.24240072156196,73.73347
166_1_5034_20231018194800,train_dev,166,1,2023-10-18 19:48:00,58,flight,92.0,89.56300100390361,73.02002898177449,83.58401
166_1_5035_20231018220000,train_dev,166,1,2023-10-18 22:00:00,58,charge,93.0,89.59271632820081,73.02002898177449,84.2445
166_1_5095_20231019130000,train_dev,166,1,2023-10-19 13:00:00,58,charge,93.0,89.62370913300394,73.02002898177449,81.06171
166_1_5096_20231019135300,train_dev,166,1,2023-10-19 13:53:00,59,flight,93.0,89.67664223856507,71.88754250059256,82.17212
166_1_5097_20231019150000,train_dev,166,1,2023-10-19 15:00:00,59,charge,93.0,89.70289225957254,71.88754250059256,73.784256
166_1_5191_20231019170000,train_dev,166,1,2023-10-19 17:00:00,59,charge,93.0,89.73133783239415,71.88754250059256,73.80036
166_1_5189_20231023115500,train_dev,166,1,2023-10-23 11:55:00,59,other,93.0,89.79685024266156,71.88754250059256,76.470406
166_1_5190_20231023160000,train_dev,166,1,2023-10-23 16:00:00,60,flight,81.0,89.69685786454649,71.85035581743567,82.04744
166_1_5192_20231023160000,train_dev,166,1,2023-10-23 16:00:00,61,flight,81.0,89.59911271167955,71.76050653666987,79.26799
166_1_5193_20231023162700,train_dev,166,1,2023-10-23 16:27:00,61,charge,81.0,89.47799185831411,71.76050653666987,84.38636
166_1_5036_20231023170000,train_dev,166,1,2023-10-23 17:00:00,61,charge,93.0,89.56991992105856,71.76050653666987,79.43036
166_1_5194_20231023200000,train_dev,166,1,2023-10-23 20:00:00,62,flight,80.0,89.46709856727435,71.6826611603813,73.61094
166_1_5195_20231023204000,train_dev,166,1,2023-10-23 20:40:00,62,charge,80.0,89.30012576648363,71.6826611603813,74.26234
166_1_5030_20231023214500,train_dev,166,1,2023-10-23 21:45:00,62,charge,84.0,89.27226442906938,71.6826611603813,83.72501
166_1_5037_20231024114500,train_dev,166,1,2023-10-24 11:45:00,63,flight,84.0,89.1763315326906,71.59870307105514,79.029854
166_1_5038_20231024125900,train_dev,166,1,2023-10-24 12:59:00,63,charge,86.0,89.15371449141344,71.59870307105514,78.684395
166_1_5039_20231024141200,train_dev,166,1,2023-10-24 14:12:00,64,flight,86.0,89.10206329891085,71.57134780998022,78.145386
166_1_5040_20231024151500,train_dev,166,1,2023-10-24 15:15:00,64,charge,89.0,89.1015125248502,71.57134780998022,74.20319
166_1_5071_20231026202100,train_dev,166,1,2023-10-26 20:21:00,65,flight,89.0,89.09891436447536,71.66879789130876,84.009056
166_1_5072_20231026202100,train_dev,166,1,2023-10-26 20:21:00,66,flight,89.0,89.09644587156278,71.91243621854507,84.32864
166_1_5073_20231026205100,train_dev,166,1,2023-10-26 20:51:00,66,charge,89.0,89.09492882558214,71.91243621854507,84.35051
166_1_5074_20231026214300,train_dev,166,1,2023-10-26 21:43:00,67,flight,89.0,89.09280195080538,71.52445156896567,83.5416
166_1_5075_20231026223000,train_dev,166,1,2023-10-26 22:30:00,67,charge,89.0,89.09091279840902,71.52445156896567,73.82349
166_1_5063_20231027104500,train_dev,166,1,2023-10-27 10:45:00,67,charge,89.0,89.08877221364288,71.52445156896567,77.604706
166_1_5064_20231027120500,train_dev,166,1,2023-10-27 12:05:00,68,flight,89.0,89.087317343758,71.44228085410496,82.03824
166_1_5065_20231027125800,train_dev,166,1,2023-10-27 12:58:00,68,charge,89.0,89.08570025295968,71.44228085410496,84.232925
166_1_5067_20231030132000,train_dev,166,1,2023-10-30 13:20:00,68,other,89.0,89.07743297560485,71.44228085410496,83.986725
166_1_5070_20231030134500,train_dev,166,1,2023-10-30 13:45:00,68,charge,89.0,89.07618211671976,71.44228085410496,74.763535
166_1_5068_20231030143000,train_dev,166,1,2023-10-30 14:30:00,68,other,89.0,89.07410378712339,71.44228085410496,83.97504
166_1_5069_20231030154900,train_dev,166,1,2023-10-30 15:49:00,68,other,89.0,89.0717234835092,71.44228085410496,74.361496
166_1_5109_20231031132200,train_dev,166,1,2023-10-31 13:22:00,69,flight,89.0,89.06659453440327,71.35922898168847,74.64533
166_1_5110_20231031152500,train_dev,166,1,2023-10-31 15:25:00,69,other,89.0,89.0624324850948,71.35922898168847,78.62336
166_1_5111_20231101095100,train_dev,166,1,2023-11-01 09:51:00,69,charge,89.0,89.0605573616118,71.35922898168847,77.91084
166_1_5112_20231101144800,train_dev,166,1,2023-11-01 14:48:00,69,other,89.0,89.05956992827083,71.35922898168847,73.45497
166_1_5113_20231101154800,train_dev,166,1,2023-11-01 15:48:00,69,charge,89.0,89.05837907393465,71.35922898168847,80.05233
166_1_5114_20231101200000,train_dev,166,1,2023-11-01 20:00:00,69,charge,89.0,89.05553806203883,71.35922898168847,78.032135
166_1_5115_20231102200600,train_dev,166,1,2023-11-02 20:06:00,69,charge,78.0,88.6719157879241,71.35922898168847,78.31627
166_1_5118_20231104174500,train_dev,166,1,2023-11-04 17:45:00,69,charge,79.0,88.58215748039368,71.35922898168847,73.74879
166_1_5116_20231104180000,train_dev,166,1,2023-11-04 18:00:00,70,flight,78.0,88.40147869316746,71.27065577185942,73.68029
166_1_5117_20231104205000,train_dev,166,1,2023-11-04 20:50:00,71,flight,79.0,88.27087751755008,71.26367613703033,83.841385
166_1_5119_20231104225000,train_dev,166,1,2023-11-04 22:50:00,71,charge,79.0,88.19181363523782,71.26367613703033,74.04179
166_1_5127_20231106125500,train_dev,166,1,2023-11-06 12:55:00,72,flight,80.0,88.06826523756168,73.62781079939757,74.7329
166_1_5108_20231106160000,train_dev,166,1,2023-11-06 16:00:00,72,charge,82.0,88.0317082836756,73.62781079939757,74.974266
166_1_5188_20231114180000,train_dev,166,1,2023-11-14 18:00:00,72,other,82.0,87.15227859236582,73.62781079939757,74.438675
166_1_5205_20231116190800,train_dev,166,1,2023-11-16 19:08:00,73,flight,82.0,86.99991251477688,74.28291402887646,83.67417
166_1_5204_20231116211600,train_dev,166,1,2023-11-16 21:16:00,73,charge,81.0,86.9373660898613,74.28291402887646,78.49482
166_1_5207_20231120143500,train_dev,166,1,2023-11-20 14:35:00,73,other,77.0,86.7569250836992,74.28291402887646,84.34715
166_1_5206_20231120150500,train_dev,166,1,2023-11-20 15:05:00,73,charge,77.0,86.6870720374947,74.28291402887646,78.074394
166_1_5208_20231120175600,train_dev,166,1,2023-11-20 17:56:00,73,other,72.0,86.36553213814376,74.28291402887646,78.815094
166_1_5209_20231120202500,train_dev,166,1,2023-11-20 20:25:00,73,charge,72.0,86.15077654823514,74.28291402887646,74.21773
166_1_5285_20231130160700,train_dev,166,1,2023-11-30 16:07:00,73,other,72.0,85.72345333217393,74.28291402887646,84.15424
166_1_5286_20231130170000,train_dev,166,1,2023-11-30 17:00:00,73,charge,72.0,85.36673989456787,74.28291402887646,80.06581
166_1_5295_20231207174900,train_dev,166,1,2023-12-07 17:49:00,73,other,72.0,84.95991253519304,74.28291402887646,74.33754
166_1_5296_20231207182500,train_dev,166,1,2023-12-07 18:25:00,73,charge,72.0,84.77378682984256,74.28291402887646,74.13837
166_1_5358_20231207192600,train_dev,166,1,2023-12-07 19:26:00,73,other,74.0,84.19166898937127,74.28291402887646,82.211586
166_1_5298_20231208164400,train_dev,166,1,2023-12-08 16:44:00,73,other,80.0,84.07266877588836,74.28291402887646,79.199905
166_1_5299_20231208174000,train_dev,166,1,2023-12-08 17:40:00,73,charge,79.0,83.99673945956776,74.28291402887646,83.931915
166_1_5300_20231208200000,train_dev,166,1,2023-12-08 20:00:00,73,other,79.0,83.86315917194977,74.28291402887646,81.39299
166_1_5301_20231208204500,train_dev,166,1,2023-12-08 20:45:00,73,charge,80.0,83.80839564972942,74.28291402887646,78.64542
166_1_5359_20231208204500,train_dev,166,1,2023-12-08 20:45:00,73,charge,74.0,83.72127014761212,74.28291402887646,78.05177
166_1_5361_20231214100500,train_dev,166,1,2023-12-14 10:05:00,73,charge,77.0,83.6117882363715,74.28291402887646,82.196976
166_1_5369_20231214162000,train_dev,166,1,2023-12-14 16:20:00,73,other,80.0,83.50335154146548,74.28291402887646,75.07869
166_1_5370_20231214170000,train_dev,166,1,2023-12-14 17:00:00,73,charge,80.0,83.47036913546643,74.28291402887646,73.26111
166_1_5371_20231214183300,train_dev,166,1,2023-12-14 18:33:00,73,other,77.0,83.29181657391564,74.28291402887646,79.18823
166_1_5372_20231214191000,train_dev,166,1,2023-12-14 19:10:00,73,charge,77.0,83.16911453398181,74.28291402887646,78.39735
166_1_5360_20231214212400,train_dev,166,1,2023-12-14 21:24:00,73,other,77.0,82.98146907377426,74.28291402887646,80.53291
166_1_5363_20231215170500,train_dev,166,1,2023-12-15 17:05:00,73,charge,83.0,82.9816254887576,74.28291402887646,84.3924
166_1_5362_20231215190400,train_dev,166,1,2023-12-15 19:04:00,74,flight,83.0,82.98214683997602,75.11152979147846,84.32588
166_1_5365_20231216190000,train_dev,166,1,2023-12-16 19:00:00,74,other,82.0,82.92871167202556,75.11152979147846,74.16865
166_1_5366_20231216192000,train_dev,166,1,2023-12-16 19:20:00,74,charge,82.0,82.90024612994439,75.11152979147846,78.849495
166_1_5367_20231216201200,train_dev,166,1,2023-12-16 20:12:00,75,flight,82.0,82.86980207084204,76.78699664101744,84.42056
166_1_5368_20231216211500,train_dev,166,1,2023-12-16 21:15:00,75,charge,87.0,82.90491619327366,76.78699664101744,83.87622
166_1_5364_20231217042500,train_dev,166,1,2023-12-17 04:25:00,75,charge,83.0,82.90864220313837,76.78699664101744,79.36904
166_1_5379_20231219183000,train_dev,166,1,2023-12-19 18:30:00,75,other,87.0,83.01018475209676,76.78699664101744,79.24721
166_1_5380_20231219190000,train_dev,166,1,2023-12-19 19:00:00,75,charge,87.0,83.16593612900385,76.78699664101744,74.295616
166_1_5382_20231219193500,train_dev,166,1,2023-12-19 19:35:00,75,charge,87.0,83.51347736297664,76.78699664101744,80.17628
166_1_5381_20231219193700,train_dev,166,1,2023-12-19 19:37:00,75,other,87.0,83.67120348771171,76.78699664101744,83.4938
166_1_5383_20231220171500,train_dev,166,1,2023-12-20 17:15:00,75,charge,86.0,83.75055236277122,76.78699664101744,84.000015
166_1_5384_20231220181500,train_dev,166,1,2023-12-20 18:15:00,75,other,86.0,83.79333141729514,76.78699664101744,84.45295
166_1_5385_20231220190000,train_dev,166,1,2023-12-20 19:00:00,75,charge,86.0,83.80729977152023,76.78699664101744,78.03869
166_1_5386_20231220202800,train_dev,166,1,2023-12-20 20:28:00,75,other,83.0,83.7915352130858,76.78699664101744,81.873436
166_1_5387_20231220215000,train_dev,166,1,2023-12-20 21:50:00,75,charge,83.0,83.76125320779092,76.78699664101744,83.325386
166_1_5388_20231221001500,train_dev,166,1,2023-12-21 00:15:00,75,charge,83.0,83.67232980943848,76.78699664101744,79.43157
166_1_5389_20231221011500,train_dev,166,1,2023-12-21 01:15:00,75,other,83.0,83.64488808250003,76.78699664101744,80.63452
166_1_5390_20231221013000,train_dev,166,1,2023-12-21 01:30:00,75,charge,83.0,83.60333557228554,76.78699664101744,81.213234
166_1_5434_20240122192500,train_dev,166,1,2024-01-22 19:25:00,75,charge,76.0,83.46970979703211,76.78699664101744,74.60246
166_1_5425_20240123034500,train_dev,166,1,2024-01-23 03:45:00,75,charge,76.0,83.3398119990066,76.78699664101744,74.67129
166_1_5768_20240405113200,train_dev,166,1,2024-04-05 11:32:00,75,other,67.0,81.4257983099474,76.78699664101744,84.36526
166_1_5769_20240405124000,train_dev,166,1,2024-04-05 12:40:00,75,charge,67.0,80.44775397340628,76.78699664101744,77.60267
166_1_5770_20240405131500,train_dev,166,1,2024-04-05 13:15:00,75,charge,67.0,78.68414254706795,76.78699664101744,84.34759
166_1_5771_20240405142600,train_dev,166,1,2024-04-05 14:26:00,75,other,67.0,76.6417576453618,76.78699664101744,82.12779
166_1_5772_20240405165200,train_dev,166,1,2024-04-05 16:52:00,75,other,67.0,75.15162834693143,76.78699664101744,73.93266
166_1_5773_20240405170000,train_dev,166,1,2024-04-05 17:00:00,75,charge,67.0,74.49257394443075,76.78699664101744,82.947945
166_1_5774_20240405170500,train_dev,166,1,2024-04-05 17:05:00,75,charge,65.0,74.00830543047707,76.78699664101744,84.42344
166_1_5775_20240406110500,train_dev,166,1,2024-04-06 11:05:00,75,charge,65.0,73.67317480057028,76.78699664101744,83.94185
166_1_5776_20240407135800,train_dev,166,1,2024-04-07 13:58:00,76,flight,65.0,73.43213334983366,77.40890327414758,84.36556
166_1_5777_20240407145500,train_dev,166,1,2024-04-07 14:55:00,76,charge,66.0,73.36734127018987,77.40890327414758,75.178856
166_1_5778_20240407145500,train_dev,166,1,2024-04-07 14:55:00,77,flight,66.0,73.24240072156196,77.74291966441156,74.04252
166_1_5779_20240407162400,train_dev,166,1,2024-04-07 16:24:00,77,charge,66.0,73.10313257854065,77.74291966441156,73.19815
166_1_5784_20240408161400,train_dev,166,1,2024-04-08 16:14:00,78,flight,70.0,73.02002898177449,77.98812469848015,82.30296
166_1_5783_20240408170500,train_dev,166,1,2024-04-08 17:05:00,78,charge,71.0,72.99658772302823,77.98812469848015,84.33618
166_1_5787_20240409114100,train_dev,166,1,2024-04-09 11:41:00,78,other,71.0,72.94163970923859,77.98812469848015,82.1312
166_1_5788_20240409124000,train_dev,166,1,2024-04-09 12:40:00,78,charge,71.0,72.92707671755069,77.98812469848015,83.357285
166_1_5789_20240409143000,train_dev,166,1,2024-04-09 14:30:00,78,other,64.0,72.68162299019168,77.98812469848015,74.329445
166_1_5790_20240409151500,train_dev,166,1,2024-04-09 15:15:00,78,charge,64.0,72.4227134381707,77.98812469848015,74.12522
166_1_5792_20240410111000,train_dev,166,1,2024-04-10 11:10:00,78,charge,66.0,72.33134770787764,77.98812469848015,84.454094
166_1_5793_20240410123700,train_dev,166,1,2024-04-10 12:37:00,78,other,66.0,72.13098824466996,77.98812469848015,74.98604
166_1_5794_20240410132000,train_dev,166,1,2024-04-10 13:20:00,78,charge,67.0,72.06867761469856,77.98812469848015,73.75684
166_1_5795_20240410143400,train_dev,166,1,2024-04-10 14:34:00,79,flight,67.0,71.88754250059256,78.40286238777244,73.81794
166_1_5796_20240410153000,train_dev,166,1,2024-04-10 15:30:00,79,charge,71.0,71.880473151837,78.40286238777244,84.36784
166_1_5797_20240410212000,train_dev,166,1,2024-04-10 21:20:00,80,flight,71.0,71.85035581743567,78.5845520586606,74.44012
166_1_5813_20240415215000,train_dev,166,1,2024-04-15 21:50:00,80,charge,70.0,71.81143750409198,78.5845520586606,81.71424
166_1_5814_20240415232600,train_dev,166,1,2024-04-15 23:26:00,81,flight,70.0,71.76050653666987,79.22067788396271,74.31649
166_1_5818_20240416131500,train_dev,166,1,2024-04-16 13:15:00,81,charge,70.0,71.72915107590556,79.22067788396271,84.39968
166_1_5819_20240416152000,train_dev,166,1,2024-04-16 15:20:00,82,flight,70.0,71.6826611603813,79.29946660162258,74.75526
166_1_5820_20240416152000,train_dev,166,1,2024-04-16 15:20:00,82,charge,70.0,71.64964814860159,79.29946660162258,73.68476
166_1_5821_20240416172500,train_dev,166,1,2024-04-16 17:25:00,83,flight,70.0,71.59870307105514,79.36136407592238,84.371284
166_1_5822_20240416182300,train_dev,166,1,2024-04-16 18:23:00,83,charge,71.0,71.58958088006104,79.36136407592238,73.90642
166_1_5823_20240416201600,train_dev,166,1,2024-04-16 20:16:00,84,flight,71.0,71.57134780998022,79.42540108892736,84.4138
166_1_5829_20240416205500,train_dev,166,1,2024-04-16 20:55:00,84,charge,74.0,71.5921653469944,79.42540108892736,78.21169
166_1_5830_20240416220600,train_dev,166,1,2024-04-16 22:06:00,85,flight,74.0,71.66879789130876,79.39914244902532,79.03651
166_1_5836_20240420121000,train_dev,166,1,2024-04-20 12:10:00,85,charge,74.0,71.72668800889666,79.39914244902532,78.157394
166_1_5837_20240420201400,train_dev,166,1,2024-04-20 20:14:00,86,flight,75.0,71.91243621854507,79.30950688998783,83.60755
166_1_5838_20240420204000,train_dev,166,1,2024-04-20 20:40:00,86,charge,78.0,71.957168006205,79.30950688998783,74.99682
166_1_5842_20240421112900,train_dev,166,1,2024-04-21 11:29:00,86,other,78.0,72.09948312411916,79.30950688998783,84.37123
166_1_5843_20240421121500,train_dev,166,1,2024-04-21 12:15:00,86,charge,71.0,72.09226777948322,79.30950688998783,73.54346
166_1_5844_20240421132900,train_dev,166,1,2024-04-21 13:29:00,86,other,71.0,72.06699698406784,79.30950688998783,77.2446
166_1_5845_20240421142000,train_dev,166,1,2024-04-21 14:20:00,86,charge,71.0,72.04981686145798,79.30950688998783,83.39156
166_1_5848_20240422101000,train_dev,166,1,2024-04-22 10:10:00,86,charge,70.0,71.9997239926814,79.30950688998783,84.39656
166_1_5849_20240422104700,train_dev,166,1,2024-04-22 10:47:00,86,other,70.0,71.95353630283692,79.30950688998783,77.358086
166_1_5850_20240422112500,train_dev,166,1,2024-04-22 11:25:00,86,charge,68.0,71.92391522889314,79.30950688998783,82.316154
166_1_5851_20240422121400,train_dev,166,1,2024-04-22 12:14:00,86,other,68.0,71.82774805918369,79.30950688998783,73.22417
166_1_5852_20240422121500,train_dev,166,1,2024-04-22 12:15:00,86,charge,69.0,71.79905213500804,79.30950688998783,74.40872
166_1_5853_20240422185500,train_dev,166,1,2024-04-22 18:55:00,86,other,69.0,71.73112801648153,79.30950688998783,78.50091
166_1_5861_20240424150000,train_dev,166,1,2024-04-24 15:00:00,86,charge,69.0,71.67039443863986,79.30950688998783,84.03219
166_1_5862_20240424161500,train_dev,166,1,2024-04-24 16:15:00,86,other,69.0,71.61546609143397,79.30950688998783,79.04674
166_1_5863_20240424165500,train_dev,166,1,2024-04-24 16:55:00,86,charge,69.0,71.57309891605988,79.30950688998783,84.23539
166_1_5868_20240424181700,train_dev,166,1,2024-04-24 18:17:00,87,flight,69.0,71.52445156896567,79.1152702190965,83.02706
166_1_5869_20240424190000,train_dev,166,1,2024-04-24 19:00:00,87,charge,69.0,71.48993516542083,79.1152702190965,78.66969
166_1_5870_20240424195000,train_dev,166,1,2024-04-24 19:50:00,88,flight,69.0,71.44228085410496,78.98538610555146,78.13637
166_1_5871_20240424203000,train_dev,166,1,2024-04-24 20:30:00,88,charge,69.0,71.40373753566143,78.98538610555146,77.9212
166_1_5874_20240424221700,train_dev,166,1,2024-04-24 22:17:00,89,flight,69.0,71.35922898168847,78.87520694976544,73.9583
166_1_5875_20240424231000,train_dev,166,1,2024-04-24 23:10:00,89,charge,69.0,71.30474024384716,78.87520694976544,73.541016
166_1_5876_20240425105000,train_dev,166,1,2024-04-25 10:50:00,89,charge,70.0,71.27363295364661,78.87520694976544,78.784775
166_1_5877_20240425113000,train_dev,166,1,2024-04-25 11:30:00,89,other,70.0,71.2529349397668,78.87520694976544,73.48668
166_1_5878_20240425121000,train_dev,166,1,2024-04-25 12:10:00,89,charge,72.0,71.25815027468991,78.87520694976544,74.29227
166_1_5879_20240425141800,train_dev,166,1,2024-04-25 14:18:00,90,flight,72.0,71.27065577185942,78.47164688832277,79.47476
166_1_5880_20240425151500,train_dev,166,1,2024-04-25 15:15:00,90,charge,71.0,71.26826153385748,78.47164688832277,84.431465
166_1_5881_20240425184400,train_dev,166,1,2024-04-25 18:44:00,91,flight,71.0,71.26367613703033,78.33141294851492,81.46916
166_1_5882_20240425194500,train_dev,166,1,2024-04-25 19:45:00,91,charge,71.0,71.25390468773921,78.33141294851492,84.36069
166_1_5890_20240429221000,train_dev,166,1,2024-04-29 22:10:00,91,charge,71.0,71.24904989755525,78.33141294851492,84.39433
166_1_5891_20240429224500,train_dev,166,1,2024-04-29 22:45:00,91,other,71.0,71.24415298044799,78.33141294851492,78.19867
166_1_5899_20240501170000,train_dev,166,1,2024-05-01 17:00:00,91,charge,100.0,71.95452687131292,78.33141294851492,78.57948
166_1_5900_20240501192100,train_dev,166,1,2024-05-01 19:21:00,91,other,100.0,72.53546162407929,78.33141294851492,84.15585
166_1_5914_20240502144500,train_dev,166,1,2024-05-02 14:45:00,91,charge,100.0,73.13056328263089,78.33141294851492,82.78108
166_1_5915_20240502153800,train_dev,166,1,2024-05-02 15:38:00,92,flight,100.0,73.62781079939757,78.2478297533655,77.59519
166_1_5917_20240502162000,train_dev,166,1,2024-05-02 16:20:00,92,charge,98.0,73.82138499202816,78.2478297533655,73.93823
166_1_5907_20240502171300,train_dev,166,1,2024-05-02 17:13:00,93,flight,98.0,74.28291402887646,78.07740024224371,77.9022
166_1_5908_20240502180000,train_dev,166,1,2024-05-02 18:00:00,93,charge,97.0,74.51802061771005,78.07740024224371,83.9435
166_1_5912_20240502191000,train_dev,166,1,2024-05-02 19:10:00,94,flight,97.0,75.11152979147846,77.9322303003852,78.60261
166_1_5913_20240502200500,train_dev,166,1,2024-05-02 20:05:00,94,charge,97.0,75.61220273450384,77.9322303003852,83.65324
166_1_5909_20240503091500,train_dev,166,1,2024-05-03 09:15:00,94,charge,93.0,76.13180108880044,77.9322303003852,77.91218
166_1_5916_20240504120000,train_dev,166,1,2024-05-04 12:00:00,94,charge,93.0,76.48167290625167,77.9322303003852,81.68897
166_1_5918_20240504125900,train_dev,166,1,2024-05-04 12:59:00,95,flight,93.0,76.78699664101744,77.75762484127388,75.63724
166_1_5919_20240504133500,train_dev,166,1,2024-05-04 13:35:00,95,charge,93.0,77.07185551568597,77.75762484127388,74.96322
166_1_5920_20240504141900,train_dev,166,1,2024-05-04 14:19:00,96,flight,93.0,77.40890327414758,77.65162156668514,78.203445
166_1_5922_20240504160900,train_dev,166,1,2024-05-04 16:09:00,97,flight,93.0,77.74291966441156,77.44205509428394,84.2485
166_1_5923_20240504170500,train_dev,166,1,2024-05-04 17:05:00,97,charge,88.0,77.80252345141031,77.44205509428394,84.4289
166_1_5924_20240504181400,train_dev,166,1,2024-05-04 18:14:00,98,flight,88.0,77.98812469848015,77.34257616743258,77.91309
166_1_5925_20240504185500,train_dev,166,1,2024-05-04 18:55:00,98,charge,88.0,78.18351528953399,77.34257616743258,84.15472
166_1_5926_20240504195100,train_dev,166,1,2024-05-04 19:51:00,99,flight,88.0,78.40286238777244,77.23844013872326,81.75988
166_1_5927_20240504203000,train_dev,166,1,2024-05-04 20:30:00,99,charge,86.0,78.45724607852192,77.23844013872326,81.946014
166_1_5928_20240504212800,train_dev,166,1,2024-05-04 21:28:00,100,flight,86.0,78.5845520586606,76.98699239739729,80.7638
166_1_5976_20240504221000,train_dev,166,1,2024-05-04 22:10:00,100,charge,86.0,78.68881302184566,76.98699239739729,74.950516
166_1_5921_20240505025000,train_dev,166,1,2024-05-05 02:50:00,100,charge,93.0,78.93361382930244,76.98699239739729,73.74338
166_1_6001_20240507150000,train_dev,166,1,2024-05-07 15:00:00,100,charge,85.0,79.10822294550248,76.98699239739729,79.02009
166_1_6002_20240507162900,train_dev,166,1,2024-05-07 16:29:00,101,flight,85.0,79.22067788396271,76.87695599570704,79.48968
166_1_6003_20240507170000,train_dev,166,1,2024-05-07 17:00:00,101,charge,82.0,79.2371962886013,76.87695599570704,84.372406
166_1_5946_20240507185700,train_dev,166,1,2024-05-07 18:57:00,102,flight,82.0,79.29946660162258,76.75854421402437,84.411125
166_1_5947_20240507191000,train_dev,166,1,2024-05-07 19:10:00,102,charge,81.0,79.32602033281327,76.75854421402437,83.94674
166_1_5948_20240507204000,train_dev,166,1,2024-05-07 20:40:00,103,flight,81.0,79.36136407592238,76.56104465427859,83.17753
166_1_5949_20240507213300,train_dev,166,1,2024-05-07 21:33:00,103,charge,81.0,79.38554854612072,76.56104465427859,84.359955
166_1_5950_20240507231000,train_dev,166,1,2024-05-07 23:10:00,104,flight,81.0,79.42540108892736,76.40852751473209,73.82216
166_1_5951_20240508000000,train_dev,166,1,2024-05-08 00:00:00,104,charge,81.0,79.44754109757334,76.40852751473209,73.95337
166_1_5984_20240509191300,train_dev,166,1,2024-05-09 19:13:00,105,flight,77.0,79.39914244902532,76.32877769506477,78.569435
166_1_5986_20240509200000,train_dev,166,1,2024-05-09 20:00:00,105,charge,76.0,79.36433126313798,76.32877769506477,74.910805
166_1_5978_20240509205600,train_dev,166,1,2024-05-09 20:56:00,106,flight,76.0,79.30950688998783,76.02844106851613,79.01523
166_1_5982_20240509215000,train_dev,166,1,2024-05-09 21:50:00,106,charge,76.0,79.24029721624385,76.02844106851613,78.48509
166_1_5996_20240510111000,train_dev,166,1,2024-05-10 11:10:00,106,charge,76.0,79.16440745885107,76.02844106851613,84.13878
166_1_5997_20240510131000,train_dev,166,1,2024-05-10 13:10:00,107,flight,76.0,79.1152702190965,75.83895987341421,73.88278
166_1_5998_20240510154000,train_dev,166,1,2024-05-10 15:40:00,107,charge,76.0,79.04914005558959,75.83895987341421,74.131355
166_1_5999_20240510165300,train_dev,166,1,2024-05-10 16:53:00,108,flight,76.0,78.98538610555146,75.71377718667867,73.86972
166_1_6000_20240510174500,train_dev,166,1,2024-05-10 17:45:00,108,charge,75.0,78.9488363311417,75.71377718667867,77.61868
166_1_6004_20240510200600,train_dev,166,1,2024-05-10 20:06:00,109,flight,75.0,78.87520694976544,75.48681590009176,84.412964
166_1_6005_20240510224500,train_dev,166,1,2024-05-10 22:45:00,109,charge,75.0,78.8258171428616,75.48681590009176,77.900764
166_1_6045_20240512140000,train_dev,166,1,2024-05-12 14:00:00,109,charge,74.0,78.7352558418349,75.48681590009176,79.654465
166_1_6009_20240513134900,train_dev,166,1,2024-05-13 13:49:00,109,other,74.0,78.6460734204997,75.48681590009176,82.804665
166_1_6010_20240514101500,train_dev,166,1,2024-05-14 10:15:00,109,charge,74.0,78.55831238724416,75.48681590009176,78.44973
166_1_6011_20240514104800,train_dev,166,1,2024-05-14 10:48:00,110,flight,74.0,78.47164688832277,75.38206578231684,83.95549
166_1_6012_20240514114500,train_dev,166,1,2024-05-14 11:45:00,110,charge,73.0,78.41770128580019,75.38206578231684,83.071106
166_1_6023_20240514155100,train_dev,166,1,2024-05-14 15:51:00,111,flight,73.0,78.33141294851492,75.1943268333836,83.22741
166_1_6040_20240514155100,train_dev,166,1,2024-05-14 15:51:00,112,flight,73.0,78.2478297533655,75.1320561793176,73.8326
166_1_6024_20240514163000,train_dev,166,1,2024-05-14 16:30:00,112,charge,73.0,78.17511289746365,75.1320561793176,74.22386
166_1_6025_20240514184800,train_dev,166,1,2024-05-14 18:48:00,113,flight,73.0,78.07740024224371,75.04268567337363,84.38451
166_1_6026_20240514192700,train_dev,166,1,2024-05-14 19:27:00,113,charge,72.0,78.0199439785253,75.04268567337363,79.40003
166_1_6027_20240514203400,train_dev,166,1,2024-05-14 20:34:00,114,flight,72.0,77.9322303003852,74.97372582710523,77.88572
166_1_6028_20240514212000,train_dev,166,1,2024-05-14 21:20:00,114,charge,72.0,77.86278571802528,74.97372582710523,81.36124
166_1_6029_20240514223600,train_dev,166,1,2024-05-14 22:36:00,115,flight,72.0,77.75762484127388,74.54958680899661,74.01912
166_1_6030_20240514231500,train_dev,166,1,2024-05-14 23:15:00,115,charge,73.0,77.71707084753771,74.54958680899661,74.78545
166_1_6031_20240515000900,train_dev,166,1,2024-05-15 00:09:00,116,flight,73.0,77.65162156668514,74.46876210067714,73.509964
166_1_6032_20240515005000,train_dev,166,1,2024-05-15 00:50:00,116,charge,73.0,77.5752687371515,74.46876210067714,74.51968
166_1_6037_20240515104500,train_dev,166,1,2024-05-15 10:45:00,116,charge,73.0,77.49831867814996,74.46876210067714,74.20786
166_1_6038_20240515113000,train_dev,166,1,2024-05-15 11:30:00,117,flight,73.0,77.44205509428394,74.3147647921227,78.44419
166_1_6039_20240515115500,train_dev,166,1,2024-05-15 11:55:00,117,charge,73.0,77.40321502149651,74.3147647921227,77.98952
166_1_6042_20240515161800,train_dev,166,1,2024-05-15 16:18:00,118,flight,73.0,77.34257616743258,74.25984718346564,83.75305
166_1_6041_20240515180500,train_dev,166,1,2024-05-15 18:05:00,118,charge,73.0,77.29593731074644,74.25984718346564,73.74944
166_1_6043_20240515180600,train_dev,166,1,2024-05-15 18:06:00,119,flight,73.0,77.23844013872326,74.23952451391565,75.140396
166_1_6044_20240515185000,train_dev,166,1,2024-05-15 18:50:00,119,charge,73.0,77.1074829841983,74.23952451391565,78.74199
166_1_6046_20240516131000,train_dev,166,1,2024-05-16 13:10:00,119,charge,73.0,77.05094286197995,74.23952451391565,82.21557
166_1_6047_20240516135400,train_dev,166,1,2024-05-16 13:54:00,120,flight,73.0,76.98699239739729,74.21579209438315,74.69808
166_1_6048_20240516143500,train_dev,166,1,2024-05-16 14:35:00,120,charge,73.0,76.92341024226657,74.21579209438315,73.12825
166_1_6055_20240516160700,train_dev,166,1,2024-05-16 16:07:00,121,flight,73.0,76.87695599570704,74.1822326726045,73.26833
166_1_6056_20240516170000,train_dev,166,1,2024-05-16 17:00:00,121,charge,72.0,76.83892894565362,74.1822326726045,73.37607
166_1_6057_20240516175300,train_dev,166,1,2024-05-16 17:53:00,122,flight,72.0,76.75854421402437,74.08045023033888,73.28626
166_1_6058_20240516183800,train_dev,166,1,2024-05-16 18:38:00,122,charge,72.0,76.70869587094697,74.08045023033888,73.32475
166_1_6060_20240516221100,train_dev,166,1,2024-05-16 22:11:00,122,charge,73.0,76.62183904341937,74.08045023033888,73.46346
166_1_6061_20240516230200,train_dev,166,1,2024-05-16 23:02:00,123,flight,73.0,76.56104465427859,74.03374978455169,73.44352
166_1_6062_20240516235000,train_dev,166,1,2024-05-16 23:50:00,123,charge,73.0,76.5025816307279,74.03374978455169,73.47994
166_1_6079_20240517100000,train_dev,166,1,2024-05-17 10:00:00,123,charge,73.0,76.45137155512934,74.03374978455169,73.51772
166_1_6080_20240517102300,train_dev,166,1,2024-05-17 10:23:00,124,flight,73.0,76.40852751473209,73.90758628130585,73.5042
166_1_6081_20240517105500,train_dev,166,1,2024-05-17 10:55:00,124,charge,72.0,76.38305351092065,73.90758628130585,73.49851
166_1_6082_20240517120600,train_dev,166,1,2024-05-17 12:06:00,125,flight,72.0,76.32877769506477,73.76363487754513,73.21649
166_1_6083_20240517124000,train_dev,166,1,2024-05-17 12:40:00,125,charge,72.0,76.1888487813368,73.76363487754513,73.201775
166_1_6084_20240517133000,train_dev,166,1,2024-05-17 13:30:00,125,charge,72.0,76.14584604710463,73.76363487754513,73.05295
166_1_6088_20240518200500,train_dev,166,1,2024-05-18 20:05:00,125,charge,72.0,76.09108047327183,73.76363487754513,72.9553
166_1_6089_20240518210900,train_dev,166,1,2024-05-18 21:09:00,126,flight,72.0,76.02844106851613,73.70758008119802,72.76664
166_1_6112_20240521093000,train_dev,166,1,2024-05-21 09:30:00,126,charge,71.0,75.90995289713466,73.70758008119802,72.81175
166_1_6113_20240521101800,train_dev,166,1,2024-05-21 10:18:00,127,flight,71.0,75.83895987341421,73.62479170899178,72.799934
166_1_6114_20240521110000,train_dev,166,1,2024-05-21 11:00:00,127,charge,71.0,75.7850859885656,73.62479170899178,72.77118
166_1_6116_20240521125300,train_dev,166,1,2024-05-21 12:53:00,128,flight,71.0,75.71377718667867,73.5636528449433,72.802505
166_1_6117_20240521135000,train_dev,166,1,2024-05-21 13:50:00,128,charge,70.0,75.66449091123592,73.5636528449433,72.81262
166_1_6144_20240522090000,train_dev,166,1,2024-05-22 09:00:00,128,charge,70.0,75.573116156554,73.5636528449433,72.852516
166_1_6145_20240522093700,train_dev,166,1,2024-05-22 09:37:00,129,flight,70.0,75.48681590009176,73.4711795251108,72.82628
166_1_6146_20240522101900,train_dev,166,1,2024-05-22 10:19:00,129,charge,71.0,75.44899670269247,73.4711795251108,72.89202
166_1_6157_20240522114200,train_dev,166,1,2024-05-22 11:42:00,130,flight,71.0,75.38206578231684,73.35951020308946,72.85496
166_1_6158_20240522122000,train_dev,166,1,2024-05-22 12:20:00,130,charge,71.0,75.32748766940016,73.35951020308946,72.800644
166_1_6163_20240523093000,train_dev,166,1,2024-05-23 09:30:00,130,charge,71.0,75.25538057242305,73.35951020308946,72.93318
166_1_6164_20240523101000,train_dev,166,1,2024-05-23 10:10:00,131,flight,71.0,75.1943268333836,73.24783136229019,72.838326
166_1_6165_20240523104500,train_dev,166,1,2024-05-23 10:45:00,131,charge,72.0,75.1719841872666,73.24783136229019,72.80377
166_1_6166_20240523114700,train_dev,166,1,2024-05-23 11:47:00,132,flight,72.0,75.1320561793176,73.12903114786906,72.78013
166_1_6167_20240523123500,train_dev,166,1,2024-05-23 12:35:00,132,charge,71.0,75.10130131091708,73.12903114786906,72.781906
166_1_6168_20240523133700,train_dev,166,1,2024-05-23 13:37:00,133,flight,71.0,75.04268567337363,73.02774070507623,72.77847
166_1_6169_20240523143500,train_dev,166,1,2024-05-23 14:35:00,133,charge,72.0,75.01792226614178,73.02774070507623,72.72332
166_1_6172_20240523152900,train_dev,166,1,2024-05-23 15:29:00,134,flight,72.0,74.97372582710523,72.96642116883937,72.74782
166_1_6173_20240523163000,train_dev,166,1,2024-05-23 16:30:00,134,charge,72.0,74.9253546375903,72.96642116883937,72.72221
166_1_6174_20240523165500,train_dev,166,1,2024-05-23 16:55:00,134,charge,72.0,74.82707499599375,72.96642116883937,72.83108
166_1_6175_20240523172000,train_dev,166,1,2024-05-23 17:20:00,134,charge,72.0,74.702636772365,72.96642116883937,72.78143
166_1_6176_20240523172000,train_dev,166,1,2024-05-23 17:20:00,134,charge,72.0,74.59195047885618,72.96642116883937,72.725395
166_1_6177_20240523175000,train_dev,166,1,2024-05-23 17:50:00,135,flight,72.0,74.54958680899661,72.921108139243,72.38866
166_1_6178_20240523180000,train_dev,166,1,2024-05-23 18:00:00,135,charge,72.0,74.51163430114627,72.921108139243,72.29274
166_1_6179_20240523183000,train_dev,166,1,2024-05-23 18:30:00,136,flight,72.0,74.46876210067714,72.84155120023638,72.23249
166_1_6180_20240523190000,train_dev,166,1,2024-05-23 19:00:00,136,charge,72.0,74.40837869617467,72.84155120023638,72.18228
166_1_6181_20240523193000,train_dev,166,1,2024-05-23 19:30:00,136,charge,72.0,74.36875144711681,72.84155120023638,72.27904
166_1_6185_20240524084500,train_dev,166,1,2024-05-24 08:45:00,136,charge,72.0,74.33930017459666,72.84155120023638,72.25452
166_1_6186_20240524091900,train_dev,166,1,2024-05-24 09:19:00,137,flight,72.0,74.3147647921227,72.6406184796445,72.24514
166_1_6187_20240524100000,train_dev,166,1,2024-05-24 10:00:00,137,charge,72.0,74.28428025958577,72.6406184796445,72.373184
166_1_6188_20240524103100,train_dev,166,1,2024-05-24 10:31:00,138,flight,72.0,74.25984718346564,72.57739420034487,72.20956
166_1_6190_20240524121100,train_dev,166,1,2024-05-24 12:11:00,139,flight,72.0,74.23952451391565,72.55099384949169,72.06212
166_1_6193_20240524135600,train_dev,166,1,2024-05-24 13:56:00,140,flight,72.0,74.21579209438315,72.52546249334856,71.873085
166_1_6249_20240524155500,train_dev,166,1,2024-05-24 15:55:00,141,flight,72.0,74.1822326726045,72.51758804474866,71.66327
166_1_6189_20240524161200,final_test,166,1,2024-05-24 16:12:00,141,charge,72.0,74.16345329942439,72.51758804474866,71.752266
166_1_6192_20240524162100,final_test,166,1,2024-05-24 16:21:00,141,charge,72.0,74.14566836921036,72.51758804474866,71.8579
166_1_6194_20240524162500,final_test,166,1,2024-05-24 16:25:00,141,charge,72.0,74.12864056775209,72.51758804474866,71.81989
166_1_6250_20240524163500,final_test,166,1,2024-05-24 16:35:00,141,charge,72.0,74.10801497442195,72.51758804474866,71.734634
166_1_6251_20240524175100,final_test,166,1,2024-05-24 17:51:00,142,flight,72.0,74.08045023033888,72.48459561433121,71.65338
166_1_6252_20240524183500,final_test,166,1,2024-05-24 18:35:00,142,charge,72.0,74.06031608531237,72.48459561433121,71.6656
166_1_6253_20240524193700,final_test,166,1,2024-05-24 19:37:00,143,flight,72.0,74.03374978455169,72.42364657367709,71.71895
166_1_6254_20240524203000,final_test,166,1,2024-05-24 20:30:00,143,charge,72.0,74.01664723272066,72.42364657367709,71.786606
166_1_6191_20240525005000,final_test,166,1,2024-05-25 00:50:00,143,charge,72.0,74.00073193496223,72.42364657367709,71.975746
166_1_6207_20240528203000,final_test,166,1,2024-05-28 20:30:00,143,charge,71.0,73.94193645804417,72.42364657367709,72.02264
166_1_6208_20240528211800,final_test,166,1,2024-05-28 21:18:00,144,flight,71.0,73.90758628130585,72.1892977284429,71.97445
166_1_6209_20240528214700,final_test,166,1,2024-05-28 21:47:00,144,charge,71.0,73.82726338816123,72.1892977284429,71.945854
166_1_6214_20240529120500,final_test,166,1,2024-05-29 12:05:00,144,charge,71.0,73.7965245465232,72.1892977284429,71.934494
166_1_6221_20240529124800,final_test,166,1,2024-05-29 12:48:00,145,flight,71.0,73.76363487754513,72.06954014994078,71.9656
166_1_6222_20240529133000,final_test,166,1,2024-05-29 13:30:00,145,charge,71.0,73.73809359897511,72.06954014994078,72.020294
166_1_6223_20240529142500,final_test,166,1,2024-05-29 14:25:00,146,flight,71.0,73.70758008119802,71.93686793308491,71.81631
166_1_6224_20240529152000,final_test,166,1,2024-05-29 15:20:00,146,charge,71.0,73.68254513275647,71.93686793308491,71.96917
166_1_6225_20240529154000,final_test,166,1,2024-05-29 15:40:00,146,charge,72.0,73.64685649732961,71.93686793308491,72.152405
166_1_6226_20240529162100,final_test,166,1,2024-05-29 16:21:00,147,flight,72.0,73.62479170899178,71.88888485943818,72.13786
166_1_6227_20240529170500,final_test,166,1,2024-05-29 17:05:00,147,charge,70.0,73.60766452750246,71.88888485943818,72.23146
166_1_6217_20240529181400,final_test,166,1,2024-05-29 18:14:00,148,flight,70.0,73.5636528449433,71.87477491417987,72.08884
166_1_6218_20240529190000,final_test,166,1,2024-05-29 19:00:00,148,charge,70.0,73.51237370466775,71.87477491417987,71.959915
166_1_6229_20240529212600,final_test,166,1,2024-05-29 21:26:00,149,flight,70.0,73.4711795251108,71.84039702002225,71.83372
166_1_6231_20240530112500,final_test,166,1,2024-05-30 11:25:00,149,charge,69.0,73.4048522925888,71.84039702002225,71.894646
166_1_6232_20240530120500,final_test,166,1,2024-05-30 12:05:00,150,flight,69.0,73.35951020308946,71.88287195177745,71.94428
166_1_6233_20240530125000,final_test,166,1,2024-05-30 12:50:00,150,charge,69.0,73.2996138156396,71.88287195177745,71.862495
166_1_6234_20240530140500,final_test,166,1,2024-05-30 14:05:00,151,flight,69.0,73.24783136229019,71.74407406781953,71.79761
166_1_6235_20240530144700,final_test,166,1,2024-05-30 14:47:00,151,charge,69.0,73.21389042586782,71.74407406781953,71.77814
166_1_6230_20240530220500,final_test,166,1,2024-05-30 22:05:00,151,charge,70.0,73.18487148634968,71.74407406781953,71.806046
166_1_6241_20240531154600,final_test,166,1,2024-05-31 15:46:00,152,flight,69.0,73.12903114786906,71.37878334300427,71.525085
166_1_6242_20240531170500,final_test,166,1,2024-05-31 17:05:00,152,charge,69.0,73.07830631377134,71.37878334300427,71.50795
166_1_6243_20240531171600,final_test,166,1,2024-05-31 17:16:00,153,flight,69.0,73.02774070507623,71.26202634512886,71.63161
166_1_6244_20240531180000,final_test,166,1,2024-05-31 18:00:00,153,charge,70.0,73.00351709471546,71.26202634512886,71.64862
166_1_6245_20240531190800,final_test,166,1,2024-05-31 19:08:00,154,flight,70.0,72.96642116883937,71.16949240917661,71.63797
166_1_6246_20240531200000,final_test,166,1,2024-05-31 20:00:00,154,charge,71.0,72.95055786452849,71.16949240917661,71.72879
166_1_6247_20240531211400,final_test,166,1,2024-05-31 21:14:00,155,flight,71.0,72.921108139243,71.20063797533051,71.62626
166_1_6248_20240531220000,final_test,166,1,2024-05-31 22:00:00,155,charge,69.0,72.89476626661795,71.20063797533051,71.696724
166_1_6238_20240601154600,final_test,166,1,2024-06-01 15:46:00,156,flight,69.0,72.84155120023638,71.24875837872322,71.527405
166_1_6239_20240601164000,final_test,166,1,2024-06-01 16:40:00,156,charge,69.0,72.79945260212561,71.24875837872322,71.49662
166_1_6260_20240603064500,final_test,166,1,2024-06-03 06:45:00,156,charge,68.0,72.77016946601587,71.24875837872322,71.46781
166_1_6265_20240603095500,final_test,166,1,2024-06-03 09:55:00,156,charge,72.0,72.76312945109301,71.24875837872322,71.545654
166_1_6258_20240603170500,final_test,166,1,2024-06-03 17:05:00,156,charge,70.0,72.70653120193484,71.24875837872322,71.6134
166_1_6259_20240603175100,final_test,166,1,2024-06-03 17:51:00,157,flight,70.0,72.6406184796445,70.83236562182523,71.54902
166_1_6261_20240603192900,final_test,166,1,2024-06-03 19:29:00,158,flight,68.0,72.57739420034487,68.77743739973295,71.57478
166_1_6263_20240603212000,final_test,166,1,2024-06-03 21:20:00,159,flight,71.0,72.55099384949169,66.53516229753825,71.6
166_1_6264_20240603212000,final_test,166,1,2024-06-03 21:20:00,160,flight,71.0,72.52546249334856,65.7585916566614,71.52209
166_1_6266_20240603224200,final_test,166,1,2024-06-03 22:42:00,161,flight,72.0,72.51758804474866,65.17612263987925,71.42155
166_1_6267_20240603231900,final_test,166,1,2024-06-03 23:19:00,161,charge,72.0,72.50313850971084,65.17612263987925,71.522125
166_1_6262_20240604082000,final_test,166,1,2024-06-04 08:20:00,161,charge,71.0,72.49620630257547,65.17612263987925,71.64463
166_1_6269_20240604121500,final_test,166,1,2024-06-04 12:15:00,161,charge,72.0,72.48979669387239,65.17612263987925,71.85789
166_1_6270_20240604131400,final_test,166,1,2024-06-04 13:14:00,162,flight,72.0,72.48459561433121,63.53299814312631,71.780785
166_1_6271_20240604135500,final_test,166,1,2024-06-04 13:55:00,162,charge,72.0,72.47695353141656,63.53299814312631,71.80453
166_1_6275_20240605083500,final_test,166,1,2024-06-05 08:35:00,162,charge,71.0,72.44292388307248,63.53299814312631,71.86155
166_1_6276_20240605090900,final_test,166,1,2024-06-05 09:09:00,163,flight,71.0,72.42364657367709,63.29073678353929,71.831184
166_1_6277_20240605124000,final_test,166,1,2024-06-05 12:40:00,163,charge,70.0,72.40679908464851,63.29073678353929,71.76759
166_1_6279_20240605163000,final_test,166,1,2024-06-05 16:30:00,163,charge,69.0,72.35414040154167,63.29073678353929,71.81205
166_1_6280_20240605170500,final_test,166,1,2024-06-05 17:05:00,163,charge,70.0,72.26375517226279,63.29073678353929,71.69267
166_1_6281_20240605171500,final_test,166,1,2024-06-05 17:15:00,163,charge,70.0,72.21246010693032,63.29073678353929,71.77601
166_1_6282_20240605174700,final_test,166,1,2024-06-05 17:47:00,164,flight,70.0,72.1892977284429,62.51859075891806,71.76398
166_1_6283_20240605182500,final_test,166,1,2024-06-05 18:25:00,164,charge,69.0,72.16028271633809,62.51859075891806,71.72018
166_1_6343_20240606143000,final_test,166,1,2024-06-06 14:30:00,164,charge,69.0,72.11616438190633,62.51859075891806,71.725525
166_1_6344_20240606152800,final_test,166,1,2024-06-06 15:28:00,165,flight,69.0,72.06954014994078,62.14460920224191,71.443375
166_1_6345_20240606163000,final_test,166,1,2024-06-06 16:30:00,165,charge,69.0,72.02449541656921,62.14460920224191,71.40416
166_1_6347_20240607083500,final_test,166,1,2024-06-07 08:35:00,165,charge,69.0,71.96838554998372,62.14460920224191,71.369835
166_1_6348_20240607100500,final_test,166,1,2024-06-07 10:05:00,165,charge,70.0,71.95676351470306,62.14460920224191,71.32741
166_1_6349_20240607105900,final_test,166,1,2024-06-07 10:59:00,166,flight,70.0,71.93686793308491,60.884796936072256,71.23565
166_1_6350_20240608083000,final_test,166,1,2024-06-08 08:30:00,166,other,70.0,71.9090937731076,60.884796936072256,71.26605
166_1_6351_20240608090700,final_test,166,1,2024-06-08 09:07:00,167,flight,70.0,71.88888485943818,59.6813393910713,71.22063
166_1_6352_20240608101000,final_test,166,1,2024-06-08 10:10:00,167,charge,71.0,71.88406599191339,59.6813393910713,71.20787
166_1_6353_20240608105400,final_test,166,1,2024-06-08 10:54:00,168,flight,71.0,71.87477491417987,57.54232883832993,71.022415
166_1_6354_20240608120000,final_test,166,1,2024-06-08 12:00:00,168,charge,71.0,71.86421874422905,57.54232883832993,71.07119
166_1_6358_20240610140500,final_test,166,1,2024-06-10 14:05:00,168,charge,71.0,71.84970299203151,57.54232883832993,71.054924
166_1_6359_20240610152700,final_test,166,1,2024-06-10 15:27:00,169,flight,71.0,71.84039702002225,55.17311285436553,70.97849
166_1_6361_20240610153500,final_test,166,1,2024-06-10 15:35:00,169,charge,71.0,71.8329251310085,55.17311285436553,70.94611
166_1_6363_20240610190000,final_test,166,1,2024-06-10 19:00:00,169,charge,92.0,71.91787137332788,55.17311285436553,71.20875
166_2_4575_20230516110000,train_dev,166,2,2023-05-16 11:00:00,0,charge,100.0,99.72057197200591,96.83630480662526,
166_2_4576_20230516124400,train_dev,166,2,2023-05-16 12:44:00,0,other,100.0,99.8766842809231,96.83630480662526,
166_2_4577_20230516130000,train_dev,166,2,2023-05-16 13:00:00,0,charge,97.0,99.56395565441636,96.83630480662526,
166_2_4578_20230516143500,train_dev,166,2,2023-05-16 14:35:00,0,other,97.0,98.59250592339232,96.83630480662526,
166_2_4579_20230516150000,train_dev,166,2,2023-05-16 15:00:00,0,charge,97.0,98.32486018423673,96.83630480662526,
166_2_4580_20230516191100,train_dev,166,2,2023-05-16 19:11:00,0,other,97.0,98.02418167918404,96.83630480662526,
166_2_4581_20230516200000,train_dev,166,2,2023-05-16 20:00:00,0,charge,97.0,97.90917823428052,96.83630480662526,
166_2_4582_20230516211900,train_dev,166,2,2023-05-16 21:19:00,0,other,97.0,97.7402936177434,96.83630480662526,
166_2_4583_20230516220000,train_dev,166,2,2023-05-16 22:00:00,0,charge,97.0,97.66505421102008,96.83630480662526,
166_2_4584_20230517113000,train_dev,166,2,2023-05-17 11:30:00,0,charge,96.0,97.53310781252848,96.83630480662526,
166_2_4585_20230517132000,train_dev,166,2,2023-05-17 13:20:00,0,other,96.0,97.38294064257212,96.83630480662526,
166_2_4586_20230517140000,train_dev,166,2,2023-05-17 14:00:00,0,charge,96.0,97.32433097174786,96.83630480662526,
166_2_4587_20230517150700,train_dev,166,2,2023-05-17 15:07:00,0,other,95.0,97.12339576844371,96.83630480662526,
166_2_4589_20230517160000,train_dev,166,2,2023-05-17 16:00:00,0,charge,95.0,97.06156770562998,96.83630480662526,
166_2_4590_20230517164700,train_dev,166,2,2023-05-17 16:47:00,0,other,97.0,97.05525055745558,96.83630480662526,
166_2_4591_20230517180000,train_dev,166,2,2023-05-17 18:00:00,0,charge,97.0,97.05328864538804,96.83630480662526,
166_2_4592_20230517181800,train_dev,166,2,2023-05-17 18:18:00,0,other,98.0,97.13013175808663,96.83630480662526,
166_2_4593_20230517200000,train_dev,166,2,2023-05-17 20:00:00,0,charge,98.0,97.15311233428504,96.83630480662526,
166_2_4594_20230517200100,train_dev,166,2,2023-05-17 20:01:00,0,other,97.0,97.1437746264334,96.83630480662526,
166_2_4595_20230517220000,train_dev,166,2,2023-05-17 22:00:00,0,charge,97.0,97.1245245737392,96.83630480662526,74.51516
166_2_4574_20230519120400,train_dev,166,2,2023-05-19 12:04:00,0,charge,97.0,97.11995128447526,96.83630480662526,74.14739
166_2_4588_20230519160000,train_dev,166,2,2023-05-19 16:00:00,0,charge,95.0,97.08150745847804,96.83630480662526,82.81647
166_2_4615_20230531141000,train_dev,166,2,2023-05-31 14:10:00,0,other,97.0,97.05172219913246,96.83630480662526,84.38499
166_2_4614_20230531150000,train_dev,166,2,2023-05-31 15:00:00,0,charge,97.0,97.04718464693563,96.83630480662526,74.47508
166_2_4611_20230531173300,train_dev,166,2,2023-05-31 17:33:00,0,other,96.0,96.99978335928326,96.83630480662526,73.61113
166_2_4612_20230531182100,train_dev,166,2,2023-05-31 18:21:00,0,other,96.0,96.91947344611737,96.83630480662526,80.37283
166_2_4613_20230531190000,train_dev,166,2,2023-05-31 19:00:00,0,charge,96.0,96.89060301350848,96.83630480662526,76.3222
166_2_4620_20230603101100,train_dev,166,2,2023-06-03 10:11:00,1,flight,97.0,96.8950207879924,96.85013059475918,84.35514
166_2_4621_20230603110000,train_dev,166,2,2023-06-03 11:00:00,1,charge,97.0,96.89741799747098,96.85013059475918,84.372345
166_2_4622_20230604102500,train_dev,166,2,2023-06-04 10:25:00,2,flight,97.0,96.9009718340842,96.86048107296553,78.831764
166_2_4633_20230609143700,train_dev,166,2,2023-06-09 14:37:00,3,flight,97.0,96.90433225433156,96.86797088166628,73.90479
166_2_4634_20230609154500,train_dev,166,2,2023-06-09 15:45:00,3,charge,97.0,96.90635256396426,96.86797088166628,78.36686
166_2_4635_20230609165000,train_dev,166,2,2023-06-09 16:50:00,3,charge,97.0,96.90917395968135,96.86797088166628,84.43199
166_2_4636_20230611101200,train_dev,166,2,2023-06-11 10:12:00,4,flight,97.0,96.9130523333165,96.82187599540188,84.24551
166_2_4639_20230611105000,train_dev,166,2,2023-06-11 10:50:00,4,charge,97.0,96.91601028352768,96.82187599540188,82.65724
166_2_4640_20230611111500,train_dev,166,2,2023-06-11 11:15:00,4,charge,97.0,96.919561975379,96.82187599540188,83.92587
166_2_4669_20230621103800,train_dev,166,2,2023-06-21 10:38:00,5,flight,97.0,96.92342252736296,96.79434855866374,84.218
166_2_4670_20230621105500,train_dev,166,2,2023-06-21 10:55:00,5,charge,97.0,96.9255411595544,96.79434855866374,74.61021
166_2_4714_20230705094900,train_dev,166,2,2023-07-05 09:49:00,5,charge,97.0,96.9272714506037,96.79434855866374,74.17232
166_2_4760_20230705104500,train_dev,166,2,2023-07-05 10:45:00,5,charge,97.0,96.93086683325676,96.79434855866374,84.03476
166_2_4759_20230711095600,train_dev,166,2,2023-07-11 09:56:00,5,charge,97.0,96.93242944956536,96.79434855866374,76.07593
166_2_4761_20230711104500,train_dev,166,2,2023-07-11 10:45:00,5,charge,97.0,96.93592998586696,96.79434855866374,74.967926
166_2_4764_20230719210800,train_dev,166,2,2023-07-19 21:08:00,5,other,97.0,96.9437554532696,96.79434855866374,74.56872
166_2_4765_20230719223000,train_dev,166,2,2023-07-19 22:30:00,5,charge,97.0,96.9485960082531,96.79434855866374,78.29124
166_2_4766_20230720095400,train_dev,166,2,2023-07-20 09:54:00,6,flight,97.0,96.95056447832206,96.72433963592616,79.03304
166_2_4767_20230720104500,train_dev,166,2,2023-07-20 10:45:00,6,charge,96.0,96.9329466783151,96.72433963592616,84.404564
166_2_4770_20230722060000,train_dev,166,2,2023-07-22 06:00:00,6,charge,97.0,96.93498252948817,96.72433963592616,76.08054
166_2_4780_20230722100000,train_dev,166,2,2023-07-22 10:00:00,7,flight,96.0,96.88375438760002,96.6668091815728,73.86218
166_2_4783_20230730100100,train_dev,166,2,2023-07-30 10:01:00,8,flight,97.0,96.88592796512582,96.51937282214377,78.06637
166_2_4784_20230730110000,train_dev,166,2,2023-07-30 11:00:00,8,charge,97.0,96.89160769894094,96.51937282214377,83.95066
166_2_4785_20230801101000,train_dev,166,2,2023-08-01 10:10:00,9,flight,97.0,96.89344176107032,96.3281325596541,82.52606
166_2_4786_20230801112200,train_dev,166,2,2023-08-01 11:22:00,9,charge,97.0,96.89862055598545,96.3281325596541,78.33628
166_2_4790_20230802105500,train_dev,166,2,2023-08-02 10:55:00,10,flight,97.0,96.90270179268524,96.18787861222069,82.295166
166_2_4791_20230803024500,train_dev,166,2,2023-08-03 02:45:00,10,charge,98.0,96.93584763969751,96.18787861222069,74.11402
166_2_4792_20230803102600,train_dev,166,2,2023-08-03 10:26:00,11,flight,98.0,96.9535750509227,96.03964975170634,80.24993
166_2_4793_20230803105000,train_dev,166,2,2023-08-03 10:50:00,11,charge,98.0,97.00005616210775,96.03964975170634,73.81231
166_2_4795_20230804101000,train_dev,166,2,2023-08-04 10:10:00,12,flight,98.0,97.0157030390091,95.88508704870998,84.34296
166_2_4796_20230804111000,train_dev,166,2,2023-08-04 11:10:00,12,charge,97.0,97.01538940050617,95.88508704870998,84.27392
166_2_4802_20230806101000,train_dev,166,2,2023-08-06 10:10:00,13,flight,97.0,97.0147026911861,95.72296313992264,74.36113
166_2_4803_20230806111000,train_dev,166,2,2023-08-06 11:10:00,13,charge,97.0,97.0143319746603,95.72296313992264,78.75052
166_2_4842_20230822102500,train_dev,166,2,2023-08-22 10:25:00,14,flight,98.0,97.06495251561978,95.56819129670706,73.39042
166_2_4845_20230822102500,train_dev,166,2,2023-08-22 10:25:00,15,flight,98.0,97.11062772239548,95.3965766707924,73.68474
166_2_4843_20230822113000,train_dev,166,2,2023-08-22 11:30:00,15,charge,97.0,97.10805748744876,95.3965766707924,77.76264
166_2_4850_20230827103200,train_dev,166,2,2023-08-27 10:32:00,16,flight,97.0,97.10352960804624,95.33348195987097,84.36345
166_2_4851_20230827113000,train_dev,166,2,2023-08-27 11:30:00,16,charge,97.0,97.1004104808196,95.33348195987097,77.97637
166_2_4853_20230828104500,train_dev,166,2,2023-08-28 10:45:00,17,flight,97.0,97.0955363993376,95.28778299711531,74.56709
166_2_4854_20230828204500,train_dev,166,2,2023-08-28 20:45:00,17,charge,97.0,97.0933000121716,95.28778299711531,75.164925
166_2_4857_20230831103200,train_dev,166,2,2023-08-31 10:32:00,18,flight,98.0,97.12794142557333,95.22353160764982,77.7476
166_2_4858_20230831113000,train_dev,166,2,2023-08-31 11:30:00,18,charge,96.0,97.11125311819798,95.22353160764982,74.31817
166_2_4860_20230904110000,train_dev,166,2,2023-09-04 11:00:00,19,flight,94.0,96.90475225476028,95.10679631609268,74.15085
166_2_4861_20230904114500,train_dev,166,2,2023-09-04 11:45:00,19,charge,96.0,96.8873860962868,95.10679631609268,83.802055
166_2_4862_20230906104500,train_dev,166,2,2023-09-06 10:45:00,20,flight,96.0,96.83630480662526,94.98695213492738,79.3074
166_2_4863_20230906112000,train_dev,166,2,2023-09-06 11:20:00,20,charge,97.0,96.84029127841444,94.98695213492738,84.1736
166_2_4868_20230911105900,train_dev,166,2,2023-09-11 10:59:00,21,flight,97.0,96.85013059475918,94.8405341615549,84.348564
166_2_4869_20230911174400,train_dev,166,2,2023-09-11 17:44:00,21,charge,97.0,96.85443290712315,94.8405341615549,73.79428
166_2_4871_20230913105300,train_dev,166,2,2023-09-13 10:53:00,22,flight,97.0,96.86048107296553,94.68783953245917,76.724045
166_2_4872_20230913114500,train_dev,166,2,2023-09-13 11:45:00,22,charge,97.0,96.86424041360402,94.68783953245917,75.058075
166_2_4901_20230914105900,train_dev,166,2,2023-09-14 10:59:00,23,flight,97.0,96.86797088166628,94.51502317551076,83.60755
166_2_4902_20230914114500,train_dev,166,2,2023-09-14 11:45:00,23,charge,96.0,96.85137972803192,94.51502317551076,82.87155
166_2_4903_20230915121700,train_dev,166,2,2023-09-15 12:17:00,24,flight,96.0,96.82187599540188,93.9211085137446,78.55792
166_2_4904_20230915121700,train_dev,166,2,2023-09-15 12:17:00,25,flight,96.0,96.79434855866374,93.7438258417628,74.5122
166_2_4908_20230918145500,train_dev,166,2,2023-09-18 14:55:00,26,flight,95.0,96.72433963592616,93.52438088370585,78.99953
166_2_4906_20230919112600,train_dev,166,2,2023-09-19 11:26:00,27,flight,95.0,96.6668091815728,93.26555122968853,84.35721
166_2_4907_20230919114500,train_dev,166,2,2023-09-19 11:45:00,27,charge,94.0,96.61972105506854,93.26555122968853,84.37478
166_2_4909_20230921105000,train_dev,166,2,2023-09-21 10:50:00,28,flight,94.0,96.51937282214377,92.67278080875828,77.35976
166_2_4914_20230921120000,train_dev,166,2,2023-09-21 12:00:00,28,charge,93.0,96.45903850650562,92.67278080875828,77.652084
166_2_4915_20230922104700,train_dev,166,2,2023-09-22 10:47:00,29,flight,93.0,96.3281325596541,92.25714594554267,80.85005
166_2_4916_20230922113500,train_dev,166,2,2023-09-22 11:35:00,29,charge,94.0,96.28848313604374,92.25714594554267,74.3391
166_2_4910_20230924110400,train_dev,166,2,2023-09-24 11:04:00,30,flight,94.0,96.18787861222069,92.02553775340816,73.54189
166_2_4911_20230924112000,train_dev,166,2,2023-09-24 11:20:00,30,charge,94.0,96.1260414583849,92.02553775340816,77.990845
166_2_4917_20230925110000,train_dev,166,2,2023-09-25 11:00:00,31,flight,94.0,96.03964975170634,91.86470280224938,84.46073
166_2_4918_20230925114500,train_dev,166,2,2023-09-25 11:45:00,31,charge,93.0,95.98929776352745,91.86470280224938,74.09846
166_2_4919_20230925130700,train_dev,166,2,2023-09-25 13:07:00,32,flight,93.0,95.88508704870998,91.67644239023834,78.761116
166_2_4920_20230925134500,train_dev,166,2,2023-09-25 13:45:00,32,charge,93.0,95.82654120257835,91.67644239023834,78.69414
166_2_4921_20230927113200,train_dev,166,2,2023-09-27 11:32:00,33,flight,93.0,95.72296313992264,91.7841236021578,78.56884
166_2_4922_20230927114500,train_dev,166,2,2023-09-27 11:45:00,33,charge,92.0,95.67250306848234,91.7841236021578,73.75121
166_2_4923_20230927123400,train_dev,166,2,2023-09-27 12:34:00,34,flight,92.0,95.56819129670706,91.83926299992876,78.897415
166_2_4924_20230927131000,train_dev,166,2,2023-09-27 13:10:00,34,charge,92.0,95.486922743202,91.83926299992876,84.42491
166_2_4925_20230928110400,train_dev,166,2,2023-09-28 11:04:00,35,flight,92.0,95.3965766707924,91.9568776825121,78.24328
166_2_4926_20230928114500,train_dev,166,2,2023-09-28 11:45:00,35,charge,94.0,95.38254349487556,91.9568776825121,74.56715
166_2_4927_20230928125300,train_dev,166,2,2023-09-28 12:53:00,36,flight,94.0,95.33348195987097,92.0189000165719,84.21414
166_2_6362_20230928125300,train_dev,166,2,2023-09-28 12:53:00,37,flight,94.0,95.28778299711531,92.0577874670776,81.348526
166_2_4928_20230928134500,train_dev,166,2,2023-09-28 13:45:00,37,charge,95.0,95.28422871110853,92.0577874670776,78.229164
166_2_4929_20230929111500,train_dev,166,2,2023-09-29 11:15:00,38,flight,93.0,95.22353160764982,92.09003502900543,73.86462
166_2_4930_20230929120000,train_dev,166,2,2023-09-29 12:00:00,38,charge,93.0,95.17259333030287,92.09003502900543,82.344826
166_2_4931_20230929132800,train_dev,166,2,2023-09-29 13:28:00,39,flight,93.0,95.10679631609268,92.15520334597925,77.97263
166_2_4932_20230929140000,train_dev,166,2,2023-09-29 14:00:00,39,charge,93.0,95.07039731895568,92.15520334597925,84.02435
166_2_4936_20230930205400,train_dev,166,2,2023-09-30 20:54:00,40,flight,93.0,94.98695213492738,92.09288836554867,74.180244
166_2_4937_20230930213000,train_dev,166,2,2023-09-30 21:30:00,40,charge,92.0,94.94425362685212,92.09288836554867,77.7044
166_2_4938_20230930222400,train_dev,166,2,2023-09-30 22:24:00,41,flight,92.0,94.8405341615549,91.9925741922619,78.833115
166_2_4939_20230930233000,train_dev,166,2,2023-09-30 23:30:00,41,charge,92.0,94.78903331323107,91.9925741922619,78.54627
166_2_4940_20231001205000,train_dev,166,2,2023-10-01 20:50:00,42,flight,92.0,94.68783953245917,91.68286336858418,73.82594
166_2_4941_20231001214000,train_dev,166,2,2023-10-01 21:40:00,42,charge,92.0,94.63363087912144,91.68286336858418,74.31054
166_2_4942_20231001214000,train_dev,166,2,2023-10-01 21:40:00,42,charge,92.0,94.58156538071783,91.68286336858418,78.33079
166_2_4975_20231010112900,train_dev,166,2,2023-10-10 11:29:00,43,flight,92.0,94.51502317551076,91.37177181107066,84.36585
166_2_4973_20231010151400,train_dev,166,2,2023-10-10 15:14:00,43,other,87.0,94.2312872133856,91.37177181107066,83.6749
166_2_4972_20231010173700,train_dev,166,2,2023-10-10 17:37:00,43,charge,87.0,94.11244106497054,91.37177181107066,84.43264
166_2_4974_20231010175400,train_dev,166,2,2023-10-10 17:54:00,43,charge,92.0,94.09514450889311,91.37177181107066,84.39648
166_2_4976_20231011112700,train_dev,166,2,2023-10-11 11:27:00,44,flight,87.0,93.9211085137446,91.31936444718905,75.21043
166_2_4977_20231011123000,train_dev,166,2,2023-10-11 12:30:00,44,charge,89.0,93.87335252645347,91.31936444718905,81.36671
166_2_4981_20231011175000,train_dev,166,2,2023-10-11 17:50:00,45,flight,89.0,93.7438258417628,91.30875963022493,77.90953
166_2_4982_20231011183000,train_dev,166,2,2023-10-11 18:30:00,45,charge,88.0,93.67566852712451,91.30875963022493,81.31855
166_2_4983_20231011194300,train_dev,166,2,2023-10-11 19:43:00,46,flight,88.0,93.52438088370585,91.30081170696756,84.30823
166_2_4984_20231011201000,train_dev,166,2,2023-10-11 20:10:00,46,charge,87.0,93.45401140489474,91.30081170696756,81.31522
166_2_4978_20231011214700,train_dev,166,2,2023-10-11 21:47:00,47,flight,87.0,93.26555122968853,91.2894989475836,74.0965
166_2_4979_20231011224500,train_dev,166,2,2023-10-11 22:45:00,47,charge,87.0,93.16952824525129,91.2894989475836,73.88063
166_2_4985_20231012121600,train_dev,166,2,2023-10-12 12:16:00,47,other,87.0,93.00809405915908,91.2894989475836,82.04734
166_2_4986_20231012143000,train_dev,166,2,2023-10-12 14:30:00,47,charge,87.0,92.82191021339928,91.2894989475836,73.62743
166_2_4987_20231012150600,train_dev,166,2,2023-10-12 15:06:00,48,flight,87.0,92.67278080875828,91.3141050751956,78.50336
166_2_4988_20231012154500,train_dev,166,2,2023-10-12 15:45:00,48,charge,87.0,92.5130694804824,91.3141050751956,78.38159
166_2_4989_20231012160000,train_dev,166,2,2023-10-12 16:00:00,48,charge,87.0,92.40766952516157,91.3141050751956,84.090485
166_2_4990_20231012164300,train_dev,166,2,2023-10-12 16:43:00,49,flight,87.0,92.25714594554267,91.47649189002168,74.460754
166_2_4991_20231012172300,train_dev,166,2,2023-10-12 17:23:00,49,charge,87.0,92.15819026402556,91.47649189002168,78.15743
166_2_4992_20231012183900,train_dev,166,2,2023-10-12 18:39:00,50,flight,87.0,92.02553775340816,90.9941961430979,81.70565
166_2_4993_20231012192400,train_dev,166,2,2023-10-12 19:24:00,50,charge,87.0,91.9636627644141,90.9941961430979,73.81175
166_2_4994_20231014114500,train_dev,166,2,2023-10-14 11:45:00,51,flight,87.0,91.86470280224938,90.8659217998898,77.47512
166_2_4995_20231014183000,train_dev,166,2,2023-10-14 18:30:00,51,charge,86.0,91.80348923743776,90.8659217998898,78.89142
166_2_4999_20231016130000,train_dev,166,2,2023-10-16 13:00:00,52,flight,86.0,91.67644239023834,90.63807808403968,84.163124
166_2_5000_20231016142500,train_dev,166,2,2023-10-16 14:25:00,52,charge,86.0,91.62190651537868,90.63807808403968,77.430664
166_2_5001_20231016152900,train_dev,166,2,2023-10-16 15:29:00,52,other,88.0,91.40637448193968,90.63807808403968,84.363304
166_2_5002_20231016154600,train_dev,166,2,2023-10-16 15:46:00,52,other,88.0,91.32680819309508,90.63807808403968,74.06856
166_2_5003_20231016160000,train_dev,166,2,2023-10-16 16:00:00,52,charge,88.0,91.3052805086012,90.63807808403968,74.258896
166_2_5004_20231016163000,train_dev,166,2,2023-10-16 16:30:00,52,charge,94.0,91.4129572656139,90.63807808403968,74.5806
166_2_5005_20231016173000,train_dev,166,2,2023-10-16 17:30:00,52,other,94.0,91.48199303433726,90.63807808403968,83.91669
166_2_5006_20231016175300,train_dev,166,2,2023-10-16 17:53:00,52,other,94.0,91.52459067070276,90.63807808403968,74.05979
166_2_5007_20231016193000,train_dev,166,2,2023-10-16 19:30:00,52,charge,94.0,91.54768177473916,90.63807808403968,84.33894
166_2_5012_20231017105000,train_dev,166,2,2023-10-17 10:50:00,52,charge,96.0,91.67414398895065,90.63807808403968,79.21768
166_2_5013_20231017113000,train_dev,166,2,2023-10-17 11:30:00,53,flight,96.0,91.7841236021578,89.47602289882236,74.34062
166_2_5023_20231017143000,train_dev,166,2,2023-10-17 14:30:00,54,flight,96.0,91.83926299992876,85.43813758437706,82.16175
166_2_5024_20231017164000,train_dev,166,2,2023-10-17 16:40:00,54,charge,95.0,91.90508384878432,85.43813758437706,73.46888
166_2_5025_20231017164000,train_dev,166,2,2023-10-17 16:40:00,55,flight,96.0,91.9568776825121,85.27185639385016,74.359245
166_2_5019_20231018114700,train_dev,166,2,2023-10-18 11:47:00,56,flight,96.0,92.0189000165719,74.25149781345812,78.36891
166_2_5020_20231018124500,train_dev,166,2,2023-10-18 12:45:00,56,charge,96.0,92.03828088865772,74.25149781345812,84.389206
166_2_5021_20231018140300,train_dev,166,2,2023-10-18 14:03:00,57,flight,93.0,92.0577874670776,73.9934982286505,83.3946
166_2_5022_20231018150000,train_dev,166,2,2023-10-18 15:00:00,57,charge,93.0,92.06934251444036,73.9934982286505,74.32793
166_2_5034_20231018194800,train_dev,166,2,2023-10-18 19:48:00,58,flight,93.0,92.09003502900543,73.79560465975918,84.36975
166_2_5035_20231018220000,train_dev,166,2,2023-10-18 22:00:00,58,charge,93.0,92.10114642289206,73.79560465975918,83.46609
166_2_5095_20231019130000,train_dev,166,2,2023-10-19 13:00:00,58,charge,94.0,92.12544927131115,73.79560465975918,84.373184
166_2_5096_20231019135300,train_dev,166,2,2023-10-19 13:53:00,59,flight,94.0,92.15520334597925,72.95130189127977,74.83177
166_2_5097_20231019150000,train_dev,166,2,2023-10-19 15:00:00,59,charge,94.0,92.16987861640774,72.95130189127977,78.746475
166_2_5191_20231019170000,train_dev,166,2,2023-10-19 17:00:00,59,charge,93.0,92.1799180196598,72.95130189127977,84.13358
166_2_5189_20231023115500,train_dev,166,2,2023-10-23 11:55:00,59,other,93.0,92.19546538713004,72.95130189127977,80.51744
166_2_5190_20231023160000,train_dev,166,2,2023-10-23 16:00:00,60,flight,83.0,92.09288836554867,72.99519679920677,83.39373
166_2_5192_20231023160000,train_dev,166,2,2023-10-23 16:00:00,61,flight,83.0,91.9925741922619,72.99544394014099,80.7079
166_2_5193_20231023162700,train_dev,166,2,2023-10-23 16:27:00,61,charge,83.0,91.86651077832076,72.99544394014099,74.46809
166_2_5036_20231023170000,train_dev,166,2,2023-10-23 17:00:00,61,charge,93.0,91.89432220020942,72.99544394014099,78.60861
166_2_5194_20231023200000,train_dev,166,2,2023-10-23 20:00:00,62,flight,83.0,91.68286336858418,72.95670523719589,77.87543
166_2_5195_20231023204000,train_dev,166,2,2023-10-23 20:40:00,62,charge,83.0,91.5425147224475,72.95670523719589,74.35533
166_2_5030_20231023214500,train_dev,166,2,2023-10-23 21:45:00,62,charge,85.0,91.49947854679895,72.95670523719589,78.75889
166_2_5037_20231024114500,train_dev,166,2,2023-10-24 11:45:00,63,flight,85.0,91.37177181107066,73.00015612946731,73.78549
166_2_5038_20231024125900,train_dev,166,2,2023-10-24 12:59:00,63,charge,89.0,91.3588996226742,73.00015612946731,73.465904
166_2_5039_20231024141200,train_dev,166,2,2023-10-24 14:12:00,64,flight,89.0,91.31936444718905,73.05274087089416,74.10681
166_2_5040_20231024151500,train_dev,166,2,2023-10-24 15:15:00,64,charge,91.0,91.31713890644971,73.05274087089416,74.06333
166_2_5071_20231026202100,train_dev,166,2,2023-10-26 20:21:00,65,flight,91.0,91.30875963022493,73.21182533231115,81.14153
166_2_5072_20231026202100,train_dev,166,2,2023-10-26 20:21:00,66,flight,91.0,91.30081170696756,73.57525580726838,74.692474
166_2_5073_20231026205100,train_dev,166,2,2023-10-26 20:51:00,66,charge,91.0,91.29611597622804,73.57525580726838,84.35988
166_2_5074_20231026214300,train_dev,166,2,2023-10-26 21:43:00,67,flight,91.0,91.2894989475836,73.60325000181348,74.13965
166_2_5075_20231026223000,train_dev,166,2,2023-10-26 22:30:00,67,charge,91.0,91.28561103415404,73.60325000181348,74.562454
166_2_5063_20231027104500,train_dev,166,2,2023-10-27 10:45:00,67,charge,92.0,91.30259636428995,73.60325000181348,74.080315
166_2_5064_20231027120500,train_dev,166,2,2023-10-27 12:05:00,68,flight,92.0,91.3141050751956,73.5857667518949,74.06456
166_2_5065_20231027125800,train_dev,166,2,2023-10-27 12:58:00,68,charge,92.0,91.32554462670562,73.5857667518949,79.87567
166_2_5067_20231030132000,train_dev,166,2,2023-10-30 13:20:00,68,other,92.0,91.39064607159388,73.5857667518949,74.082375
166_2_5070_20231030134500,train_dev,166,2,2023-10-30 13:45:00,68,charge,92.0,91.40053686426504,73.5857667518949,73.93493
166_2_5068_20231030143000,train_dev,166,2,2023-10-30 14:30:00,68,other,92.0,91.41725725345164,73.5857667518949,78.53298
166_2_5069_20231030154900,train_dev,166,2,2023-10-30 15:49:00,68,other,92.0,91.43578958102025,73.5857667518949,74.42699
166_2_5109_20231031132200,train_dev,166,2,2023-10-31 13:22:00,69,flight,92.0,91.47649189002168,73.56557870861198,81.53188
166_2_5110_20231031152500,train_dev,166,2,2023-10-31 15:25:00,69,other,92.0,91.5073620101058,73.56557870861198,78.45816
166_2_5111_20231101095100,train_dev,166,2,2023-11-01 09:51:00,69,charge,92.0,91.52128556960751,73.56557870861198,84.169525
166_2_5112_20231101144800,train_dev,166,2,2023-11-01 14:48:00,69,other,92.0,91.52882914180668,73.56557870861198,83.9744
166_2_5113_20231101154800,train_dev,166,2,2023-11-01 15:48:00,69,charge,92.0,91.53795749316936,73.56557870861198,78.614586
166_2_5114_20231101200000,train_dev,166,2,2023-11-01 20:00:00,69,charge,92.0,91.55996153063327,73.56557870861198,80.9317
166_2_5115_20231102200600,train_dev,166,2,2023-11-02 20:06:00,69,charge,82.0,91.23928067517048,73.56557870861198,77.903824
166_2_5118_20231104174500,train_dev,166,2,2023-11-04 17:45:00,69,charge,82.0,91.15236526645032,73.56557870861198,78.75761
166_2_5116_20231104180000,train_dev,166,2,2023-11-04 18:00:00,70,flight,82.0,90.9941961430979,73.61362757304887,82.10671
166_2_5117_20231104205000,train_dev,166,2,2023-11-04 20:50:00,71,flight,82.0,90.8659217998898,73.65396357293585,79.05038
166_2_5119_20231104225000,train_dev,166,2,2023-11-04 22:50:00,71,charge,82.0,90.75802394823404,73.65396357293585,84.21735
166_2_5127_20231106125500,train_dev,166,2,2023-11-06 12:55:00,72,flight,83.0,90.63807808403968,75.96909097881546,73.931755
166_2_5108_20231106160000,train_dev,166,2,2023-11-06 16:00:00,72,charge,84.0,90.58576737155184,75.96909097881546,84.40176
166_2_5188_20231114180000,train_dev,166,2,2023-11-14 18:00:00,72,other,84.0,89.64164078758968,75.96909097881546,80.969864
166_2_5205_20231116190800,train_dev,166,2,2023-11-16 19:08:00,73,flight,84.0,89.47602289882236,76.56328356870463,73.5585
166_2_5204_20231116211600,train_dev,166,2,2023-11-16 21:16:00,73,charge,84.0,89.40055345944924,76.56328356870463,73.387344
166_2_5207_20231120143500,train_dev,166,2,2023-11-20 14:35:00,73,other,80.0,89.1596428529112,76.56328356870463,73.961136
166_2_5206_20231120150500,train_dev,166,2,2023-11-20 15:05:00,73,charge,80.0,89.09459168641641,76.56328356870463,79.94323
166_2_5208_20231120175600,train_dev,166,2,2023-11-20 17:56:00,73,other,74.0,88.76636864299871,76.56328356870463,83.75621
166_2_5209_20231120202500,train_dev,166,2,2023-11-20 20:25:00,73,charge,74.0,88.55206162033788,76.56328356870463,78.13824
166_2_5285_20231130160700,train_dev,166,2,2023-11-30 16:07:00,73,other,74.0,88.11738821756173,76.56328356870463,84.126045
166_2_5286_20231130170000,train_dev,166,2,2023-11-30 17:00:00,73,charge,74.0,87.75415228325488,76.56328356870463,74.17281
166_2_5295_20231207174900,train_dev,166,2,2023-12-07 17:49:00,73,other,74.0,87.32959055222881,76.56328356870463,74.08133
166_2_5296_20231207182500,train_dev,166,2,2023-12-07 18:25:00,73,charge,74.0,87.13215009208191,76.56328356870463,81.51422
166_2_5358_20231207192600,train_dev,166,2,2023-12-07 19:26:00,73,other,76.0,86.55119413597004,76.56328356870463,74.450775
166_2_5298_20231208164400,train_dev,166,2,2023-12-08 16:44:00,73,other,82.0,86.42013717087046,76.56328356870463,78.382805
166_2_5299_20231208174000,train_dev,166,2,2023-12-08 17:40:00,73,charge,81.0,86.34052540920233,76.56328356870463,73.91595
166_2_5300_20231208200000,train_dev,166,2,2023-12-08 20:00:00,73,other,81.0,86.1963437098182,76.56328356870463,84.45672
166_2_5301_20231208204500,train_dev,166,2,2023-12-08 20:45:00,73,charge,83.0,86.16234221977732,76.56328356870463,74.36719
166_2_5359_20231208204500,train_dev,166,2,2023-12-08 20:45:00,73,charge,76.0,86.0750193290188,76.56328356870463,82.78054
166_2_5361_20231214100500,train_dev,166,2,2023-12-14 10:05:00,73,charge,80.0,85.97855633230776,76.56328356870463,83.52559
166_2_5369_20231214162000,train_dev,166,2,2023-12-14 16:20:00,73,other,83.0,85.89321887047434,76.56328356870463,84.36511
166_2_5370_20231214170000,train_dev,166,2,2023-12-14 17:00:00,73,charge,83.0,85.86906210862787,76.56328356870463,75.82887
166_2_5371_20231214183300,train_dev,166,2,2023-12-14 18:33:00,73,other,79.0,85.67794428661527,76.56328356870463,74.926544
166_2_5372_20231214191000,train_dev,166,2,2023-12-14 19:10:00,73,charge,79.0,85.582443621576,76.56328356870463,73.863914
166_2_5360_20231214212400,train_dev,166,2,2023-12-14 21:24:00,73,other,80.0,85.41649806321722,76.56328356870463,82.00681
166_2_5363_20231215170500,train_dev,166,2,2023-12-15 17:05:00,73,charge,86.0,85.421406324172,76.56328356870463,82.120636
166_2_5362_20231215190400,train_dev,166,2,2023-12-15 19:04:00,74,flight,86.0,85.43813758437706,77.32051759937997,78.605415
166_2_5365_20231216190000,train_dev,166,2,2023-12-16 19:00:00,74,other,84.0,85.35883256127971,77.32051759937997,73.66644
166_2_5366_20231216192000,train_dev,166,2,2023-12-16 19:20:00,74,charge,84.0,85.317641985432,77.32051759937997,74.064285
166_2_5367_20231216201200,train_dev,166,2,2023-12-16 20:12:00,75,flight,84.0,85.27185639385016,78.92658816315313,74.26065
166_2_5368_20231216211500,train_dev,166,2,2023-12-16 21:15:00,75,charge,90.0,85.31155978237874,78.92658816315313,73.74727
166_2_5364_20231217042500,train_dev,166,2,2023-12-17 04:25:00,75,charge,86.0,85.33891967810253,78.92658816315313,82.06042
166_2_5379_20231219183000,train_dev,166,2,2023-12-19 18:30:00,75,other,90.0,85.44795360269052,78.92658816315313,81.08467
166_2_5380_20231219190000,train_dev,166,2,2023-12-19 19:00:00,75,charge,90.0,85.63654330673901,78.92658816315313,75.3102
166_2_5382_20231219193500,train_dev,166,2,2023-12-19 19:35:00,75,charge,90.0,86.04147694551332,78.92658816315313,75.32014
166_2_5381_20231219193700,train_dev,166,2,2023-12-19 19:37:00,75,other,90.0,86.23082311163144,78.92658816315313,74.603905
166_2_5383_20231220171500,train_dev,166,2,2023-12-20 17:15:00,75,charge,88.0,86.29132298099286,78.92658816315313,84.40926
166_2_5384_20231220181500,train_dev,166,2,2023-12-20 18:15:00,75,other,88.0,86.32391174817045,78.92658816315313,73.85925
166_2_5385_20231220190000,train_dev,166,2,2023-12-20 19:00:00,75,charge,88.0,86.33442083183637,78.92658816315313,84.37354
166_2_5386_20231220202800,train_dev,166,2,2023-12-20 20:28:00,75,other,85.0,86.30884405577947,78.92658816315313,84.3486
166_2_5387_20231220215000,train_dev,166,2,2023-12-20 21:50:00,75,charge,85.0,86.25864018094299,78.92658816315313,74.64201
166_2_5388_20231221001500,train_dev,166,2,2023-12-21 00:15:00,75,charge,85.0,86.1173088658661,78.92658816315313,77.875175
166_2_5389_20231221011500,train_dev,166,2,2023-12-21 01:15:00,75,other,85.0,86.07004752318281,78.92658816315313,78.801056
166_2_5390_20231221013000,train_dev,166,2,2023-12-21 01:30:00,75,charge,85.0,86.00091464224307,78.92658816315313,77.432625
166_2_5434_20240122192500,train_dev,166,2,2024-01-22 19:25:00,75,charge,77.0,85.84384038622261,78.92658816315313,74.267494
166_2_5425_20240123034500,train_dev,166,2,2024-01-23 03:45:00,75,charge,77.0,85.69111135465822,78.92658816315313,74.17929
166_2_5768_20240405113200,train_dev,166,2,2024-04-05 11:32:00,75,other,67.0,83.65812621846827,78.92658816315313,78.57908
166_2_5769_20240405124000,train_dev,166,2,2024-04-05 12:40:00,75,charge,67.0,82.49674972740326,78.92658816315313,79.050735
166_2_5770_20240405131500,train_dev,166,2,2024-04-05 13:15:00,75,charge,67.0,80.49768917739854,78.92658816315313,84.28704
166_2_5771_20240405142600,train_dev,166,2,2024-04-05 14:26:00,75,other,67.0,77.9819319610673,78.92658816315313,84.342674
166_2_5772_20240405165200,train_dev,166,2,2024-04-05 16:52:00,75,other,67.0,76.21768406243932,78.92658816315313,84.41804
166_2_5773_20240405170000,train_dev,166,2,2024-04-05 17:00:00,75,charge,67.0,75.46606386837324,78.92658816315313,74.96337
166_2_5774_20240405170500,train_dev,166,2,2024-04-05 17:05:00,75,charge,66.0,74.79309180620794,78.92658816315313,84.370674
166_2_5775_20240406110500,train_dev,166,2,2024-04-06 11:05:00,75,charge,66.0,74.48461807772387,78.92658816315313,78.48166
166_2_5776_20240407135800,train_dev,166,2,2024-04-07 13:58:00,76,flight,66.0,74.25149781345812,79.54993592313633,78.33523
166_2_5777_20240407145500,train_dev,166,2,2024-04-07 14:55:00,76,charge,66.0,74.18465453142596,79.54993592313633,73.69954
166_2_5778_20240407145500,train_dev,166,2,2024-04-07 14:55:00,77,flight,66.0,73.9934982286505,79.8928400219319,84.37893
166_2_5779_20240407162400,train_dev,166,2,2024-04-07 16:24:00,77,charge,66.0,73.84388434194639,79.8928400219319,84.37088
166_2_5784_20240408161400,train_dev,166,2,2024-04-08 16:14:00,78,flight,72.0,73.79560465975918,80.13755169137065,74.59743
166_2_5783_20240408170500,train_dev,166,2,2024-04-08 17:05:00,78,charge,73.0,73.7864690909064,80.13755169137065,73.40848
166_2_5787_20240409114100,train_dev,166,2,2024-04-09 11:41:00,78,other,73.0,73.76544986252925,80.13755169137065,73.957565
166_2_5788_20240409124000,train_dev,166,2,2024-04-09 12:40:00,78,charge,73.0,73.75994352280495,80.13755169137065,73.96925
166_2_5789_20240409143000,train_dev,166,2,2024-04-09 14:30:00,78,other,66.0,73.55203866520831,80.13755169137065,78.20885
166_2_5790_20240409151500,train_dev,166,2,2024-04-09 15:15:00,78,charge,66.0,73.33393563262145,80.13755169137065,74.413445
166_2_5792_20240410111000,train_dev,166,2,2024-04-10 11:10:00,78,charge,68.0,73.2620431507693,80.13755169137065,74.94805
166_2_5793_20240410123700,train_dev,166,2,2024-04-10 12:37:00,78,other,68.0,73.09010469439136,80.13755169137065,83.297264
166_2_5794_20240410132000,train_dev,166,2,2024-04-10 13:20:00,78,charge,70.0,73.06309325380758,80.13755169137065,74.69878
166_2_5795_20240410143400,train_dev,166,2,2024-04-10 14:34:00,79,flight,70.0,72.95130189127977,80.55426977562226,76.25271
166_2_5796_20240410153000,train_dev,166,2,2024-04-10 15:30:00,79,charge,74.0,72.95930399602764,80.55426977562226,73.99375
166_2_5797_20240410212000,train_dev,166,2,2024-04-10 21:20:00,80,flight,74.0,72.99519679920677,80.81714745201214,84.43647
166_2_5813_20240415215000,train_dev,166,2,2024-04-15 21:50:00,80,charge,73.0,72.99529597208608,80.81714745201214,78.211845
166_2_5814_20240415232600,train_dev,166,2,2024-04-15 23:26:00,81,flight,73.0,72.99544394014099,81.49645176328174,81.41877
166_2_5818_20240416131500,train_dev,166,2,2024-04-16 13:15:00,81,charge,72.0,72.98310329791357,81.49645176328174,74.65793
166_2_5819_20240416152000,train_dev,166,2,2024-04-16 15:20:00,82,flight,72.0,72.95670523719589,81.59664046693749,79.143715
166_2_5820_20240416152000,train_dev,166,2,2024-04-16 15:20:00,82,charge,74.0,72.96717754934573,81.59664046693749,84.35201
166_2_5821_20240416172500,train_dev,166,2,2024-04-16 17:25:00,83,flight,74.0,73.00015612946731,81.67449132065649,78.59688
166_2_5822_20240416182300,train_dev,166,2,2024-04-16 18:23:00,83,charge,74.0,73.02216580376266,81.67449132065649,73.82458
166_2_5823_20240416201600,train_dev,166,2,2024-04-16 20:16:00,84,flight,74.0,73.05274087089416,81.76512221304162,73.88274
166_2_5829_20240416205500,train_dev,166,2,2024-04-16 20:55:00,84,charge,77.0,73.0862556366796,81.76512221304162,84.44183
166_2_5830_20240416220600,train_dev,166,2,2024-04-16 22:06:00,85,flight,77.0,73.21182533231115,81.75989324995469,82.433815
166_2_5836_20240420121000,train_dev,166,2,2024-04-20 12:10:00,85,charge,77.0,73.30794483107766,81.75989324995469,81.20212
166_2_5837_20240420201400,train_dev,166,2,2024-04-20 20:14:00,86,flight,78.0,73.57525580726838,81.69089858829683,78.427826
166_2_5838_20240420204000,train_dev,166,2,2024-04-20 20:40:00,86,charge,81.0,73.62873761429834,81.69089858829683,84.38527
166_2_5842_20240421112900,train_dev,166,2,2024-04-21 11:29:00,86,other,81.0,73.80031254883453,81.69089858829683,73.67316
166_2_5843_20240421121500,train_dev,166,2,2024-04-21 12:15:00,86,charge,75.0,73.80814098785123,81.69089858829683,78.64145
166_2_5844_20240421132900,train_dev,166,2,2024-04-21 13:29:00,86,other,75.0,73.83530062617808,81.69089858829683,84.44371
166_2_5845_20240421142000,train_dev,166,2,2024-04-21 14:20:00,86,charge,75.0,73.85381653597533,81.69089858829683,84.0026
166_2_5848_20240422101000,train_dev,166,2,2024-04-22 10:10:00,86,charge,74.0,73.8574308771928,81.69089858829683,81.2909
166_2_5849_20240422104700,train_dev,166,2,2024-04-22 10:47:00,86,other,74.0,73.86084524420234,81.69089858829683,73.773
166_2_5850_20240422112500,train_dev,166,2,2024-04-22 11:25:00,86,charge,72.0,73.84738923622415,81.69089858829683,80.93485
166_2_5851_20240422121400,train_dev,166,2,2024-04-22 12:14:00,86,other,72.0,73.80164496492526,81.69089858829683,73.65277
166_2_5852_20240422121500,train_dev,166,2,2024-04-22 12:15:00,86,charge,72.0,73.77674754499544,81.69089858829683,83.76339
166_2_5853_20240422185500,train_dev,166,2,2024-04-22 18:55:00,86,other,72.0,73.73346686122089,81.69089858829683,79.247986
166_2_5861_20240424150000,train_dev,166,2,2024-04-24 15:00:00,86,charge,72.0,73.69583030613738,81.69089858829683,84.09843
166_2_5862_20240424161500,train_dev,166,2,2024-04-24 16:15:00,86,other,72.0,73.66112381547904,81.69089858829683,78.466446
166_2_5863_20240424165500,train_dev,166,2,2024-04-24 16:55:00,86,charge,72.0,73.63416249708753,81.69089858829683,73.49575
166_2_5868_20240424181700,train_dev,166,2,2024-04-24 18:17:00,87,flight,72.0,73.60325000181348,81.53260733596021,84.362656
166_2_5869_20240424190000,train_dev,166,2,2024-04-24 19:00:00,87,charge,73.0,73.59733428513925,81.53260733596021,74.36276
166_2_5870_20240424195000,train_dev,166,2,2024-04-24 19:50:00,88,flight,73.0,73.5857667518949,81.42675812541401,84.34801
166_2_5871_20240424203000,train_dev,166,2,2024-04-24 20:30:00,88,charge,73.0,73.57650155021042,81.42675812541401,84.35127
166_2_5874_20240424221700,train_dev,166,2,2024-04-24 22:17:00,89,flight,73.0,73.56557870861198,81.33267253007212,73.93312
166_2_5875_20240424231000,train_dev,166,2,2024-04-24 23:10:00,89,charge,73.0,73.55269946191297,81.33267253007212,84.36446
166_2_5876_20240425105000,train_dev,166,2,2024-04-25 10:50:00,89,charge,74.0,73.56338984325168,81.33267253007212,78.045425
166_2_5877_20240425113000,train_dev,166,2,2024-04-25 11:30:00,89,other,74.0,73.5703801857099,81.33267253007212,73.84263
166_2_5878_20240425121000,train_dev,166,2,2024-04-25 12:10:00,89,charge,75.0,73.58370475070188,81.33267253007212,77.99979
166_2_5879_20240425141800,train_dev,166,2,2024-04-25 14:18:00,90,flight,75.0,73.61362757304887,80.97045419027191,84.389015
166_2_5880_20240425151500,train_dev,166,2,2024-04-25 15:15:00,90,charge,75.0,73.63006443735044,80.97045419027191,84.43681
166_2_5881_20240425184400,train_dev,166,2,2024-04-25 18:44:00,91,flight,75.0,73.65396357293585,80.84164405209577,84.34469
166_2_5882_20240425194500,train_dev,166,2,2024-04-25 19:45:00,91,charge,75.0,73.70544311653363,80.84164405209577,75.684
166_2_5890_20240429221000,train_dev,166,2,2024-04-29 22:10:00,91,charge,75.0,73.72999026776164,80.84164405209577,84.104744
166_2_5891_20240429224500,train_dev,166,2,2024-04-29 22:45:00,91,other,75.0,73.75479148381973,80.84164405209577,82.97551
166_2_5899_20240501170000,train_dev,166,2,2024-05-01 17:00:00,91,charge,100.0,74.4125725123434,80.84164405209577,77.86521
166_2_5900_20240501192100,train_dev,166,2,2024-05-01 19:21:00,91,other,100.0,74.95080815468674,80.84164405209577,80.198586
166_2_5914_20240502144500,train_dev,166,2,2024-05-02 14:45:00,91,charge,100.0,75.51712485714391,80.84164405209577,77.470894
166_2_5915_20240502153800,train_dev,166,2,2024-05-02 15:38:00,92,flight,100.0,75.96909097881546,80.763863203607,82.13408
166_2_5917_20240502162000,train_dev,166,2,2024-05-02 16:20:00,92,charge,98.0,76.14172873754777,80.763863203607,77.88033
166_2_5907_20240502171300,train_dev,166,2,2024-05-02 17:13:00,93,flight,98.0,76.56328356870463,80.61229345654871,78.32733
166_2_5908_20240502180000,train_dev,166,2,2024-05-02 18:00:00,93,charge,97.0,76.77399043018262,80.61229345654871,84.07978
166_2_5912_20240502191000,train_dev,166,2,2024-05-02 19:10:00,94,flight,97.0,77.32051759937997,80.47802479624941,83.417114
166_2_5913_20240502200500,train_dev,166,2,2024-05-02 20:05:00,94,charge,97.0,77.76462721155174,80.47802479624941,78.90543
166_2_5909_20240503091500,train_dev,166,2,2024-05-03 09:15:00,94,charge,95.0,78.27940605788444,80.47802479624941,83.164444
166_2_5916_20240504120000,train_dev,166,2,2024-05-04 12:00:00,94,charge,95.0,78.62260606265822,80.47802479624941,74.52846
166_2_5918_20240504125900,train_dev,166,2,2024-05-04 12:59:00,95,flight,95.0,78.92658816315313,80.30173618115765,84.41202
166_2_5919_20240504133500,train_dev,166,2,2024-05-04 13:35:00,95,charge,95.0,79.20867071589358,80.30173618115765,78.1918
166_2_5920_20240504141900,train_dev,166,2,2024-05-04 14:19:00,96,flight,95.0,79.54993592313633,80.18622084410994,84.07622
166_2_5922_20240504160900,train_dev,166,2,2024-05-04 16:09:00,97,flight,95.0,79.8928400219319,79.98176754154444,83.418365
166_2_5923_20240504170500,train_dev,166,2,2024-05-04 17:05:00,97,charge,90.0,79.95107493634495,79.98176754154444,78.097404
166_2_5924_20240504181400,train_dev,166,2,2024-05-04 18:14:00,98,flight,90.0,80.13755169137065,79.88082419742788,80.77294
166_2_5925_20240504185500,train_dev,166,2,2024-05-04 18:55:00,98,charge,90.0,80.33027552090545,79.88082419742788,84.18926
166_2_5926_20240504195100,train_dev,166,2,2024-05-04 19:51:00,99,flight,90.0,80.55426977562226,79.77603795397035,73.62151
166_2_5927_20240504203000,train_dev,166,2,2024-05-04 20:30:00,99,charge,89.0,80.6349969542656,79.77603795397035,81.148506
166_2_5928_20240504212800,train_dev,166,2,2024-05-04 21:28:00,100,flight,89.0,80.81714745201214,79.49213372553645,73.84644
166_2_5976_20240504221000,train_dev,166,2,2024-05-04 22:10:00,100,charge,89.0,80.93075706913667,79.49213372553645,78.87424
166_2_5921_20240505025000,train_dev,166,2,2024-05-05 02:50:00,100,charge,95.0,81.17784356114255,79.49213372553645,76.48141
166_2_6001_20240507150000,train_dev,166,2,2024-05-07 15:00:00,100,charge,88.0,81.37226544367935,79.49213372553645,74.270744
166_2_6002_20240507162900,train_dev,166,2,2024-05-07 16:29:00,101,flight,88.0,81.49645176328174,79.35707542756427,74.158745
166_2_6003_20240507170000,train_dev,166,2,2024-05-07 17:00:00,101,charge,85.0,81.51691819957232,79.35707542756427,73.56752
166_2_5946_20240507185700,train_dev,166,2,2024-05-07 18:57:00,102,flight,85.0,81.59664046693749,79.23841100112642,78.53235
166_2_5947_20240507191000,train_dev,166,2,2024-05-07 19:10:00,102,charge,84.0,81.63368201253382,79.23841100112642,74.262985
166_2_5948_20240507204000,train_dev,166,2,2024-05-07 20:40:00,103,flight,84.0,81.67449132065649,79.04675928657203,82.07397
166_2_5949_20240507213300,train_dev,166,2,2024-05-07 21:33:00,103,charge,84.0,81.70845077594952,79.04675928657203,77.7761
166_2_5950_20240507231000,train_dev,166,2,2024-05-07 23:10:00,104,flight,84.0,81.76512221304162,78.8878815618893,83.683365
166_2_5951_20240508000000,train_dev,166,2,2024-05-08 00:00:00,104,charge,84.0,81.79622226335358,78.8878815618893,74.593376
166_2_5984_20240509191300,train_dev,166,2,2024-05-09 19:13:00,105,flight,80.0,81.75989324995469,78.79432250048838,78.22343
166_2_5986_20240509200000,train_dev,166,2,2024-05-09 20:00:00,105,charge,79.0,81.73580069191233,78.79432250048838,74.57107
166_2_5978_20240509205600,train_dev,166,2,2024-05-09 20:56:00,106,flight,79.0,81.69089858829683,78.45860392629963,74.42313
166_2_5982_20240509215000,train_dev,166,2,2024-05-09 21:50:00,106,charge,79.0,81.63486788150298,78.45860392629963,79.034035
166_2_5996_20240510111000,train_dev,166,2,2024-05-10 11:10:00,106,charge,79.0,81.57430869632451,78.45860392629963,84.36994
166_2_5997_20240510131000,train_dev,166,2,2024-05-10 13:10:00,107,flight,79.0,81.53260733596021,78.31502487283015,74.585106
166_2_5998_20240510154000,train_dev,166,2,2024-05-10 15:40:00,107,charge,79.0,81.47850335093504,78.31502487283015,77.78085
166_2_5999_20240510165300,train_dev,166,2,2024-05-10 16:53:00,108,flight,79.0,81.42675812541401,78.17989409004959,74.37345
166_2_6000_20240510174500,train_dev,166,2,2024-05-10 17:45:00,108,charge,78.0,81.39570135658205,78.17989409004959,79.66464
166_2_6004_20240510200600,train_dev,166,2,2024-05-10 20:06:00,109,flight,78.0,81.33267253007212,77.99342072174504,81.21341
166_2_6005_20240510224500,train_dev,166,2,2024-05-10 22:45:00,109,charge,78.0,81.29036923350638,77.99342072174504,83.70932
166_2_6045_20240512140000,train_dev,166,2,2024-05-12 14:00:00,109,charge,77.0,81.21093335481892,77.99342072174504,78.07196
166_2_6009_20240513134900,train_dev,166,2,2024-05-13 13:49:00,109,other,77.0,81.13150054769422,77.99342072174504,78.924065
166_2_6010_20240514101500,train_dev,166,2,2024-05-14 10:15:00,109,charge,77.0,81.0517295499941,77.99342072174504,80.17659
166_2_6011_20240514104800,train_dev,166,2,2024-05-14 10:48:00,110,flight,77.0,80.97045419027191,77.92293424178234,79.35208
166_2_6012_20240514114500,train_dev,166,2,2024-05-14 11:45:00,110,charge,76.0,80.92200653805867,77.92293424178234,84.45082
166_2_6023_20240514155100,train_dev,166,2,2024-05-14 15:51:00,111,flight,76.0,80.84164405209577,77.78062828719725,73.77143
166_2_6040_20240514155100,train_dev,166,2,2024-05-14 15:51:00,112,flight,76.0,80.763863203607,77.70331353214694,84.34702
166_2_6024_20240514163000,train_dev,166,2,2024-05-14 16:30:00,112,charge,76.0,80.69882076158771,77.70331353214694,78.48012
166_2_6025_20240514184800,train_dev,166,2,2024-05-14 18:48:00,113,flight,76.0,80.61229345654871,77.61109989909062,81.54611
166_2_6026_20240514192700,train_dev,166,2,2024-05-14 19:27:00,113,charge,75.0,80.55992139075606,77.61109989909062,78.2947
166_2_6027_20240514203400,train_dev,166,2,2024-05-14 20:34:00,114,flight,75.0,80.47802479624941,77.55168206093872,84.36622
166_2_6028_20240514212000,train_dev,166,2,2024-05-14 21:20:00,114,charge,74.0,80.42537774519701,77.55168206093872,77.65462
166_2_6029_20240514223600,train_dev,166,2,2024-05-14 22:36:00,115,flight,74.0,80.30173618115765,77.17618384608852,84.42608
166_2_6030_20240514231500,train_dev,166,2,2024-05-14 23:15:00,115,charge,75.0,80.25703842287153,77.17618384608852,73.92844
166_2_6031_20240515000900,train_dev,166,2,2024-05-15 00:09:00,116,flight,75.0,80.18622084410994,77.10733246030009,79.00466
166_2_6032_20240515005000,train_dev,166,2,2024-05-15 00:50:00,116,charge,75.0,80.102214045583,77.10733246030009,84.38842
166_2_6037_20240515104500,train_dev,166,2,2024-05-15 10:45:00,116,charge,76.0,80.03265519571899,77.10733246030009,78.24134
166_2_6038_20240515113000,train_dev,166,2,2024-05-15 11:30:00,117,flight,76.0,79.98176754154444,76.97524942971961,74.112175
166_2_6039_20240515115500,train_dev,166,2,2024-05-15 11:55:00,117,charge,75.0,79.94949650047693,76.97524942971961,78.79703
166_2_6042_20240515161800,train_dev,166,2,2024-05-15 16:18:00,118,flight,75.0,79.88082419742788,76.92646492427833,84.269585
166_2_6041_20240515180500,train_dev,166,2,2024-05-15 18:05:00,118,charge,75.0,79.82924359658942,76.92646492427833,78.04079
166_2_6043_20240515180600,train_dev,166,2,2024-05-15 18:06:00,119,flight,75.0,79.77603795397035,76.9085486476165,74.3615
166_2_6044_20240515185000,train_dev,166,2,2024-05-15 18:50:00,119,charge,75.0,79.62767501226074,76.9085486476165,81.204384
166_2_6046_20240516131000,train_dev,166,2,2024-05-16 13:10:00,119,charge,75.0,79.56618250649308,76.9085486476165,73.45043
166_2_6047_20240516135400,train_dev,166,2,2024-05-16 13:54:00,120,flight,75.0,79.49213372553645,76.88789042508108,73.14081
166_2_6048_20240516143500,train_dev,166,2,2024-05-16 14:35:00,120,charge,75.0,79.42133158787185,76.88789042508108,74.00495
166_2_6055_20240516160700,train_dev,166,2,2024-05-16 16:07:00,121,flight,75.0,79.35707542756427,76.8587659262141,73.85853
166_2_6056_20240516170000,train_dev,166,2,2024-05-16 17:00:00,121,charge,75.0,79.31026315560409,76.8587659262141,73.79116
166_2_6057_20240516175300,train_dev,166,2,2024-05-16 17:53:00,122,flight,75.0,79.23841100112642,76.75832504543422,73.655045
166_2_6058_20240516183800,train_dev,166,2,2024-05-16 18:38:00,122,charge,75.0,79.1717104677694,76.75832504543422,73.66345
166_2_6060_20240516221100,train_dev,166,2,2024-05-16 22:11:00,122,charge,75.0,79.10208082765088,76.75832504543422,73.53054
166_2_6061_20240516230200,train_dev,166,2,2024-05-16 23:02:00,123,flight,75.0,79.04675928657203,76.69643006024997,73.523056
166_2_6062_20240516235000,train_dev,166,2,2024-05-16 23:50:00,123,charge,75.0,78.99355706029891,76.69643006024997,73.655014
166_2_6079_20240517100000,train_dev,166,2,2024-05-17 10:00:00,123,charge,75.0,78.93647237567056,76.69643006024997,73.91827
166_2_6080_20240517102300,train_dev,166,2,2024-05-17 10:23:00,124,flight,75.0,78.8878815618893,76.5681512473587,73.9044
166_2_6081_20240517105500,train_dev,166,2,2024-05-17 10:55:00,124,charge,74.0,78.85986318338033,76.5681512473587,73.91775
166_2_6082_20240517120600,train_dev,166,2,2024-05-17 12:06:00,125,flight,74.0,78.79432250048838,76.44031154546352,73.662834
166_2_6083_20240517124000,train_dev,166,2,2024-05-17 12:40:00,125,charge,74.0,78.63791675045401,76.44031154546352,73.65958
166_2_6084_20240517133000,train_dev,166,2,2024-05-17 13:30:00,125,charge,74.0,78.58894212980626,76.44031154546352,73.524086
166_2_6088_20240518200500,train_dev,166,2,2024-05-18 20:05:00,125,charge,74.0,78.52867404543993,76.44031154546352,73.446075
166_2_6089_20240518210900,train_dev,166,2,2024-05-18 21:09:00,126,flight,74.0,78.45860392629963,76.38923169107491,73.27425
166_2_6112_20240521093000,train_dev,166,2,2024-05-21 09:30:00,126,charge,74.0,78.37650538508909,76.38923169107491,73.22582
166_2_6113_20240521101800,train_dev,166,2,2024-05-21 10:18:00,127,flight,74.0,78.31502487283015,76.32096513078992,73.211655
166_2_6114_20240521110000,train_dev,166,2,2024-05-21 11:00:00,127,charge,74.0,78.2419143636063,76.32096513078992,73.12352
166_2_6116_20240521125300,train_dev,166,2,2024-05-21 12:53:00,128,flight,74.0,78.17989409004959,76.2635494244526,73.13349
166_2_6117_20240521135000,train_dev,166,2,2024-05-21 13:50:00,128,charge,74.0,78.1268914730496,76.2635494244526,73.07401
166_2_6144_20240522090000,train_dev,166,2,2024-05-22 09:00:00,128,charge,74.0,78.05905151419881,76.2635494244526,73.177124
166_2_6145_20240522093700,train_dev,166,2,2024-05-22 09:37:00,129,flight,74.0,77.99342072174504,76.17802792321245,73.142235
166_2_6146_20240522101900,train_dev,166,2,2024-05-22 10:19:00,129,charge,75.0,77.96821394105012,76.17802792321245,73.21602
166_2_6157_20240522114200,train_dev,166,2,2024-05-22 11:42:00,130,flight,75.0,77.92293424178234,76.07516339073356,73.165855
166_2_6158_20240522122000,train_dev,166,2,2024-05-22 12:20:00,130,charge,74.0,77.88937629408227,76.07516339073356,73.26878
166_2_6163_20240523093000,train_dev,166,2,2024-05-23 09:30:00,130,charge,74.0,77.8369836193391,76.07516339073356,73.18671
166_2_6164_20240523101000,train_dev,166,2,2024-05-23 10:10:00,131,flight,74.0,77.78062828719725,75.97165297473666,73.06573
166_2_6165_20240523104500,train_dev,166,2,2024-05-23 10:45:00,131,charge,74.0,77.7427653118455,75.97165297473666,73.02447
166_2_6166_20240523114700,train_dev,166,2,2024-05-23 11:47:00,132,flight,74.0,77.70331353214694,75.84848214795666,73.20238
166_2_6167_20240523123500,train_dev,166,2,2024-05-23 12:35:00,132,charge,74.0,77.66400175589571,75.84848214795666,73.26253
166_2_6168_20240523133700,train_dev,166,2,2024-05-23 13:37:00,133,flight,74.0,77.61109989909062,75.7276281453343,73.25402
166_2_6169_20240523143500,train_dev,166,2,2024-05-23 14:35:00,133,charge,75.0,77.59007428628092,75.7276281453343,73.20505
166_2_6172_20240523152900,train_dev,166,2,2024-05-23 15:29:00,134,flight,75.0,77.55168206093872,75.67794027412577,73.22918
166_2_6173_20240523163000,train_dev,166,2,2024-05-23 16:30:00,134,charge,75.0,77.51024499806203,75.67794027412577,73.20114
166_2_6174_20240523165500,train_dev,166,2,2024-05-23 16:55:00,134,charge,75.0,77.4240678649489,75.67794027412577,73.2952
166_2_6175_20240523172000,train_dev,166,2,2024-05-23 17:20:00,134,charge,75.0,77.30734168397396,75.67794027412577,73.235115
166_2_6176_20240523172000,train_dev,166,2,2024-05-23 17:20:00,134,charge,75.0,77.21410936063928,75.67794027412577,73.16883
166_2_6177_20240523175000,train_dev,166,2,2024-05-23 17:50:00,135,flight,75.0,77.17618384608852,75.64003758592017,72.838394
166_2_6178_20240523180000,train_dev,166,2,2024-05-23 18:00:00,135,charge,75.0,77.14355552381328,75.64003758592017,72.74101
166_2_6179_20240523183000,train_dev,166,2,2024-05-23 18:30:00,136,flight,75.0,77.10733246030009,75.56288153206987,72.690636
166_2_6180_20240523190000,train_dev,166,2,2024-05-23 19:00:00,136,charge,75.0,77.05493666847919,75.56288153206987,72.64148
166_2_6181_20240523193000,train_dev,166,2,2024-05-23 19:30:00,136,charge,75.0,77.02187096504943,75.56288153206987,72.72709
166_2_6185_20240524084500,train_dev,166,2,2024-05-24 08:45:00,136,charge,75.0,76.99666961649433,75.56288153206987,72.69322
166_2_6186_20240524091900,train_dev,166,2,2024-05-24 09:19:00,137,flight,75.0,76.97524942971961,75.38119186390499,72.667946
166_2_6187_20240524100000,train_dev,166,2,2024-05-24 10:00:00,137,charge,75.0,76.94828690376492,75.38119186390499,72.72141
166_2_6188_20240524103100,train_dev,166,2,2024-05-24 10:31:00,138,flight,75.0,76.92646492427833,75.32014528802834,72.67822
166_2_6190_20240524121100,train_dev,166,2,2024-05-24 12:11:00,139,flight,75.0,76.9085486476165,75.29718056007887,72.54036
166_2_6193_20240524135600,train_dev,166,2,2024-05-24 13:56:00,140,flight,75.0,76.88789042508108,75.27500099590452,72.402695
166_2_6249_20240524155500,train_dev,166,2,2024-05-24 15:55:00,141,flight,75.0,76.8587659262141,75.27084471111684,72.125565
166_2_6189_20240524161200,final_test,166,2,2024-05-24 16:12:00,141,charge,75.0,76.84319382414007,75.27084471111684,72.24026
166_2_6192_20240524162100,final_test,166,2,2024-05-24 16:21:00,141,charge,75.0,76.82792675396081,75.27084471111684,72.335075
166_2_6194_20240524162500,final_test,166,2,2024-05-24 16:25:00,141,charge,75.0,76.81350301674492,75.27084471111684,72.29798
166_2_6250_20240524163500,final_test,166,2,2024-05-24 16:35:00,141,charge,74.0,76.79500275957439,75.27084471111684,72.25755
166_2_6251_20240524175100,final_test,166,2,2024-05-24 17:51:00,142,flight,74.0,76.75832504543422,75.25124998034826,72.182976
166_2_6252_20240524183500,final_test,166,2,2024-05-24 18:35:00,142,charge,74.0,76.73192128556214,75.25124998034826,72.19255
166_2_6253_20240524193700,final_test,166,2,2024-05-24 19:37:00,143,flight,74.0,76.69643006024997,75.20221857445733,72.23833
166_2_6254_20240524203000,final_test,166,2,2024-05-24 20:30:00,143,charge,74.0,76.66164978936959,75.20221857445733,72.27347
166_2_6191_20240525005000,final_test,166,2,2024-05-25 00:50:00,143,charge,75.0,76.6484515941458,75.20221857445733,72.43235
166_2_6207_20240528203000,final_test,166,2,2024-05-28 20:30:00,143,charge,74.0,76.5987524175465,75.20221857445733,72.47362
166_2_6208_20240528211800,final_test,166,2,2024-05-28 21:18:00,144,flight,74.0,76.5681512473587,74.98806825716386,72.41236
166_2_6209_20240528214700,final_test,166,2,2024-05-28 21:47:00,144,charge,74.0,76.496453599657,74.98806825716386,72.38549
166_2_6214_20240529120500,final_test,166,2,2024-05-29 12:05:00,144,charge,74.0,76.46949626904699,74.98806825716386,72.3796
166_2_6221_20240529124800,final_test,166,2,2024-05-29 12:48:00,145,flight,74.0,76.44031154546352,74.87601955187397,72.40883
166_2_6222_20240529133000,final_test,166,2,2024-05-29 13:30:00,145,charge,74.0,76.41780602107688,74.87601955187397,72.46567
166_2_6223_20240529142500,final_test,166,2,2024-05-29 14:25:00,146,flight,74.0,76.38923169107491,74.75218737875437,72.28047
166_2_6224_20240529152000,final_test,166,2,2024-05-29 15:20:00,146,charge,74.0,76.36726037952808,74.75218737875437,72.42976
166_2_6225_20240529154000,final_test,166,2,2024-05-29 15:40:00,146,charge,75.0,76.33848625277224,74.75218737875437,72.59905
166_2_6226_20240529162100,final_test,166,2,2024-05-29 16:21:00,147,flight,75.0,76.32096513078992,74.70837999296248,72.575874
166_2_6227_20240529170500,final_test,166,2,2024-05-29 17:05:00,147,charge,73.0,76.30547137405192,74.70837999296248,72.668655
166_2_6217_20240529181400,final_test,166,2,2024-05-29 18:14:00,148,flight,73.0,76.2635494244526,74.69699777561569,72.52858
166_2_6218_20240529190000,final_test,166,2,2024-05-29 19:00:00,148,charge,73.0,76.21725067127102,74.69699777561569,72.41344
166_2_6229_20240529212600,final_test,166,2,2024-05-29 21:26:00,149,flight,73.0,76.17802792321245,74.66930232001216,72.2941
166_2_6231_20240530112500,final_test,166,2,2024-05-30 11:25:00,149,charge,72.0,76.1178825295443,74.66930232001216,72.32948
166_2_6232_20240530120500,final_test,166,2,2024-05-30 12:05:00,150,flight,72.0,76.07516339073356,74.7439300023385,72.363625
166_2_6233_20240530125000,final_test,166,2,2024-05-30 12:50:00,150,charge,72.0,76.01892948394931,74.7439300023385,72.27708
166_2_6234_20240530140500,final_test,166,2,2024-05-30 14:05:00,151,flight,72.0,75.97165297473666,74.56140323969362,72.21144
166_2_6235_20240530144700,final_test,166,2,2024-05-30 14:47:00,151,charge,72.0,75.93989775094374,74.56140323969362,72.202
166_2_6230_20240530220500,final_test,166,2,2024-05-30 22:05:00,151,charge,73.0,75.91367437390147,74.56140323969362,72.24088
166_2_6241_20240531154600,final_test,166,2,2024-05-31 15:46:00,152,flight,71.0,75.84848214795666,74.21606464593287,71.975464
166_2_6242_20240531170500,final_test,166,2,2024-05-31 17:05:00,152,charge,71.0,75.78950267290297,74.21606464593287,71.96242
166_2_6243_20240531171600,final_test,166,2,2024-05-31 17:16:00,153,flight,71.0,75.7276281453343,74.10894989494197,72.07313
166_2_6244_20240531180000,final_test,166,2,2024-05-31 18:00:00,153,charge,73.0,75.71197840508464,74.10894989494197,72.163574
166_2_6245_20240531190800,final_test,166,2,2024-05-31 19:08:00,154,flight,73.0,75.67794027412577,74.01316420998029,72.17496
166_2_6246_20240531200000,final_test,166,2,2024-05-31 20:00:00,154,charge,74.0,75.6648639861813,74.01316420998029,72.2659
166_2_6247_20240531211400,final_test,166,2,2024-05-31 21:14:00,155,flight,74.0,75.64003758592017,74.04222654881683,72.1602
166_2_6248_20240531220000,final_test,166,2,2024-05-31 22:00:00,155,charge,72.0,75.61547407720313,74.04222654881683,72.21462
166_2_6238_20240601154600,final_test,166,2,2024-06-01 15:46:00,156,flight,72.0,75.56288153206987,74.0914429202357,72.0405
166_2_6239_20240601164000,final_test,166,2,2024-06-01 16:40:00,156,charge,72.0,75.52474836790566,74.0914429202357,72.00488
166_2_6260_20240603064500,final_test,166,2,2024-06-03 06:45:00,156,charge,71.0,75.49737918252052,74.0914429202357,71.977776
166_2_6265_20240603095500,final_test,166,2,2024-06-03 09:55:00,156,charge,75.0,75.49286756317736,74.0914429202357,72.04901
166_2_6258_20240603170500,final_test,166,2,2024-06-03 17:05:00,156,charge,73.0,75.44291106278965,74.0914429202357,72.10044
166_2_6259_20240603175100,final_test,166,2,2024-06-03 17:51:00,157,flight,73.0,75.38119186390499,73.68662157967414,72.02435
166_2_6261_20240603192900,final_test,166,2,2024-06-03 19:29:00,158,flight,71.0,75.32014528802834,71.63332898585678,72.05611
166_2_6263_20240603212000,final_test,166,2,2024-06-03 21:20:00,159,flight,74.0,75.29718056007887,69.287607096469,72.08136
166_2_6264_20240603212000,final_test,166,2,2024-06-03 21:20:00,160,flight,74.0,75.27500099590452,68.55715038545684,72.00869
166_2_6266_20240603224200,final_test,166,2,2024-06-03 22:42:00,161,flight,75.0,75.27084471111684,67.99212626400609,71.906136
166_2_6267_20240603231900,final_test,166,2,2024-06-03 23:19:00,161,charge,75.0,75.2632489777995,67.99212626400609,71.99635
166_2_6262_20240604082000,final_test,166,2,2024-06-04 08:20:00,161,charge,74.0,75.25741310153042,67.99212626400609,72.11553
166_2_6269_20240604121500,final_test,166,2,2024-06-04 12:15:00,161,charge,75.0,75.25417136529549,67.99212626400609,72.31607
166_2_6270_20240604131400,final_test,166,2,2024-06-04 13:14:00,162,flight,75.0,75.25124998034826,66.38404062347637,72.23006
166_2_6271_20240604135500,final_test,166,2,2024-06-04 13:55:00,162,charge,75.0,75.24725190176092,66.38404062347637,72.250694
166_2_6275_20240605083500,final_test,166,2,2024-06-05 08:35:00,162,charge,74.0,75.21824935958225,66.38404062347637,72.28252
166_2_6276_20240605090900,final_test,166,2,2024-06-05 09:09:00,163,flight,74.0,75.20221857445733,66.14047242169534,72.25045
166_2_6277_20240605124000,final_test,166,2,2024-06-05 12:40:00,163,charge,73.0,75.18704415141613,66.14047242169534,72.19473
166_2_6279_20240605163000,final_test,166,2,2024-06-05 16:30:00,163,charge,72.0,75.13791249829144,66.14047242169534,72.24408
166_2_6280_20240605170500,final_test,166,2,2024-06-05 17:05:00,163,charge,73.0,75.05546096115842,66.14047242169534,72.140175
166_2_6281_20240605171500,final_test,166,2,2024-06-05 17:15:00,163,charge,73.0,75.00945491463929,66.14047242169534,72.21832
166_2_6282_20240605174700,final_test,166,2,2024-06-05 17:47:00,164,flight,73.0,74.98806825716386,65.42830920293868,72.19531
166_2_6283_20240605182500,final_test,166,2,2024-06-05 18:25:00,164,charge,72.0,74.96113092295793,65.42830920293868,72.154305
166_2_6343_20240606143000,final_test,166,2,2024-06-06 14:30:00,164,charge,72.0,74.9199851611737,65.42830920293868,72.161865
166_2_6344_20240606152800,final_test,166,2,2024-06-06 15:28:00,165,flight,72.0,74.87601955187397,65.10191615479147,71.90227
166_2_6345_20240606163000,final_test,166,2,2024-06-06 16:30:00,165,charge,72.0,74.83346370561767,65.10191615479147,71.865616
166_2_6347_20240607083500,final_test,166,2,2024-06-07 08:35:00,165,charge,72.0,74.78066362584255,65.10191615479147,71.82986
166_2_6348_20240607100500,final_test,166,2,2024-06-07 10:05:00,165,charge,73.0,74.77036721252067,65.10191615479147,71.79206
166_2_6349_20240607105900,final_test,166,2,2024-06-07 10:59:00,166,flight,73.0,74.75218737875437,63.98434217276738,71.59466
166_2_6350_20240608083000,final_test,166,2,2024-06-08 08:30:00,166,other,73.0,74.72702806321149,63.98434217276738,71.584885
166_2_6351_20240608090700,final_test,166,2,2024-06-08 09:07:00,167,flight,73.0,74.70837999296248,62.77624140903922,71.53792
166_2_6352_20240608101000,final_test,166,2,2024-06-08 10:10:00,167,charge,74.0,74.70450848288127,62.77624140903922,71.53456
166_2_6353_20240608105400,final_test,166,2,2024-06-08 10:54:00,168,flight,74.0,74.69699777561569,60.5588813036762,71.36177
166_2_6354_20240608120000,final_test,166,2,2024-06-08 12:00:00,168,charge,74.0,74.68879033929828,60.5588813036762,71.43045
166_2_6358_20240610140500,final_test,166,2,2024-06-10 14:05:00,168,charge,74.0,74.67709125465561,60.5588813036762,71.434814
166_2_6359_20240610152700,final_test,166,2,2024-06-10 15:27:00,169,flight,74.0,74.66930232001216,58.37277168940664,71.36244
166_2_6361_20240610153500,final_test,166,2,2024-06-10 15:35:00,169,charge,74.0,74.66332144704711,58.37277168940664,71.33585
166_2_6363_20240610190000,final_test,166,2,2024-06-10 19:00:00,169,charge,95.0,74.78984365922186,58.37277168940664,71.3895
192_1_10857_20250603113000,holdout,192,1,2025-06-03 11:30:00,0,charge,100.0,99.986967677044,97.11153288847096,
192_2_10857_20250603113000,holdout,192,2,2025-06-03 11:30:00,0,charge,100.0,99.98633188322724,97.29581251499069,
