event_id,split,plane_id,battery_id,event_datetime,cumulative_flight_count,event_type,observed_soh_pct,latent_soh_filter_pct,next_latent_soh_causal_flight_5_pct,lstm_sequence_no_latent_tune0
166_1_4575_20230516110000,train_dev,166,1,2023-05-16 11:00:00,0,charge,100.0,99.72445717682604,96.8485303005568,
166_1_4576_20230516124400,train_dev,166,1,2023-05-16 12:44:00,0,other,100.0,99.86625900300112,96.8485303005568,
166_1_4577_20230516130000,train_dev,166,1,2023-05-16 13:00:00,0,charge,97.0,99.53862986196351,96.8485303005568,
166_1_4578_20230516143500,train_dev,166,1,2023-05-16 14:35:00,0,other,97.0,98.58054921229758,96.8485303005568,
166_1_4579_20230516150000,train_dev,166,1,2023-05-16 15:00:00,0,charge,96.0,98.25761950437904,96.8485303005568,
166_1_4580_20230516191100,train_dev,166,1,2023-05-16 19:11:00,0,other,96.0,97.68766352050592,96.8485303005568,
166_1_4581_20230516200000,train_dev,166,1,2023-05-16 20:00:00,0,charge,97.0,97.63324218312256,96.8485303005568,
166_1_4582_20230516211900,train_dev,166,1,2023-05-16 21:19:00,0,other,97.0,97.50541976780156,96.8485303005568,
166_1_4583_20230516220000,train_dev,166,1,2023-05-16 22:00:00,0,charge,97.0,97.44951819580956,96.8485303005568,
166_1_4584_20230517113000,train_dev,166,1,2023-05-17 11:30:00,0,charge,96.0,97.33079191050622,96.8485303005568,
166_1_4585_20230517132000,train_dev,166,1,2023-05-17 13:20:00,0,other,96.0,97.19233302980368,96.8485303005568,
166_1_4586_20230517140000,train_dev,166,1,2023-05-17 14:00:00,0,charge,96.0,97.13827262596558,96.8485303005568,
166_1_4587_20230517150700,train_dev,166,1,2023-05-17 15:07:00,0,other,95.0,96.94695858774274,96.8485303005568,
166_1_4589_20230517160000,train_dev,166,1,2023-05-17 16:00:00,0,charge,95.0,96.86279076481304,96.8485303005568,
166_1_4590_20230517164700,train_dev,166,1,2023-05-17 16:47:00,0,other,96.0,96.77275800702697,96.8485303005568,
166_1_4591_20230517180000,train_dev,166,1,2023-05-17 18:00:00,0,charge,96.0,96.75242362391664,96.8485303005568,
166_1_4592_20230517181800,train_dev,166,1,2023-05-17 18:18:00,0,other,98.0,96.8565530801164,96.8485303005568,
166_1_4593_20230517200000,train_dev,166,1,2023-05-17 20:00:00,0,charge,98.0,96.88771558481314,96.8485303005568,
166_1_4594_20230517200100,train_dev,166,1,2023-05-17 20:01:00,0,other,97.0,96.89484107242708,96.8485303005568,
166_1_4595_20230517220000,train_dev,166,1,2023-05-17 22:00:00,0,charge,97.0,96.90963734478755,96.8485303005568,80.993
166_1_4574_20230519120400,train_dev,166,1,2023-05-19 12:04:00,0,charge,97.0,96.91287945704616,96.8485303005568,73.722595
166_1_4588_20230519160000,train_dev,166,1,2023-05-19 16:00:00,0,charge,95.0,96.86223062302253,96.8485303005568,72.69949
166_1_4615_20230531141000,train_dev,166,1,2023-05-31 14:10:00,0,other,97.0,96.91307489555712,96.8485303005568,94.02366
166_1_4614_20230531150000,train_dev,166,1,2023-05-31 15:00:00,0,charge,97.0,96.9210737023083,96.8485303005568,74.114586
166_1_4611_20230531173300,train_dev,166,1,2023-05-31 17:33:00,0,other,96.0,96.87824259409692,96.8485303005568,80.60268
166_1_4612_20230531182100,train_dev,166,1,2023-05-31 18:21:00,0,other,96.0,96.8079338890814,96.8485303005568,92.79398
166_1_4613_20230531190000,train_dev,166,1,2023-05-31 19:00:00,0,charge,96.0,96.7819346541186,96.8485303005568,90.66894
166_1_4620_20230603101100,train_dev,166,1,2023-06-03 10:11:00,1,flight,97.0,96.79056452285823,96.60040196256284,96.13125
166_1_4621_20230603110000,train_dev,166,1,2023-06-03 11:00:00,1,charge,97.0,96.79523420005737,96.60040196256284,96.238525
166_1_4622_20230604102500,train_dev,166,1,2023-06-04 10:25:00,2,flight,97.0,96.80155931103552,96.53627816098472,90.8092
166_1_4633_20230609143700,train_dev,166,1,2023-06-09 14:37:00,3,flight,97.0,96.80796142539351,96.52640054823384,96.2897
166_1_4634_20230609154500,train_dev,166,1,2023-06-09 15:45:00,3,charge,97.0,96.81208327391954,96.52640054823384,85.68704
166_1_4635_20230609165000,train_dev,166,1,2023-06-09 16:50:00,3,charge,97.0,96.81912465955324,96.52640054823384,94.56555
166_1_4636_20230611101200,train_dev,166,1,2023-06-11 10:12:00,4,flight,97.0,96.82680287656414,96.50806171414196,82.917
166_1_4639_20230611105000,train_dev,166,1,2023-06-11 10:50:00,4,charge,97.0,96.83271385251643,96.50806171414196,79.803024
166_1_4640_20230611111500,train_dev,166,1,2023-06-11 11:15:00,4,charge,97.0,96.8411914522441,96.50806171414196,86.00666
166_1_4669_20230621103800,train_dev,166,1,2023-06-21 10:38:00,5,flight,97.0,96.8485303005568,96.54048831646227,92.49857
166_1_4670_20230621105500,train_dev,166,1,2023-06-21 10:55:00,5,charge,97.0,96.85271631648926,96.54048831646227,79.38302
166_1_4714_20230705094900,train_dev,166,1,2023-07-05 09:49:00,5,charge,97.0,96.85446263431432,96.54048831646227,88.2686
166_1_4760_20230705104500,train_dev,166,1,2023-07-05 10:45:00,5,charge,96.0,96.8262866957548,96.54048831646227,87.353004
166_1_4759_20230711095600,train_dev,166,1,2023-07-11 09:56:00,5,charge,96.0,96.80879198061407,96.54048831646227,73.2087
166_1_4761_20230711104500,train_dev,166,1,2023-07-11 10:45:00,5,charge,96.0,96.7655754162053,96.54048831646227,79.07077
166_1_4764_20230719210800,train_dev,166,1,2023-07-19 21:08:00,5,other,96.0,96.66988120194716,96.54048831646227,85.6272
166_1_4765_20230719223000,train_dev,166,1,2023-07-19 22:30:00,5,charge,96.0,96.6110007776131,96.54048831646227,76.47862
166_1_4766_20230720095400,train_dev,166,1,2023-07-20 09:54:00,6,flight,96.0,96.60040196256284,96.61005022979002,88.688644
166_1_4767_20230720104500,train_dev,166,1,2023-07-20 10:45:00,6,charge,96.0,96.5720157808153,96.61005022979002,84.70211
166_1_4770_20230722060000,train_dev,166,1,2023-07-22 06:00:00,6,charge,96.0,96.54518202604312,96.61005022979002,94.90239
166_1_4780_20230722100000,train_dev,166,1,2023-07-22 10:00:00,7,flight,96.0,96.53627816098472,96.69666347812976,78.47894
166_1_4783_20230730100100,train_dev,166,1,2023-07-30 10:01:00,8,flight,96.0,96.52640054823384,96.71635158466876,96.01008
166_1_4784_20230730110000,train_dev,166,1,2023-07-30 11:00:00,8,charge,96.0,96.49944463783925,96.71635158466876,75.759224
166_1_4785_20230801101000,train_dev,166,1,2023-08-01 10:10:00,9,flight,97.0,96.50806171414196,96.73829173870227,91.11682
166_1_4786_20230801112200,train_dev,166,1,2023-08-01 11:22:00,9,charge,97.0,96.53258280422598,96.73829173870227,88.61174
166_1_4790_20230802105500,train_dev,166,1,2023-08-02 10:55:00,10,flight,97.0,96.54048831646227,96.75133520338682,90.17306
166_1_4791_20230803024500,train_dev,166,1,2023-08-03 02:45:00,10,charge,98.0,96.58667911674864,96.75133520338682,74.047195
166_1_4792_20230803102600,train_dev,166,1,2023-08-03 10:26:00,11,flight,98.0,96.61005022979002,96.7695508297,91.0102
166_1_4793_20230803105000,train_dev,166,1,2023-08-03 10:50:00,11,charge,98.0,96.67458564437376,96.7695508297,83.13829
166_1_4795_20230804101000,train_dev,166,1,2023-08-04 10:10:00,12,flight,98.0,96.69666347812976,96.78779773680397,96.55183
166_1_4796_20230804111000,train_dev,166,1,2023-08-04 11:10:00,12,charge,97.0,96.70293291551852,96.78779773680397,88.686485
166_1_4802_20230806101000,train_dev,166,1,2023-08-06 10:10:00,13,flight,97.0,96.71635158466876,96.72319669101768,77.71944
166_1_4803_20230806111000,train_dev,166,1,2023-08-06 11:10:00,13,charge,97.0,96.7238041886814,96.72319669101768,88.0258
166_1_4842_20230822102500,train_dev,166,1,2023-08-22 10:25:00,14,flight,97.0,96.73829173870227,96.30042156293082,90.60092
166_1_4845_20230822102500,train_dev,166,1,2023-08-22 10:25:00,15,flight,97.0,96.75133520338682,96.06757324082172,76.595894
166_1_4843_20230822113000,train_dev,166,1,2023-08-22 11:30:00,15,charge,97.0,96.75965900737192,96.06757324082172,83.4224
166_1_4850_20230827103200,train_dev,166,1,2023-08-27 10:32:00,16,flight,97.0,96.7695508297,95.89671962749378,96.77945
166_1_4851_20230827113000,train_dev,166,1,2023-08-27 11:30:00,16,charge,97.0,96.77671778098647,95.89671962749378,82.46309
166_1_4853_20230828104500,train_dev,166,1,2023-08-28 10:45:00,17,flight,97.0,96.78779773680397,95.76406294212146,92.605865
166_1_4854_20230828204500,train_dev,166,1,2023-08-28 20:45:00,17,charge,97.0,96.79150520462822,95.76406294212146,82.778366
166_1_4857_20230831103200,train_dev,166,1,2023-08-31 10:32:00,18,flight,95.0,96.72319669101768,95.72430208371004,79.736336
166_1_4858_20230831113000,train_dev,166,1,2023-08-31 11:30:00,18,charge,93.0,96.66708793161116,95.72430208371004,85.4026
166_1_4860_20230904110000,train_dev,166,1,2023-09-04 11:00:00,19,flight,91.0,96.30042156293082,95.68023531839836,96.46512
166_1_4861_20230904114500,train_dev,166,1,2023-09-04 11:45:00,19,charge,93.0,96.23802970014869,95.68023531839836,91.41901
166_1_4862_20230906104500,train_dev,166,1,2023-09-06 10:45:00,20,flight,93.0,96.06757324082172,95.65725147726268,91.23218
166_1_4863_20230906112000,train_dev,166,1,2023-09-06 11:20:00,20,charge,94.0,96.01722592478946,95.65725147726268,96.360374
166_1_4868_20230911105900,train_dev,166,1,2023-09-11 10:59:00,21,flight,94.0,95.89671962749378,95.47035569647184,73.40293
166_1_4869_20230911174400,train_dev,166,1,2023-09-11 17:44:00,21,charge,94.0,95.83856805103558,95.47035569647184,70.82563
166_1_4871_20230913105300,train_dev,166,1,2023-09-13 10:53:00,22,flight,94.0,95.76406294212146,95.32317373691752,71.444176
166_1_4872_20230913114500,train_dev,166,1,2023-09-13 11:45:00,22,charge,95.0,95.74928119306615,95.32317373691752,89.67341
166_1_4901_20230914105900,train_dev,166,1,2023-09-14 10:59:00,23,flight,95.0,95.72430208371004,95.05577487517408,76.55076
166_1_4902_20230914114500,train_dev,166,1,2023-09-14 11:45:00,23,charge,95.0,95.70488482384346,95.05577487517408,87.576706
166_1_4903_20230915121700,train_dev,166,1,2023-09-15 12:17:00,24,flight,95.0,95.68023531839836,94.78323504052686,93.217636
166_1_4904_20230915121700,train_dev,166,1,2023-09-15 12:17:00,25,flight,95.0,95.65725147726268,94.47905387971196,96.47905
166_1_4908_20230918145500,train_dev,166,1,2023-09-18 14:55:00,26,flight,91.0,95.47035569647184,94.18255434462564,71.49425
166_1_4906_20230919112600,train_dev,166,1,2023-09-19 11:26:00,27,flight,91.0,95.32317373691752,93.927314520149,88.84748
166_1_4907_20230919114500,train_dev,166,1,2023-09-19 11:45:00,27,charge,91.0,95.21700489808303,93.927314520149,78.34717
166_1_4909_20230921105000,train_dev,166,1,2023-09-21 10:50:00,28,flight,91.0,95.05577487517408,93.73146460886927,89.02203
166_1_4914_20230921120000,train_dev,166,1,2023-09-21 12:00:00,28,charge,90.0,94.96751341548628,93.73146460886927,88.830765
166_1_4915_20230922104700,train_dev,166,1,2023-09-22 10:47:00,29,flight,90.0,94.78323504052686,93.53575323647772,88.57029
166_1_4916_20230922113500,train_dev,166,1,2023-09-22 11:35:00,29,charge,90.0,94.67034361047058,93.53575323647772,96.22552
166_1_4910_20230924110400,train_dev,166,1,2023-09-24 11:04:00,30,flight,90.0,94.47905387971196,93.32308554373336,96.25108
166_1_4911_20230924112000,train_dev,166,1,2023-09-24 11:20:00,30,charge,90.0,94.35484033355172,93.32308554373336,82.908516
166_1_4917_20230925110000,train_dev,166,1,2023-09-25 11:00:00,31,flight,90.0,94.18255434462564,93.16602955373644,90.316376
166_1_4918_20230925114500,train_dev,166,1,2023-09-25 11:45:00,31,charge,89.0,94.09839437240208,93.16602955373644,78.66
166_1_4919_20230925130700,train_dev,166,1,2023-09-25 13:07:00,32,flight,89.0,93.927314520149,93.06033523684955,71.5243
166_1_4920_20230925134500,train_dev,166,1,2023-09-25 13:45:00,32,charge,90.0,93.87013216559828,93.06033523684955,70.854675
166_1_4921_20230927113200,train_dev,166,1,2023-09-27 11:32:00,33,flight,90.0,93.73146460886927,92.96869289177086,90.04457
166_1_4922_20230927114500,train_dev,166,1,2023-09-27 11:45:00,33,charge,89.0,93.66680235595032,92.96869289177086,90.49914
166_1_4923_20230927123400,train_dev,166,1,2023-09-27 12:34:00,34,flight,89.0,93.53575323647772,92.7878426382729,96.73358
166_1_4924_20230927131000,train_dev,166,1,2023-09-27 13:10:00,34,charge,89.0,93.4295901727476,92.7878426382729,73.18839
166_1_4925_20230928110400,train_dev,166,1,2023-09-28 11:04:00,35,flight,89.0,93.32308554373336,92.48767065313,92.77538
166_1_4926_20230928114500,train_dev,166,1,2023-09-28 11:45:00,35,charge,90.0,93.27928537399964,92.48767065313,96.41437
166_1_4927_20230928125300,train_dev,166,1,2023-09-28 12:53:00,36,flight,90.0,93.16602955373644,92.1617788497711,77.88464
166_1_6362_20230928125300,train_dev,166,1,2023-09-28 12:53:00,37,flight,90.0,93.06033523684955,91.9722485962546,88.196686
166_1_4928_20230928134500,train_dev,166,1,2023-09-28 13:45:00,37,charge,92.0,93.05141774906664,91.9722485962546,72.85029
166_1_4929_20230929111500,train_dev,166,1,2023-09-29 11:15:00,38,flight,90.0,92.96869289177086,91.7081699280807,79.175095
166_1_4930_20230929120000,train_dev,166,1,2023-09-29 12:00:00,38,charge,88.0,92.92407349129034,91.7081699280807,72.603096
166_1_4931_20230929132800,train_dev,166,1,2023-09-29 13:28:00,39,flight,88.0,92.7878426382729,91.006851756949,77.584496
166_1_4932_20230929140000,train_dev,166,1,2023-09-29 14:00:00,39,charge,87.0,92.71734769364856,91.006851756949,96.41917
166_1_4936_20230930205400,train_dev,166,1,2023-09-30 20:54:00,40,flight,87.0,92.48767065313,90.83366651628462,96.50914
166_1_4937_20230930213000,train_dev,166,1,2023-09-30 21:30:00,40,charge,86.0,92.39241638668165,90.83366651628462,79.51582
166_1_4938_20230930222400,train_dev,166,1,2023-09-30 22:24:00,41,flight,86.0,92.1617788497711,90.6044606482841,77.73873
166_1_4939_20230930233000,train_dev,166,1,2023-09-30 23:30:00,41,charge,88.0,92.1212092484982,90.6044606482841,93.31108
166_1_4940_20231001205000,train_dev,166,1,2023-10-01 20:50:00,42,flight,88.0,91.9722485962546,90.33643916756937,95.56215
166_1_4941_20231001214000,train_dev,166,1,2023-10-01 21:40:00,42,charge,88.0,91.888806994874,90.33643916756937,77.383095
166_1_4942_20231001214000,train_dev,166,1,2023-10-01 21:40:00,42,charge,88.0,91.80879856025878,90.33643916756937,96.42995
166_1_4975_20231010112900,train_dev,166,1,2023-10-10 11:29:00,43,flight,88.0,91.7081699280807,89.71326178244173,79.45787
166_1_4973_20231010151400,train_dev,166,1,2023-10-10 15:14:00,43,other,83.0,91.37587957372624,89.71326178244173,71.22209
166_1_4972_20231010173700,train_dev,166,1,2023-10-10 17:37:00,43,charge,83.0,91.23486143510624,89.71326178244173,96.465034
166_1_4974_20231010175400,train_dev,166,1,2023-10-10 17:54:00,43,charge,88.0,91.20783404792827,89.71326178244173,85.390305
166_1_4976_20231011112700,train_dev,166,1,2023-10-11 11:27:00,44,flight,83.0,91.006851756949,89.29562036689435,92.07701
166_1_4977_20231011123000,train_dev,166,1,2023-10-11 12:30:00,44,charge,86.0,90.96775573509105,89.29562036689435,92.19786
166_1_4981_20231011175000,train_dev,166,1,2023-10-11 17:50:00,45,flight,86.0,90.83366651628462,89.05706828283624,76.238464
166_1_4982_20231011183000,train_dev,166,1,2023-10-11 18:30:00,45,charge,85.0,90.7616694164141,89.05706828283624,71.28964
166_1_4983_20231011194300,train_dev,166,1,2023-10-11 19:43:00,46,flight,85.0,90.6044606482841,88.8934265229185,90.16296
166_1_4984_20231011201000,train_dev,166,1,2023-10-11 20:10:00,46,charge,84.0,90.53132709084836,88.8934265229185,94.64923
166_1_4978_20231011214700,train_dev,166,1,2023-10-11 21:47:00,47,flight,84.0,90.33643916756937,88.72109582729755,88.07343
166_1_4979_20231011224500,train_dev,166,1,2023-10-11 22:45:00,47,charge,84.0,90.23512032901496,88.72109582729755,90.96955
166_1_4985_20231012121600,train_dev,166,1,2023-10-12 12:16:00,47,other,84.0,90.05552524794855,88.72109582729755,96.28542
166_1_4986_20231012143000,train_dev,166,1,2023-10-12 14:30:00,47,charge,84.0,89.86410283965363,88.72109582729755,74.28245
166_1_4987_20231012150600,train_dev,166,1,2023-10-12 15:06:00,48,flight,84.0,89.71326178244173,89.04983194887393,85.12319
166_1_4988_20231012154500,train_dev,166,1,2023-10-12 15:45:00,48,charge,84.0,89.55110256250055,89.04983194887393,82.6006
166_1_4989_20231012160000,train_dev,166,1,2023-10-12 16:00:00,48,charge,84.0,89.44225731160111,89.04983194887393,72.452095
166_1_4990_20231012164300,train_dev,166,1,2023-10-12 16:43:00,49,flight,84.0,89.29562036689435,89.1441317695984,83.0868
166_1_4991_20231012172300,train_dev,166,1,2023-10-12 17:23:00,49,charge,84.0,89.19330768162713,89.1441317695984,94.17298
166_1_4992_20231012183900,train_dev,166,1,2023-10-12 18:39:00,50,flight,84.0,89.05706828283624,89.31071156077807,81.394905
166_1_4993_20231012192400,train_dev,166,1,2023-10-12 19:24:00,50,charge,84.0,88.99300284228822,89.31071156077807,81.52189
166_1_4994_20231014114500,train_dev,166,1,2023-10-14 11:45:00,51,flight,84.0,88.8934265229185,89.39887487342884,76.33398
166_1_4995_20231014183000,train_dev,166,1,2023-10-14 18:30:00,51,charge,84.0,88.82002532316545,89.39887487342884,94.765495
166_1_4999_20231016130000,train_dev,166,1,2023-10-16 13:00:00,52,flight,84.0,88.72109582729755,89.47930135478478,70.80089
166_1_5000_20231016142500,train_dev,166,1,2023-10-16 14:25:00,52,charge,84.0,88.66617576617979,89.47930135478478,81.31487
166_1_5001_20231016152900,train_dev,166,1,2023-10-16 15:29:00,52,other,86.0,88.48300045531046,89.47930135478478,81.47653
166_1_5002_20231016154600,train_dev,166,1,2023-10-16 15:46:00,52,other,86.0,88.41859930789781,89.47930135478478,96.38953
166_1_5003_20231016160000,train_dev,166,1,2023-10-16 16:00:00,52,charge,86.0,88.40255825085032,89.47930135478478,82.27605
166_1_5004_20231016163000,train_dev,166,1,2023-10-16 16:30:00,52,charge,92.0,88.55865363620963,89.47930135478478,88.63131
166_1_5005_20231016173000,train_dev,166,1,2023-10-16 17:30:00,52,other,92.0,88.6605447584547,89.47930135478478,88.4488
166_1_5006_20231016175300,train_dev,166,1,2023-10-16 17:53:00,52,other,92.0,88.71217050340461,89.47930135478478,92.82852
166_1_5007_20231016193000,train_dev,166,1,2023-10-16 19:30:00,52,charge,92.0,88.7354398553812,89.47930135478478,96.42813
166_1_5012_20231017105000,train_dev,166,1,2023-10-17 10:50:00,52,charge,95.0,88.89918962644848,89.47930135478478,88.66802
166_1_5013_20231017113000,train_dev,166,1,2023-10-17 11:30:00,53,flight,95.0,89.04983194887393,89.56300100390361,77.08455
166_1_5023_20231017143000,train_dev,166,1,2023-10-17 14:30:00,54,flight,94.0,89.1441317695984,89.67664223856507,78.05364
166_1_5024_20231017164000,train_dev,166,1,2023-10-17 16:40:00,54,charge,94.0,89.23791504847823,89.67664223856507,95.311935
166_1_5025_20231017164000,train_dev,166,1,2023-10-17 16:40:00,55,flight,95.0,89.31071156077807,89.69685786454649,94.699715
166_1_5019_20231018114700,train_dev,166,1,2023-10-18 11:47:00,56,flight,95.0,89.39887487342884,89.59911271167955,73.09461
166_1_5020_20231018124500,train_dev,166,1,2023-10-18 12:45:00,56,charge,95.0,89.42600483870254,89.59911271167955,72.664276
166_1_5021_20231018140300,train_dev,166,1,2023-10-18 14:03:00,57,flight,92.0,89.47930135478478,89.46709856727435,82.80195
166_1_5022_20231018150000,train_dev,166,1,2023-10-18 15:00:00,57,charge,92.0,89.51067044502182,89.46709856727435,91.36656
166_1_5034_20231018194800,train_dev,166,1,2023-10-18 19:48:00,58,flight,92.0,89.56300100390361,89.1763315326906,88.70512
166_1_5035_20231018220000,train_dev,166,1,2023-10-18 22:00:00,58,charge,93.0,89.59271632820081,89.1763315326906,90.832275
166_1_5095_20231019130000,train_dev,166,1,2023-10-19 13:00:00,58,charge,93.0,89.62370913300394,89.1763315326906,77.9624
166_1_5096_20231019135300,train_dev,166,1,2023-10-19 13:53:00,59,flight,93.0,89.67664223856507,89.10206329891085,75.2038
166_1_5097_20231019150000,train_dev,166,1,2023-10-19 15:00:00,59,charge,93.0,89.70289225957254,89.10206329891085,90.68083
166_1_5191_20231019170000,train_dev,166,1,2023-10-19 17:00:00,59,charge,93.0,89.73133783239415,89.10206329891085,91.57684
166_1_5189_20231023115500,train_dev,166,1,2023-10-23 11:55:00,59,other,93.0,89.79685024266156,89.10206329891085,89.561714
166_1_5190_20231023160000,train_dev,166,1,2023-10-23 16:00:00,60,flight,81.0,89.69685786454649,89.09891436447536,80.99923
166_1_5192_20231023160000,train_dev,166,1,2023-10-23 16:00:00,61,flight,81.0,89.59911271167955,89.09644587156278,91.52555
166_1_5193_20231023162700,train_dev,166,1,2023-10-23 16:27:00,61,charge,81.0,89.47799185831411,89.09644587156278,78.38965
166_1_5036_20231023170000,train_dev,166,1,2023-10-23 17:00:00,61,charge,93.0,89.56991992105856,89.09644587156278,74.399284
166_1_5194_20231023200000,train_dev,166,1,2023-10-23 20:00:00,62,flight,80.0,89.46709856727435,89.09280195080538,91.113556
166_1_5195_20231023204000,train_dev,166,1,2023-10-23 20:40:00,62,charge,80.0,89.30012576648363,89.09280195080538,90.799225
166_1_5030_20231023214500,train_dev,166,1,2023-10-23 21:45:00,62,charge,84.0,89.27226442906938,89.09280195080538,88.880714
166_1_5037_20231024114500,train_dev,166,1,2023-10-24 11:45:00,63,flight,84.0,89.1763315326906,89.087317343758,72.26892
166_1_5038_20231024125900,train_dev,166,1,2023-10-24 12:59:00,63,charge,86.0,89.15371449141344,89.087317343758,92.22877
166_1_5039_20231024141200,train_dev,166,1,2023-10-24 14:12:00,64,flight,86.0,89.10206329891085,89.06659453440327,81.565254
166_1_5040_20231024151500,train_dev,166,1,2023-10-24 15:15:00,64,charge,89.0,89.1015125248502,89.06659453440327,88.50238
166_1_5071_20231026202100,train_dev,166,1,2023-10-26 20:21:00,65,flight,89.0,89.09891436447536,88.40147869316746,72.443375
166_1_5072_20231026202100,train_dev,166,1,2023-10-26 20:21:00,66,flight,89.0,89.09644587156278,88.27087751755008,79.88271
166_1_5073_20231026205100,train_dev,166,1,2023-10-26 20:51:00,66,charge,89.0,89.09492882558214,88.27087751755008,96.67947
166_1_5074_20231026214300,train_dev,166,1,2023-10-26 21:43:00,67,flight,89.0,89.09280195080538,88.06826523756168,71.261925
166_1_5075_20231026223000,train_dev,166,1,2023-10-26 22:30:00,67,charge,89.0,89.09091279840902,88.06826523756168,79.20702
166_1_5063_20231027104500,train_dev,166,1,2023-10-27 10:45:00,67,charge,89.0,89.08877221364288,88.06826523756168,77.85518
166_1_5064_20231027120500,train_dev,166,1,2023-10-27 12:05:00,68,flight,89.0,89.087317343758,86.99991251477688,72.47601
166_1_5065_20231027125800,train_dev,166,1,2023-10-27 12:58:00,68,charge,89.0,89.08570025295968,86.99991251477688,72.49856
166_1_5067_20231030132000,train_dev,166,1,2023-10-30 13:20:00,68,other,89.0,89.07743297560485,86.99991251477688,80.23097
166_1_5070_20231030134500,train_dev,166,1,2023-10-30 13:45:00,68,charge,89.0,89.07618211671976,86.99991251477688,78.24934
166_1_5068_20231030143000,train_dev,166,1,2023-10-30 14:30:00,68,other,89.0,89.07410378712339,86.99991251477688,83.15433
166_1_5069_20231030154900,train_dev,166,1,2023-10-30 15:49:00,68,other,89.0,89.0717234835092,86.99991251477688,80.12582
166_1_5109_20231031132200,train_dev,166,1,2023-10-31 13:22:00,69,flight,89.0,89.06659453440327,82.98214683997602,73.325775
166_1_5110_20231031152500,train_dev,166,1,2023-10-31 15:25:00,69,other,89.0,89.0624324850948,82.98214683997602,75.76299
166_1_5111_20231101095100,train_dev,166,1,2023-11-01 09:51:00,69,charge,89.0,89.0605573616118,82.98214683997602,70.96247
166_1_5112_20231101144800,train_dev,166,1,2023-11-01 14:48:00,69,other,89.0,89.05956992827083,82.98214683997602,91.02499
166_1_5113_20231101154800,train_dev,166,1,2023-11-01 15:48:00,69,charge,89.0,89.05837907393465,82.98214683997602,93.71956
166_1_5114_20231101200000,train_dev,166,1,2023-11-01 20:00:00,69,charge,89.0,89.05553806203883,82.98214683997602,78.59849
166_1_5115_20231102200600,train_dev,166,1,2023-11-02 20:06:00,69,charge,78.0,88.6719157879241,82.98214683997602,71.461174
166_1_5118_20231104174500,train_dev,166,1,2023-11-04 17:45:00,69,charge,79.0,88.58215748039368,82.98214683997602,96.70818
166_1_5116_20231104180000,train_dev,166,1,2023-11-04 18:00:00,70,flight,78.0,88.40147869316746,82.86980207084204,91.20792
166_1_5117_20231104205000,train_dev,166,1,2023-11-04 20:50:00,71,flight,79.0,88.27087751755008,73.43213334983366,89.00066
166_1_5119_20231104225000,train_dev,166,1,2023-11-04 22:50:00,71,charge,79.0,88.19181363523782,73.43213334983366,91.33127
166_1_5127_20231106125500,train_dev,166,1,2023-11-06 12:55:00,72,flight,80.0,88.06826523756168,73.24240072156196,78.88079
166_1_5108_20231106160000,train_dev,166,1,2023-11-06 16:00:00,72,charge,82.0,88.0317082836756,73.24240072156196,74.69615
166_1_5188_20231114180000,train_dev,166,1,2023-11-14 18:00:00,72,other,82.0,87.15227859236582,73.24240072156196,90.65418
166_1_5205_20231116190800,train_dev,166,1,2023-11-16 19:08:00,73,flight,82.0,86.99991251477688,73.02002898177449,88.92344
166_1_5204_20231116211600,train_dev,166,1,2023-11-16 21:16:00,73,charge,81.0,86.9373660898613,73.02002898177449,92.936844
166_1_5207_20231120143500,train_dev,166,1,2023-11-20 14:35:00,73,other,77.0,86.7569250836992,73.02002898177449,73.25849
166_1_5206_20231120150500,train_dev,166,1,2023-11-20 15:05:00,73,charge,77.0,86.6870720374947,73.02002898177449,72.4674
166_1_5208_20231120175600,train_dev,166,1,2023-11-20 17:56:00,73,other,72.0,86.36553213814376,73.02002898177449,96.236725
166_1_5209_20231120202500,train_dev,166,1,2023-11-20 20:25:00,73,charge,72.0,86.15077654823514,73.02002898177449,76.74655
166_1_5285_20231130160700,train_dev,166,1,2023-11-30 16:07:00,73,other,72.0,85.72345333217393,73.02002898177449,78.93165
166_1_5286_20231130170000,train_dev,166,1,2023-11-30 17:00:00,73,charge,72.0,85.36673989456787,73.02002898177449,91.42846
166_1_5295_20231207174900,train_dev,166,1,2023-12-07 17:49:00,73,other,72.0,84.95991253519304,73.02002898177449,77.763176
166_1_5296_20231207182500,train_dev,166,1,2023-12-07 18:25:00,73,charge,72.0,84.77378682984256,73.02002898177449,78.72305
166_1_5358_20231207192600,train_dev,166,1,2023-12-07 19:26:00,73,other,74.0,84.19166898937127,73.02002898177449,89.239494
166_1_5298_20231208164400,train_dev,166,1,2023-12-08 16:44:00,73,other,80.0,84.07266877588836,73.02002898177449,90.84999
166_1_5299_20231208174000,train_dev,166,1,2023-12-08 17:40:00,73,charge,79.0,83.99673945956776,73.02002898177449,75.07723
166_1_5300_20231208200000,train_dev,166,1,2023-12-08 20:00:00,73,other,79.0,83.86315917194977,73.02002898177449,96.39118
166_1_5301_20231208204500,train_dev,166,1,2023-12-08 20:45:00,73,charge,80.0,83.80839564972942,73.02002898177449,96.46599
166_1_5359_20231208204500,train_dev,166,1,2023-12-08 20:45:00,73,charge,74.0,83.72127014761212,73.02002898177449,78.141624
166_1_5361_20231214100500,train_dev,166,1,2023-12-14 10:05:00,73,charge,77.0,83.6117882363715,73.02002898177449,94.45397
166_1_5369_20231214162000,train_dev,166,1,2023-12-14 16:20:00,73,other,80.0,83.50335154146548,73.02002898177449,73.38298
166_1_5370_20231214170000,train_dev,166,1,2023-12-14 17:00:00,73,charge,80.0,83.47036913546643,73.02002898177449,96.7063
166_1_5371_20231214183300,train_dev,166,1,2023-12-14 18:33:00,73,other,77.0,83.29181657391564,73.02002898177449,76.84573
166_1_5372_20231214191000,train_dev,166,1,2023-12-14 19:10:00,73,charge,77.0,83.16911453398181,73.02002898177449,95.63779
166_1_5360_20231214212400,train_dev,166,1,2023-12-14 21:24:00,73,other,77.0,82.98146907377426,73.02002898177449,81.25456
166_1_5363_20231215170500,train_dev,166,1,2023-12-15 17:05:00,73,charge,83.0,82.9816254887576,73.02002898177449,88.82913
166_1_5362_20231215190400,train_dev,166,1,2023-12-15 19:04:00,74,flight,83.0,82.98214683997602,71.88754250059256,91.47571
166_1_5365_20231216190000,train_dev,166,1,2023-12-16 19:00:00,74,other,82.0,82.92871167202556,71.88754250059256,96.410515
166_1_5366_20231216192000,train_dev,166,1,2023-12-16 19:20:00,74,charge,82.0,82.90024612994439,71.88754250059256,82.2461
166_1_5367_20231216201200,train_dev,166,1,2023-12-16 20:12:00,75,flight,82.0,82.86980207084204,71.85035581743567,96.23982
166_1_5368_20231216211500,train_dev,166,1,2023-12-16 21:15:00,75,charge,87.0,82.90491619327366,71.85035581743567,71.485954
166_1_5364_20231217042500,train_dev,166,1,2023-12-17 04:25:00,75,charge,83.0,82.90864220313837,71.85035581743567,79.2
166_1_5379_20231219183000,train_dev,166,1,2023-12-19 18:30:00,75,other,87.0,83.01018475209676,71.85035581743567,96.50554
166_1_5380_20231219190000,train_dev,166,1,2023-12-19 19:00:00,75,charge,87.0,83.16593612900385,71.85035581743567,96.16736
166_1_5382_20231219193500,train_dev,166,1,2023-12-19 19:35:00,75,charge,87.0,83.51347736297664,71.85035581743567,82.60196
166_1_5381_20231219193700,train_dev,166,1,2023-12-19 19:37:00,75,other,87.0,83.67120348771171,71.85035581743567,96.69916
166_1_5383_20231220171500,train_dev,166,1,2023-12-20 17:15:00,75,charge,86.0,83.75055236277122,71.85035581743567,96.724304
166_1_5384_20231220181500,train_dev,166,1,2023-12-20 18:15:00,75,other,86.0,83.79333141729514,71.85035581743567,72.48154
166_1_5385_20231220190000,train_dev,166,1,2023-12-20 19:00:00,75,charge,86.0,83.80729977152023,71.85035581743567,73.175026
166_1_5386_20231220202800,train_dev,166,1,2023-12-20 20:28:00,75,other,83.0,83.7915352130858,71.85035581743567,90.61667
166_1_5387_20231220215000,train_dev,166,1,2023-12-20 21:50:00,75,charge,83.0,83.76125320779092,71.85035581743567,96.32682
166_1_5388_20231221001500,train_dev,166,1,2023-12-21 00:15:00,75,charge,83.0,83.67232980943848,71.85035581743567,96.487595
166_1_5389_20231221011500,train_dev,166,1,2023-12-21 01:15:00,75,other,83.0,83.64488808250003,71.85035581743567,95.79932
166_1_5390_20231221013000,train_dev,166,1,2023-12-21 01:30:00,75,charge,83.0,83.60333557228554,71.85035581743567,83.54376
166_1_5434_20240122192500,train_dev,166,1,2024-01-22 19:25:00,75,charge,76.0,83.46970979703211,71.85035581743567,85.773445
166_1_5425_20240123034500,train_dev,166,1,2024-01-23 03:45:00,75,charge,76.0,83.3398119990066,71.85035581743567,93.2908
166_1_5768_20240405113200,train_dev,166,1,2024-04-05 11:32:00,75,other,67.0,81.4257983099474,71.85035581743567,76.38232
166_1_5769_20240405124000,train_dev,166,1,2024-04-05 12:40:00,75,charge,67.0,80.44775397340628,71.85035581743567,79.93245
166_1_5770_20240405131500,train_dev,166,1,2024-04-05 13:15:00,75,charge,67.0,78.68414254706795,71.85035581743567,96.22149
166_1_5771_20240405142600,train_dev,166,1,2024-04-05 14:26:00,75,other,67.0,76.6417576453618,71.85035581743567,81.406654
166_1_5772_20240405165200,train_dev,166,1,2024-04-05 16:52:00,75,other,67.0,75.15162834693143,71.85035581743567,71.2754
166_1_5773_20240405170000,train_dev,166,1,2024-04-05 17:00:00,75,charge,67.0,74.49257394443075,71.85035581743567,96.333305
166_1_5774_20240405170500,train_dev,166,1,2024-04-05 17:05:00,75,charge,65.0,74.00830543047707,71.85035581743567,96.22785
166_1_5775_20240406110500,train_dev,166,1,2024-04-06 11:05:00,75,charge,65.0,73.67317480057028,71.85035581743567,96.39596
166_1_5776_20240407135800,train_dev,166,1,2024-04-07 13:58:00,76,flight,65.0,73.43213334983366,71.76050653666987,86.321205
166_1_5777_20240407145500,train_dev,166,1,2024-04-07 14:55:00,76,charge,66.0,73.36734127018987,71.76050653666987,73.18624
166_1_5778_20240407145500,train_dev,166,1,2024-04-07 14:55:00,77,flight,66.0,73.24240072156196,71.6826611603813,88.71101
166_1_5779_20240407162400,train_dev,166,1,2024-04-07 16:24:00,77,charge,66.0,73.10313257854065,71.6826611603813,73.2396
166_1_5784_20240408161400,train_dev,166,1,2024-04-08 16:14:00,78,flight,70.0,73.02002898177449,71.59870307105514,91.32569
166_1_5783_20240408170500,train_dev,166,1,2024-04-08 17:05:00,78,charge,71.0,72.99658772302823,71.59870307105514,93.61167
166_1_5787_20240409114100,train_dev,166,1,2024-04-09 11:41:00,78,other,71.0,72.94163970923859,71.59870307105514,85.59427
166_1_5788_20240409124000,train_dev,166,1,2024-04-09 12:40:00,78,charge,71.0,72.92707671755069,71.59870307105514,70.783844
166_1_5789_20240409143000,train_dev,166,1,2024-04-09 14:30:00,78,other,64.0,72.68162299019168,71.59870307105514,75.590775
166_1_5790_20240409151500,train_dev,166,1,2024-04-09 15:15:00,78,charge,64.0,72.4227134381707,71.59870307105514,85.31483
166_1_5792_20240410111000,train_dev,166,1,2024-04-10 11:10:00,78,charge,66.0,72.33134770787764,71.59870307105514,96.20923
166_1_5793_20240410123700,train_dev,166,1,2024-04-10 12:37:00,78,other,66.0,72.13098824466996,71.59870307105514,81.4389
166_1_5794_20240410132000,train_dev,166,1,2024-04-10 13:20:00,78,charge,67.0,72.06867761469856,71.59870307105514,87.31708
166_1_5795_20240410143400,train_dev,166,1,2024-04-10 14:34:00,79,flight,67.0,71.88754250059256,71.57134780998022,80.06787
166_1_5796_20240410153000,train_dev,166,1,2024-04-10 15:30:00,79,charge,71.0,71.880473151837,71.57134780998022,88.60242
166_1_5797_20240410212000,train_dev,166,1,2024-04-10 21:20:00,80,flight,71.0,71.85035581743567,71.66879789130876,71.03508
166_1_5813_20240415215000,train_dev,166,1,2024-04-15 21:50:00,80,charge,70.0,71.81143750409198,71.66879789130876,73.18417
166_1_5814_20240415232600,train_dev,166,1,2024-04-15 23:26:00,81,flight,70.0,71.76050653666987,71.91243621854507,71.1697
166_1_5818_20240416131500,train_dev,166,1,2024-04-16 13:15:00,81,charge,70.0,71.72915107590556,71.91243621854507,91.22093
166_1_5819_20240416152000,train_dev,166,1,2024-04-16 15:20:00,82,flight,70.0,71.6826611603813,71.52445156896567,78.45835
166_1_5820_20240416152000,train_dev,166,1,2024-04-16 15:20:00,82,charge,70.0,71.64964814860159,71.52445156896567,87.43557
166_1_5821_20240416172500,train_dev,166,1,2024-04-16 17:25:00,83,flight,70.0,71.59870307105514,71.44228085410496,79.117744
166_1_5822_20240416182300,train_dev,166,1,2024-04-16 18:23:00,83,charge,71.0,71.58958088006104,71.44228085410496,88.59453
166_1_5823_20240416201600,train_dev,166,1,2024-04-16 20:16:00,84,flight,71.0,71.57134780998022,71.35922898168847,80.481544
166_1_5829_20240416205500,train_dev,166,1,2024-04-16 20:55:00,84,charge,74.0,71.5921653469944,71.35922898168847,88.70823
166_1_5830_20240416220600,train_dev,166,1,2024-04-16 22:06:00,85,flight,74.0,71.66879789130876,71.27065577185942,96.22096
166_1_5836_20240420121000,train_dev,166,1,2024-04-20 12:10:00,85,charge,74.0,71.72668800889666,71.27065577185942,82.27557
166_1_5837_20240420201400,train_dev,166,1,2024-04-20 20:14:00,86,flight,75.0,71.91243621854507,71.26367613703033,75.875084
166_1_5838_20240420204000,train_dev,166,1,2024-04-20 20:40:00,86,charge,78.0,71.957168006205,71.26367613703033,79.67496
166_1_5842_20240421112900,train_dev,166,1,2024-04-21 11:29:00,86,other,78.0,72.09948312411916,71.26367613703033,84.95228
166_1_5843_20240421121500,train_dev,166,1,2024-04-21 12:15:00,86,charge,71.0,72.09226777948322,71.26367613703033,78.55762
166_1_5844_20240421132900,train_dev,166,1,2024-04-21 13:29:00,86,other,71.0,72.06699698406784,71.26367613703033,85.683945
166_1_5845_20240421142000,train_dev,166,1,2024-04-21 14:20:00,86,charge,71.0,72.04981686145798,71.26367613703033,96.51556
166_1_5848_20240422101000,train_dev,166,1,2024-04-22 10:10:00,86,charge,70.0,71.9997239926814,71.26367613703033,87.9281
166_1_5849_20240422104700,train_dev,166,1,2024-04-22 10:47:00,86,other,70.0,71.95353630283692,71.26367613703033,88.4295
166_1_5850_20240422112500,train_dev,166,1,2024-04-22 11:25:00,86,charge,68.0,71.92391522889314,71.26367613703033,74.715775
166_1_5851_20240422121400,train_dev,166,1,2024-04-22 12:14:00,86,other,68.0,71.82774805918369,71.26367613703033,71.46859
166_1_5852_20240422121500,train_dev,166,1,2024-04-22 12:15:00,86,charge,69.0,71.79905213500804,71.26367613703033,79.682076
166_1_5853_20240422185500,train_dev,166,1,2024-04-22 18:55:00,86,other,69.0,71.73112801648153,71.26367613703033,77.33753
166_1_5861_20240424150000,train_dev,166,1,2024-04-24 15:00:00,86,charge,69.0,71.67039443863986,71.26367613703033,73.18175
166_1_5862_20240424161500,train_dev,166,1,2024-04-24 16:15:00,86,other,69.0,71.61546609143397,71.26367613703033,96.33409
166_1_5863_20240424165500,train_dev,166,1,2024-04-24 16:55:00,86,charge,69.0,71.57309891605988,71.26367613703033,71.97483
166_1_5868_20240424181700,train_dev,166,1,2024-04-24 18:17:00,87,flight,69.0,71.52445156896567,73.62781079939757,81.209496
166_1_5869_20240424190000,train_dev,166,1,2024-04-24 19:00:00,87,charge,69.0,71.48993516542083,73.62781079939757,86.67759
166_1_5870_20240424195000,train_dev,166,1,2024-04-24 19:50:00,88,flight,69.0,71.44228085410496,74.28291402887646,86.48197
166_1_5871_20240424203000,train_dev,166,1,2024-04-24 20:30:00,88,charge,69.0,71.40373753566143,74.28291402887646,96.49276
166_1_5874_20240424221700,train_dev,166,1,2024-04-24 22:17:00,89,flight,69.0,71.35922898168847,75.11152979147846,96.467
166_1_5875_20240424231000,train_dev,166,1,2024-04-24 23:10:00,89,charge,69.0,71.30474024384716,75.11152979147846,88.472374
166_1_5876_20240425105000,train_dev,166,1,2024-04-25 10:50:00,89,charge,70.0,71.27363295364661,75.11152979147846,96.64954
166_1_5877_20240425113000,train_dev,166,1,2024-04-25 11:30:00,89,other,70.0,71.2529349397668,75.11152979147846,95.12045
166_1_5878_20240425121000,train_dev,166,1,2024-04-25 12:10:00,89,charge,72.0,71.25815027468991,75.11152979147846,85.54525
166_1_5879_20240425141800,train_dev,166,1,2024-04-25 14:18:00,90,flight,72.0,71.27065577185942,76.78699664101744,88.474754
166_1_5880_20240425151500,train_dev,166,1,2024-04-25 15:15:00,90,charge,71.0,71.26826153385748,76.78699664101744,86.46083
166_1_5881_20240425184400,train_dev,166,1,2024-04-25 18:44:00,91,flight,71.0,71.26367613703033,77.40890327414758,81.09175
166_1_5882_20240425194500,train_dev,166,1,2024-04-25 19:45:00,91,charge,71.0,71.25390468773921,77.40890327414758,91.136154
166_1_5890_20240429221000,train_dev,166,1,2024-04-29 22:10:00,91,charge,71.0,71.24904989755525,77.40890327414758,96.3096
166_1_5891_20240429224500,train_dev,166,1,2024-04-29 22:45:00,91,other,71.0,71.24415298044799,77.40890327414758,96.35589
166_1_5899_20240501170000,train_dev,166,1,2024-05-01 17:00:00,91,charge,100.0,71.95452687131292,77.40890327414758,70.78748
166_1_5900_20240501192100,train_dev,166,1,2024-05-01 19:21:00,91,other,100.0,72.53546162407929,77.40890327414758,95.26568
166_1_5914_20240502144500,train_dev,166,1,2024-05-02 14:45:00,91,charge,100.0,73.13056328263089,77.40890327414758,95.14458
166_1_5915_20240502153800,train_dev,166,1,2024-05-02 15:38:00,92,flight,100.0,73.62781079939757,77.74291966441156,96.69841
166_1_5917_20240502162000,train_dev,166,1,2024-05-02 16:20:00,92,charge,98.0,73.82138499202816,77.74291966441156,72.22529
166_1_5907_20240502171300,train_dev,166,1,2024-05-02 17:13:00,93,flight,98.0,74.28291402887646,77.98812469848015,81.35048
166_1_5908_20240502180000,train_dev,166,1,2024-05-02 18:00:00,93,charge,97.0,74.51802061771005,77.98812469848015,95.57765
166_1_5912_20240502191000,train_dev,166,1,2024-05-02 19:10:00,94,flight,97.0,75.11152979147846,78.40286238777244,91.929375
166_1_5913_20240502200500,train_dev,166,1,2024-05-02 20:05:00,94,charge,97.0,75.61220273450384,78.40286238777244,79.08132
166_1_5909_20240503091500,train_dev,166,1,2024-05-03 09:15:00,94,charge,93.0,76.13180108880044,78.40286238777244,77.68708
166_1_5916_20240504120000,train_dev,166,1,2024-05-04 12:00:00,94,charge,93.0,76.48167290625167,78.40286238777244,76.047066
166_1_5918_20240504125900,train_dev,166,1,2024-05-04 12:59:00,95,flight,93.0,76.78699664101744,78.5845520586606,80.11368
166_1_5919_20240504133500,train_dev,166,1,2024-05-04 13:35:00,95,charge,93.0,77.07185551568597,78.5845520586606,85.65569
166_1_5920_20240504141900,train_dev,166,1,2024-05-04 14:19:00,96,flight,93.0,77.40890327414758,79.22067788396271,89.87096
166_1_5922_20240504160900,train_dev,166,1,2024-05-04 16:09:00,97,flight,93.0,77.74291966441156,79.29946660162258,96.62103
166_1_5923_20240504170500,train_dev,166,1,2024-05-04 17:05:00,97,charge,88.0,77.80252345141031,79.29946660162258,88.38655
166_1_5924_20240504181400,train_dev,166,1,2024-05-04 18:14:00,98,flight,88.0,77.98812469848015,79.36136407592238,96.595406
166_1_5925_20240504185500,train_dev,166,1,2024-05-04 18:55:00,98,charge,88.0,78.18351528953399,79.36136407592238,79.13339
166_1_5926_20240504195100,train_dev,166,1,2024-05-04 19:51:00,99,flight,88.0,78.40286238777244,79.42540108892736,74.94223
166_1_5927_20240504203000,train_dev,166,1,2024-05-04 20:30:00,99,charge,86.0,78.45724607852192,79.42540108892736,78.26857
166_1_5928_20240504212800,train_dev,166,1,2024-05-04 21:28:00,100,flight,86.0,78.5845520586606,79.39914244902532,85.67525
166_1_5976_20240504221000,train_dev,166,1,2024-05-04 22:10:00,100,charge,86.0,78.68881302184566,79.39914244902532,73.19249
166_1_5921_20240505025000,train_dev,166,1,2024-05-05 02:50:00,100,charge,93.0,78.93361382930244,79.39914244902532,73.06666
166_1_6001_20240507150000,train_dev,166,1,2024-05-07 15:00:00,100,charge,85.0,79.10822294550248,79.39914244902532,82.987465
166_1_6002_20240507162900,train_dev,166,1,2024-05-07 16:29:00,101,flight,85.0,79.22067788396271,79.30950688998783,90.640915
166_1_6003_20240507170000,train_dev,166,1,2024-05-07 17:00:00,101,charge,82.0,79.2371962886013,79.30950688998783,84.6527
166_1_5946_20240507185700,train_dev,166,1,2024-05-07 18:57:00,102,flight,82.0,79.29946660162258,79.1152702190965,72.265755
166_1_5947_20240507191000,train_dev,166,1,2024-05-07 19:10:00,102,charge,81.0,79.32602033281327,79.1152702190965,82.92878
166_1_5948_20240507204000,train_dev,166,1,2024-05-07 20:40:00,103,flight,81.0,79.36136407592238,78.98538610555146,88.77492
166_1_5949_20240507213300,train_dev,166,1,2024-05-07 21:33:00,103,charge,81.0,79.38554854612072,78.98538610555146,88.53144
166_1_5950_20240507231000,train_dev,166,1,2024-05-07 23:10:00,104,flight,81.0,79.42540108892736,78.87520694976544,96.31296
166_1_5951_20240508000000,train_dev,166,1,2024-05-08 00:00:00,104,charge,81.0,79.44754109757334,78.87520694976544,71.62009
166_1_5984_20240509191300,train_dev,166,1,2024-05-09 19:13:00,105,flight,77.0,79.39914244902532,78.47164688832277,94.43177
166_1_5986_20240509200000,train_dev,166,1,2024-05-09 20:00:00,105,charge,76.0,79.36433126313798,78.47164688832277,86.097115
166_1_5978_20240509205600,train_dev,166,1,2024-05-09 20:56:00,106,flight,76.0,79.30950688998783,78.33141294851492,86.27001
166_1_5982_20240509215000,train_dev,166,1,2024-05-09 21:50:00,106,charge,76.0,79.24029721624385,78.33141294851492,75.01917
166_1_5996_20240510111000,train_dev,166,1,2024-05-10 11:10:00,106,charge,76.0,79.16440745885107,78.33141294851492,78.20066
166_1_5997_20240510131000,train_dev,166,1,2024-05-10 13:10:00,107,flight,76.0,79.1152702190965,78.2478297533655,93.35686
166_1_5998_20240510154000,train_dev,166,1,2024-05-10 15:40:00,107,charge,76.0,79.04914005558959,78.2478297533655,70.88353
166_1_5999_20240510165300,train_dev,166,1,2024-05-10 16:53:00,108,flight,76.0,78.98538610555146,78.07740024224371,79.62676
166_1_6000_20240510174500,train_dev,166,1,2024-05-10 17:45:00,108,charge,75.0,78.9488363311417,78.07740024224371,72.65252
166_1_6004_20240510200600,train_dev,166,1,2024-05-10 20:06:00,109,flight,75.0,78.87520694976544,77.9322303003852,71.668015
166_1_6005_20240510224500,train_dev,166,1,2024-05-10 22:45:00,109,charge,75.0,78.8258171428616,77.9322303003852,77.046745
166_1_6045_20240512140000,train_dev,166,1,2024-05-12 14:00:00,109,charge,74.0,78.7352558418349,77.9322303003852,81.472946
166_1_6009_20240513134900,train_dev,166,1,2024-05-13 13:49:00,109,other,74.0,78.6460734204997,77.9322303003852,94.67567
166_1_6010_20240514101500,train_dev,166,1,2024-05-14 10:15:00,109,charge,74.0,78.55831238724416,77.9322303003852,85.04066
166_1_6011_20240514104800,train_dev,166,1,2024-05-14 10:48:00,110,flight,74.0,78.47164688832277,77.75762484127388,78.50972
166_1_6012_20240514114500,train_dev,166,1,2024-05-14 11:45:00,110,charge,73.0,78.41770128580019,77.75762484127388,79.23821
166_1_6023_20240514155100,train_dev,166,1,2024-05-14 15:51:00,111,flight,73.0,78.33141294851492,77.65162156668514,91.41478
166_1_6040_20240514155100,train_dev,166,1,2024-05-14 15:51:00,112,flight,73.0,78.2478297533655,77.44205509428394,95.540596
166_1_6024_20240514163000,train_dev,166,1,2024-05-14 16:30:00,112,charge,73.0,78.17511289746365,77.44205509428394,89.93405
166_1_6025_20240514184800,train_dev,166,1,2024-05-14 18:48:00,113,flight,73.0,78.07740024224371,77.34257616743258,91.43177
166_1_6026_20240514192700,train_dev,166,1,2024-05-14 19:27:00,113,charge,72.0,78.0199439785253,77.34257616743258,81.75281
166_1_6027_20240514203400,train_dev,166,1,2024-05-14 20:34:00,114,flight,72.0,77.9322303003852,77.23844013872326,73.360634
166_1_6028_20240514212000,train_dev,166,1,2024-05-14 21:20:00,114,charge,72.0,77.86278571802528,77.23844013872326,95.26611
166_1_6029_20240514223600,train_dev,166,1,2024-05-14 22:36:00,115,flight,72.0,77.75762484127388,76.98699239739729,91.155846
166_1_6030_20240514231500,train_dev,166,1,2024-05-14 23:15:00,115,charge,73.0,77.71707084753771,76.98699239739729,93.00193
166_1_6031_20240515000900,train_dev,166,1,2024-05-15 00:09:00,116,flight,73.0,77.65162156668514,76.87695599570704,76.184555
166_1_6032_20240515005000,train_dev,166,1,2024-05-15 00:50:00,116,charge,73.0,77.5752687371515,76.87695599570704,83.096756
166_1_6037_20240515104500,train_dev,166,1,2024-05-15 10:45:00,116,charge,73.0,77.49831867814996,76.87695599570704,82.21291
166_1_6038_20240515113000,train_dev,166,1,2024-05-15 11:30:00,117,flight,73.0,77.44205509428394,76.75854421402437,88.99144
166_1_6039_20240515115500,train_dev,166,1,2024-05-15 11:55:00,117,charge,73.0,77.40321502149651,76.75854421402437,71.30679
166_1_6042_20240515161800,train_dev,166,1,2024-05-15 16:18:00,118,flight,73.0,77.34257616743258,76.56104465427859,75.34874
166_1_6041_20240515180500,train_dev,166,1,2024-05-15 18:05:00,118,charge,73.0,77.29593731074644,76.56104465427859,96.69921
166_1_6043_20240515180600,train_dev,166,1,2024-05-15 18:06:00,119,flight,73.0,77.23844013872326,76.40852751473209,94.53911
166_1_6044_20240515185000,train_dev,166,1,2024-05-15 18:50:00,119,charge,73.0,77.1074829841983,76.40852751473209,80.67529
166_1_6046_20240516131000,train_dev,166,1,2024-05-16 13:10:00,119,charge,73.0,77.05094286197995,76.40852751473209,88.27662
166_1_6047_20240516135400,train_dev,166,1,2024-05-16 13:54:00,120,flight,73.0,76.98699239739729,76.32877769506477,96.274376
166_1_6048_20240516143500,train_dev,166,1,2024-05-16 14:35:00,120,charge,73.0,76.92341024226657,76.32877769506477,75.23825
166_1_6055_20240516160700,train_dev,166,1,2024-05-16 16:07:00,121,flight,73.0,76.87695599570704,76.02844106851613,91.42822
166_1_6056_20240516170000,train_dev,166,1,2024-05-16 17:00:00,121,charge,72.0,76.83892894565362,76.02844106851613,77.20099
166_1_6057_20240516175300,train_dev,166,1,2024-05-16 17:53:00,122,flight,72.0,76.75854421402437,75.83895987341421,85.542076
166_1_6058_20240516183800,train_dev,166,1,2024-05-16 18:38:00,122,charge,72.0,76.70869587094697,75.83895987341421,96.75182
166_1_6060_20240516221100,train_dev,166,1,2024-05-16 22:11:00,122,charge,73.0,76.62183904341937,75.83895987341421,96.496864
166_1_6061_20240516230200,train_dev,166,1,2024-05-16 23:02:00,123,flight,73.0,76.56104465427859,75.71377718667867,78.41542
166_1_6062_20240516235000,train_dev,166,1,2024-05-16 23:50:00,123,charge,73.0,76.5025816307279,75.71377718667867,80.34316
166_1_6079_20240517100000,train_dev,166,1,2024-05-17 10:00:00,123,charge,73.0,76.45137155512934,75.71377718667867,89.133156
166_1_6080_20240517102300,train_dev,166,1,2024-05-17 10:23:00,124,flight,73.0,76.40852751473209,75.48681590009176,83.14439
166_1_6081_20240517105500,train_dev,166,1,2024-05-17 10:55:00,124,charge,72.0,76.38305351092065,75.48681590009176,74.01157
166_1_6082_20240517120600,train_dev,166,1,2024-05-17 12:06:00,125,flight,72.0,76.32877769506477,75.38206578231684,96.45905
166_1_6083_20240517124000,train_dev,166,1,2024-05-17 12:40:00,125,charge,72.0,76.1888487813368,75.38206578231684,95.85906
166_1_6084_20240517133000,train_dev,166,1,2024-05-17 13:30:00,125,charge,72.0,76.14584604710463,75.38206578231684,96.63622
166_1_6088_20240518200500,train_dev,166,1,2024-05-18 20:05:00,125,charge,72.0,76.09108047327183,75.38206578231684,83.33739
166_1_6089_20240518210900,train_dev,166,1,2024-05-18 21:09:00,126,flight,72.0,76.02844106851613,75.1943268333836,91.092705
166_1_6112_20240521093000,train_dev,166,1,2024-05-21 09:30:00,126,charge,71.0,75.90995289713466,75.1943268333836,84.64231
166_1_6113_20240521101800,train_dev,166,1,2024-05-21 10:18:00,127,flight,71.0,75.83895987341421,75.1320561793176,71.26976
166_1_6114_20240521110000,train_dev,166,1,2024-05-21 11:00:00,127,charge,71.0,75.7850859885656,75.1320561793176,70.86502
166_1_6116_20240521125300,train_dev,166,1,2024-05-21 12:53:00,128,flight,71.0,75.71377718667867,75.04268567337363,96.590996
166_1_6117_20240521135000,train_dev,166,1,2024-05-21 13:50:00,128,charge,70.0,75.66449091123592,75.04268567337363,90.682686
166_1_6144_20240522090000,train_dev,166,1,2024-05-22 09:00:00,128,charge,70.0,75.573116156554,75.04268567337363,91.95143
166_1_6145_20240522093700,train_dev,166,1,2024-05-22 09:37:00,129,flight,70.0,75.48681590009176,74.97372582710523,96.47002
166_1_6146_20240522101900,train_dev,166,1,2024-05-22 10:19:00,129,charge,71.0,75.44899670269247,74.97372582710523,92.856895
166_1_6157_20240522114200,train_dev,166,1,2024-05-22 11:42:00,130,flight,71.0,75.38206578231684,74.54958680899661,84.64377
166_1_6158_20240522122000,train_dev,166,1,2024-05-22 12:20:00,130,charge,71.0,75.32748766940016,74.54958680899661,85.90669
166_1_6163_20240523093000,train_dev,166,1,2024-05-23 09:30:00,130,charge,71.0,75.25538057242305,74.54958680899661,88.94707
166_1_6164_20240523101000,train_dev,166,1,2024-05-23 10:10:00,131,flight,71.0,75.1943268333836,74.46876210067714,80.73154
166_1_6165_20240523104500,train_dev,166,1,2024-05-23 10:45:00,131,charge,72.0,75.1719841872666,74.46876210067714,74.90918
166_1_6166_20240523114700,train_dev,166,1,2024-05-23 11:47:00,132,flight,72.0,75.1320561793176,74.3147647921227,74.84755
166_1_6167_20240523123500,train_dev,166,1,2024-05-23 12:35:00,132,charge,71.0,75.10130131091708,74.3147647921227,74.796745
166_1_6168_20240523133700,train_dev,166,1,2024-05-23 13:37:00,133,flight,71.0,75.04268567337363,74.25984718346564,74.701904
166_1_6169_20240523143500,train_dev,166,1,2024-05-23 14:35:00,133,charge,72.0,75.01792226614178,74.25984718346564,74.65493
166_1_6172_20240523152900,train_dev,166,1,2024-05-23 15:29:00,134,flight,72.0,74.97372582710523,74.23952451391565,74.590775
166_1_6173_20240523163000,train_dev,166,1,2024-05-23 16:30:00,134,charge,72.0,74.9253546375903,74.23952451391565,74.54262
166_1_6174_20240523165500,train_dev,166,1,2024-05-23 16:55:00,134,charge,72.0,74.82707499599375,74.23952451391565,74.46939
166_1_6175_20240523172000,train_dev,166,1,2024-05-23 17:20:00,134,charge,72.0,74.702636772365,74.23952451391565,74.376915
166_1_6176_20240523172000,train_dev,166,1,2024-05-23 17:20:00,134,charge,72.0,74.59195047885618,74.23952451391565,74.30327
166_1_6177_20240523175000,train_dev,166,1,2024-05-23 17:50:00,135,flight,72.0,74.54958680899661,74.21579209438315,74.2899
166_1_6178_20240523180000,train_dev,166,1,2024-05-23 18:00:00,135,charge,72.0,74.51163430114627,74.21579209438315,74.28207
166_1_6179_20240523183000,train_dev,166,1,2024-05-23 18:30:00,136,flight,72.0,74.46876210067714,74.1822326726045,74.26106
166_1_6180_20240523190000,train_dev,166,1,2024-05-23 19:00:00,136,charge,72.0,74.40837869617467,74.1822326726045,74.21578
166_1_6181_20240523193000,train_dev,166,1,2024-05-23 19:30:00,136,charge,72.0,74.36875144711681,74.1822326726045,74.19864
166_1_6185_20240524084500,train_dev,166,1,2024-05-24 08:45:00,136,charge,72.0,74.33930017459666,74.1822326726045,74.17694
166_1_6186_20240524091900,train_dev,166,1,2024-05-24 09:19:00,137,flight,72.0,74.3147647921227,74.08045023033888,74.13489
166_1_6187_20240524100000,train_dev,166,1,2024-05-24 10:00:00,137,charge,72.0,74.28428025958577,74.08045023033888,74.101494
166_1_6188_20240524103100,train_dev,166,1,2024-05-24 10:31:00,138,flight,72.0,74.25984718346564,74.03374978455169,74.047066
166_1_6190_20240524121100,train_dev,166,1,2024-05-24 12:11:00,139,flight,72.0,74.23952451391565,73.90758628130585,73.996315
166_1_6193_20240524135600,train_dev,166,1,2024-05-24 13:56:00,140,flight,72.0,74.21579209438315,73.76363487754513,73.9362
166_1_6249_20240524155500,train_dev,166,1,2024-05-24 15:55:00,141,flight,72.0,74.1822326726045,73.70758008119802,73.87344
166_1_6189_20240524161200,train_dev,166,1,2024-05-24 16:12:00,141,charge,72.0,74.16345329942439,73.70758008119802,73.84078
166_1_6192_20240524162100,train_dev,166,1,2024-05-24 16:21:00,141,charge,72.0,74.14566836921036,73.70758008119802,73.81416
166_1_6194_20240524162500,train_dev,166,1,2024-05-24 16:25:00,141,charge,72.0,74.12864056775209,73.70758008119802,73.78972
166_1_6250_20240524163500,train_dev,166,1,2024-05-24 16:35:00,141,charge,72.0,74.10801497442195,73.70758008119802,73.77039
166_1_6251_20240524175100,train_dev,166,1,2024-05-24 17:51:00,142,flight,72.0,74.08045023033888,73.62479170899178,73.73435
166_1_6252_20240524183500,train_dev,166,1,2024-05-24 18:35:00,142,charge,72.0,74.06031608531237,73.62479170899178,73.71445
166_1_6253_20240524193700,train_dev,166,1,2024-05-24 19:37:00,143,flight,72.0,74.03374978455169,73.5636528449433,73.6839
166_1_6254_20240524203000,train_dev,166,1,2024-05-24 20:30:00,143,charge,72.0,74.01664723272066,73.5636528449433,73.675415
166_1_6191_20240525005000,train_dev,166,1,2024-05-25 00:50:00,143,charge,72.0,74.00073193496223,73.5636528449433,73.66193
166_1_6207_20240528203000,train_dev,166,1,2024-05-28 20:30:00,143,charge,71.0,73.94193645804417,73.5636528449433,73.61944
166_1_6208_20240528211800,train_dev,166,1,2024-05-28 21:18:00,144,flight,71.0,73.90758628130585,73.4711795251108,73.58683
166_1_6209_20240528214700,train_dev,166,1,2024-05-28 21:47:00,144,charge,71.0,73.82726338816123,73.4711795251108,73.519745
166_1_6214_20240529120500,train_dev,166,1,2024-05-29 12:05:00,144,charge,71.0,73.7965245465232,73.4711795251108,73.503265
166_1_6221_20240529124800,train_dev,166,1,2024-05-29 12:48:00,145,flight,71.0,73.76363487754513,73.35951020308946,73.461815
166_1_6222_20240529133000,train_dev,166,1,2024-05-29 13:30:00,145,charge,71.0,73.73809359897511,73.35951020308946,73.42633
166_1_6223_20240529142500,train_dev,166,1,2024-05-29 14:25:00,146,flight,71.0,73.70758008119802,73.24783136229019,73.37306
166_1_6224_20240529152000,train_dev,166,1,2024-05-29 15:20:00,146,charge,71.0,73.68254513275647,73.24783136229019,73.332695
166_1_6225_20240529154000,train_dev,166,1,2024-05-29 15:40:00,146,charge,72.0,73.64685649732961,73.24783136229019,73.306526
166_1_6226_20240529162100,train_dev,166,1,2024-05-29 16:21:00,147,flight,72.0,73.62479170899178,73.12903114786906,73.28435
166_1_6227_20240529170500,train_dev,166,1,2024-05-29 17:05:00,147,charge,70.0,73.60766452750246,73.12903114786906,73.273155
166_1_6217_20240529181400,train_dev,166,1,2024-05-29 18:14:00,148,flight,70.0,73.5636528449433,73.02774070507623,73.219345
166_1_6218_20240529190000,train_dev,166,1,2024-05-29 19:00:00,148,charge,70.0,73.51237370466775,73.02774070507623,73.162315
166_1_6229_20240529212600,train_dev,166,1,2024-05-29 21:26:00,149,flight,70.0,73.4711795251108,72.96642116883937,73.1062
166_1_6231_20240530112500,train_dev,166,1,2024-05-30 11:25:00,149,charge,69.0,73.4048522925888,72.96642116883937,73.037674
166_1_6232_20240530120500,train_dev,166,1,2024-05-30 12:05:00,150,flight,69.0,73.35951020308946,72.921108139243,72.974106
166_1_6233_20240530125000,train_dev,166,1,2024-05-30 12:50:00,150,charge,69.0,73.2996138156396,72.921108139243,72.909454
166_1_6234_20240530140500,train_dev,166,1,2024-05-30 14:05:00,151,flight,69.0,73.24783136229019,72.84155120023638,72.83328
166_1_6235_20240530144700,train_dev,166,1,2024-05-30 14:47:00,151,charge,69.0,73.21389042586782,72.84155120023638,72.78158
166_1_6230_20240530220500,train_dev,166,1,2024-05-30 22:05:00,151,charge,70.0,73.18487148634968,72.84155120023638,72.748825
166_1_6241_20240531154600,train_dev,166,1,2024-05-31 15:46:00,152,flight,69.0,73.12903114786906,72.6406184796445,72.683556
166_1_6242_20240531170500,train_dev,166,1,2024-05-31 17:05:00,152,charge,69.0,73.07830631377134,72.6406184796445,72.64166
166_1_6243_20240531171600,train_dev,166,1,2024-05-31 17:16:00,153,flight,69.0,73.02774070507623,72.57739420034487,72.58911
166_1_6244_20240531180000,final_test,166,1,2024-05-31 18:00:00,153,charge,70.0,73.00351709471546,72.57739420034487,72.563774
166_1_6245_20240531190800,final_test,166,1,2024-05-31 19:08:00,154,flight,70.0,72.96642116883937,72.55099384949169,72.51868
166_1_6246_20240531200000,final_test,166,1,2024-05-31 20:00:00,154,charge,71.0,72.95055786452849,72.55099384949169,72.506035
166_1_6247_20240531211400,final_test,166,1,2024-05-31 21:14:00,155,flight,71.0,72.921108139243,72.52546249334856,72.480835
166_1_6248_20240531220000,final_test,166,1,2024-05-31 22:00:00,155,charge,69.0,72.89476626661795,72.52546249334856,72.47525
166_1_6238_20240601154600,final_test,166,1,2024-06-01 15:46:00,156,flight,69.0,72.84155120023638,72.51758804474866,72.41857
166_1_6239_20240601164000,final_test,166,1,2024-06-01 16:40:00,156,charge,69.0,72.79945260212561,72.51758804474866,72.38486
166_1_6260_20240603064500,final_test,166,1,2024-06-03 06:45:00,156,charge,68.0,72.77016946601587,72.51758804474866,72.37772
166_1_6265_20240603095500,final_test,166,1,2024-06-03 09:55:00,156,charge,72.0,72.76312945109301,72.51758804474866,72.39557
166_1_6258_20240603170500,final_test,166,1,2024-06-03 17:05:00,156,charge,70.0,72.70653120193484,72.51758804474866,72.373116
166_1_6259_20240603175100,final_test,166,1,2024-06-03 17:51:00,157,flight,70.0,72.6406184796445,72.48459561433121,72.34281
166_1_6261_20240603192900,final_test,166,1,2024-06-03 19:29:00,158,flight,68.0,72.57739420034487,72.42364657367709,72.284546
166_1_6263_20240603212000,final_test,166,1,2024-06-03 21:20:00,159,flight,71.0,72.55099384949169,72.1892977284429,72.26517
166_1_6264_20240603212000,final_test,166,1,2024-06-03 21:20:00,160,flight,71.0,72.52546249334856,72.06954014994078,72.244095
166_1_6266_20240603224200,final_test,166,1,2024-06-03 22:42:00,161,flight,72.0,72.51758804474866,71.93686793308491,72.23028
166_1_6267_20240603231900,final_test,166,1,2024-06-03 23:19:00,161,charge,72.0,72.50313850971084,71.93686793308491,72.2221
166_1_6262_20240604082000,final_test,166,1,2024-06-04 08:20:00,161,charge,71.0,72.49620630257547,71.93686793308491,72.20681
166_1_6269_20240604121500,final_test,166,1,2024-06-04 12:15:00,161,charge,72.0,72.48979669387239,71.93686793308491,72.19997
166_1_6270_20240604131400,final_test,166,1,2024-06-04 13:14:00,162,flight,72.0,72.48459561433121,71.88888485943818,72.179726
166_1_6271_20240604135500,final_test,166,1,2024-06-04 13:55:00,162,charge,72.0,72.47695353141656,71.88888485943818,72.17719
166_1_6275_20240605083500,final_test,166,1,2024-06-05 08:35:00,162,charge,71.0,72.44292388307248,71.88888485943818,72.165115
166_1_6276_20240605090900,final_test,166,1,2024-06-05 09:09:00,163,flight,71.0,72.42364657367709,71.87477491417987,72.15054
166_1_6277_20240605124000,final_test,166,1,2024-06-05 12:40:00,163,charge,70.0,72.40679908464851,71.87477491417987,72.12859
166_1_6279_20240605163000,final_test,166,1,2024-06-05 16:30:00,163,charge,69.0,72.35414040154167,71.87477491417987,72.07792
166_1_6280_20240605170500,final_test,166,1,2024-06-05 17:05:00,163,charge,70.0,72.26375517226279,71.87477491417987,72.00083
166_1_6281_20240605171500,final_test,166,1,2024-06-05 17:15:00,163,charge,70.0,72.21246010693032,71.87477491417987,71.97601
166_1_6282_20240605174700,final_test,166,1,2024-06-05 17:47:00,164,flight,70.0,72.1892977284429,71.84039702002225,71.94896
166_1_6283_20240605182500,final_test,166,1,2024-06-05 18:25:00,164,charge,69.0,72.16028271633809,71.84039702002225,71.91917
166_1_6343_20240606143000,final_test,166,1,2024-06-06 14:30:00,164,charge,69.0,72.11616438190633,71.84039702002225,71.87446
166_1_6344_20240606152800,final_test,166,1,2024-06-06 15:28:00,165,flight,69.0,72.06954014994078,71.88287195177745,71.80387
166_1_6345_20240606163000,final_test,166,1,2024-06-06 16:30:00,165,charge,69.0,72.02449541656921,71.88287195177745,71.75938
166_1_6347_20240607083500,final_test,166,1,2024-06-07 08:35:00,165,charge,69.0,71.96838554998372,71.88287195177745,71.70409
166_1_6348_20240607100500,final_test,166,1,2024-06-07 10:05:00,165,charge,70.0,71.95676351470306,71.88287195177745,71.678665
166_1_6349_20240607105900,final_test,166,1,2024-06-07 10:59:00,166,flight,70.0,71.93686793308491,71.74407406781953,71.63532
166_1_6350_20240608083000,final_test,166,1,2024-06-08 08:30:00,166,other,70.0,71.9090937731076,71.74407406781953,71.59221
166_1_6351_20240608090700,final_test,166,1,2024-06-08 09:07:00,167,flight,70.0,71.88888485943818,71.37878334300427,71.549515
166_1_6352_20240608101000,final_test,166,1,2024-06-08 10:10:00,167,charge,71.0,71.88406599191339,71.37878334300427,71.5227
166_1_6353_20240608105400,final_test,166,1,2024-06-08 10:54:00,168,flight,71.0,71.87477491417987,71.26202634512886,71.478264
166_1_6354_20240608120000,final_test,166,1,2024-06-08 12:00:00,168,charge,71.0,71.86421874422905,71.26202634512886,71.46047
166_1_6358_20240610140500,final_test,166,1,2024-06-10 14:05:00,168,charge,71.0,71.84970299203151,71.26202634512886,71.43716
166_1_6359_20240610152700,final_test,166,1,2024-06-10 15:27:00,169,flight,71.0,71.84039702002225,71.16949240917661,71.413826
166_1_6361_20240610153500,final_test,166,1,2024-06-10 15:35:00,169,charge,71.0,71.8329251310085,71.16949240917661,71.39372
166_1_6363_20240610190000,final_test,166,1,2024-06-10 19:00:00,169,charge,92.0,71.91787137332788,71.16949240917661,71.45399
166_1_6364_20240610204500,final_test,166,1,2024-06-10 20:45:00,170,flight,69.0,71.88287195177745,71.20063797533051,71.40307
166_1_6365_20240610210200,final_test,166,1,2024-06-10 21:02:00,170,charge,69.0,71.86246634099743,71.20063797533051,71.38156
166_1_6368_20240611083500,final_test,166,1,2024-06-11 08:35:00,170,charge,67.0,71.78846784532276,71.20063797533051,71.313896
166_1_6369_20240611092000,final_test,166,1,2024-06-11 09:20:00,171,flight,67.0,71.74407406781953,71.24875837872322,71.25566
166_1_6370_20240611100000,final_test,166,1,2024-06-11 10:00:00,171,charge,68.0,71.71968268023568,71.24875837872322,71.21988
166_1_6383_20240611110000,final_test,166,1,2024-06-11 11:00:00,172,flight,68.0,71.37878334300427,70.83236562182523,70.88227
166_1_6384_20240611110300,final_test,166,1,2024-06-11 11:03:00,172,charge,68.0,71.31088361685926,70.83236562182523,70.83239
166_1_6385_20240611123000,final_test,166,1,2024-06-11 12:30:00,173,flight,68.0,71.26202634512886,68.77743739973295,70.79221
166_1_6386_20240611123100,final_test,166,1,2024-06-11 12:31:00,173,charge,68.0,71.15972464454616,68.77743739973295,70.71664
166_1_6377_20240611155600,final_test,166,1,2024-06-11 15:56:00,174,flight,72.0,71.16949240917661,66.53516229753825,70.73201
166_1_6378_20240611164000,final_test,166,1,2024-06-11 16:40:00,174,charge,73.0,71.18253701743757,66.53516229753825,70.73953
166_1_6373_20240611182800,final_test,166,1,2024-06-11 18:28:00,175,flight,73.0,71.20063797533051,65.7585916566614,70.74206
166_1_6374_20240611190500,final_test,166,1,2024-06-11 19:05:00,175,charge,74.0,71.22027193315097,65.7585916566614,70.74903
166_1_6375_20240611200300,final_test,166,1,2024-06-11 20:03:00,176,flight,74.0,71.24875837872322,65.17612263987925,70.76402
166_1_6376_20240611204500,final_test,166,1,2024-06-11 20:45:00,176,charge,74.0,71.2759224534585,65.17612263987925,70.79443
166_1_7636_20240930160000,final_test,166,1,2024-09-30 16:00:00,176,charge,74.0,71.39239764494909,65.17612263987925,70.95454
166_1_7637_20241008194300,final_test,166,1,2024-10-08 19:43:00,176,other,74.0,71.54304542064486,65.17612263987925,71.125694
166_1_10535_20250507194300,final_test,166,1,2025-05-07 19:43:00,177,flight,59.0,70.83236562182523,63.53299814312631,70.47112
166_1_10534_20250507212900,final_test,166,1,2025-05-07 21:29:00,177,charge,59.0,70.61039643371461,63.53299814312631,70.25079
166_1_10703_20250520124000,final_test,166,1,2025-05-20 12:40:00,177,charge,59.0,69.89573962842111,63.53299814312631,69.53657
166_1_10753_20250526104500,final_test,166,1,2025-05-26 10:45:00,177,charge,59.0,69.2597944168008,63.53299814312631,68.90217
166_1_10754_20250526115400,final_test,166,1,2025-05-26 11:54:00,178,flight,59.0,68.77743739973295,63.29073678353929,68.413506
166_1_10755_20250526124000,final_test,166,1,2025-05-26 12:40:00,178,charge,59.0,68.46183706796451,63.29073678353929,68.09562
166_1_10772_20250528100500,final_test,166,1,2025-05-28 10:05:00,178,charge,57.0,67.54542955977455,63.29073678353929,67.18282
166_1_10773_20250528102100,final_test,166,1,2025-05-28 10:21:00,179,flight,57.0,66.53516229753825,62.51859075891806,66.15535
166_1_10939_20250528110000,final_test,166,1,2025-05-28 11:00:00,179,charge,58.0,66.31521427947919,62.51859075891806,65.91454
166_1_10774_20250528110500,final_test,166,1,2025-05-28 11:05:00,179,charge,58.0,66.10630583564243,62.51859075891806,65.68195
166_1_10935_20250528120400,final_test,166,1,2025-05-28 12:04:00,180,flight,58.0,65.7585916566614,62.14460920224191,65.31737
166_1_10936_20250528124500,final_test,166,1,2025-05-28 12:45:00,180,charge,58.0,65.45716990437217,62.14460920224191,65.01164
166_1_10937_20250528133000,final_test,166,1,2025-05-28 13:30:00,181,flight,58.0,65.17612263987925,60.884796936072256,64.719345
166_1_10938_20250528143500,final_test,166,1,2025-05-28 14:35:00,181,charge,58.0,64.95708783190922,60.884796936072256,64.498474
166_1_10787_20250602210000,final_test,166,1,2025-06-02 21:00:00,181,charge,57.0,64.5687671142908,60.884796936072256,64.12865
166_1_10788_20250602211600,final_test,166,1,2025-06-02 21:16:00,181,other,57.0,63.794665654912535,60.884796936072256,63.375008
166_1_10864_20250603154700,final_test,166,1,2025-06-03 15:47:00,182,flight,57.0,63.53299814312631,59.6813393910713,63.11168
166_1_10940_20250603154700,final_test,166,1,2025-06-03 15:47:00,183,flight,57.0,63.29073678353929,57.54232883832993,62.85418
166_1_10863_20250603163000,final_test,166,1,2025-06-03 16:30:00,183,charge,57.0,63.19044445715683,57.54232883832993,62.762985
166_1_10943_20250606162000,final_test,166,1,2025-06-06 16:20:00,183,charge,54.0,62.79694007823226,57.54232883832993,62.3865
166_1_10945_20250606171100,final_test,166,1,2025-06-06 17:11:00,184,flight,54.0,62.51859075891806,55.17311285436553,62.114017
166_2_4575_20230516110000,train_dev,166,2,2023-05-16 11:00:00,0,charge,100.0,99.72057197200591,96.92342252736296,
166_2_4576_20230516124400,train_dev,166,2,2023-05-16 12:44:00,0,other,100.0,99.8766842809231,96.92342252736296,
166_2_4577_20230516130000,train_dev,166,2,2023-05-16 13:00:00,0,charge,97.0,99.56395565441636,96.92342252736296,
166_2_4578_20230516143500,train_dev,166,2,2023-05-16 14:35:00,0,other,97.0,98.59250592339232,96.92342252736296,
166_2_4579_20230516150000,train_dev,166,2,2023-05-16 15:00:00,0,charge,97.0,98.32486018423673,96.92342252736296,
166_2_4580_20230516191100,train_dev,166,2,2023-05-16 19:11:00,0,other,97.0,98.02418167918404,96.92342252736296,
166_2_4581_20230516200000,train_dev,166,2,2023-05-16 20:00:00,0,charge,97.0,97.90917823428052,96.92342252736296,
166_2_4582_20230516211900,train_dev,166,2,2023-05-16 21:19:00,0,other,97.0,97.7402936177434,96.92342252736296,
166_2_4583_20230516220000,train_dev,166,2,2023-05-16 22:00:00,0,charge,97.0,97.66505421102008,96.92342252736296,
166_2_4584_20230517113000,train_dev,166,2,2023-05-17 11:30:00,0,charge,96.0,97.53310781252848,96.92342252736296,
166_2_4585_20230517132000,train_dev,166,2,2023-05-17 13:20:00,0,other,96.0,97.38294064257212,96.92342252736296,
166_2_4586_20230517140000,train_dev,166,2,2023-05-17 14:00:00,0,charge,96.0,97.32433097174786,96.92342252736296,
166_2_4587_20230517150700,train_dev,166,2,2023-05-17 15:07:00,0,other,95.0,97.12339576844371,96.92342252736296,
166_2_4589_20230517160000,train_dev,166,2,2023-05-17 16:00:00,0,charge,95.0,97.06156770562998,96.92342252736296,
166_2_4590_20230517164700,train_dev,166,2,2023-05-17 16:47:00,0,other,97.0,97.05525055745558,96.92342252736296,
166_2_4591_20230517180000,train_dev,166,2,2023-05-17 18:00:00,0,charge,97.0,97.05328864538804,96.92342252736296,
166_2_4592_20230517181800,train_dev,166,2,2023-05-17 18:18:00,0,other,98.0,97.13013175808663,96.92342252736296,
166_2_4593_20230517200000,train_dev,166,2,2023-05-17 20:00:00,0,charge,98.0,97.15311233428504,96.92342252736296,
166_2_4594_20230517200100,train_dev,166,2,2023-05-17 20:01:00,0,other,97.0,97.1437746264334,96.92342252736296,
166_2_4595_20230517220000,train_dev,166,2,2023-05-17 22:00:00,0,charge,97.0,97.1245245737392,96.92342252736296,88.59113
166_2_4574_20230519120400,train_dev,166,2,2023-05-19 12:04:00,0,charge,97.0,97.11995128447526,96.92342252736296,94.82565
166_2_4588_20230519160000,train_dev,166,2,2023-05-19 16:00:00,0,charge,95.0,97.08150745847804,96.92342252736296,96.0101
166_2_4615_20230531141000,train_dev,166,2,2023-05-31 14:10:00,0,other,97.0,97.05172219913246,96.92342252736296,77.57532
166_2_4614_20230531150000,train_dev,166,2,2023-05-31 15:00:00,0,charge,97.0,97.04718464693563,96.92342252736296,96.465416
166_2_4611_20230531173300,train_dev,166,2,2023-05-31 17:33:00,0,other,96.0,96.99978335928326,96.92342252736296,72.43187
166_2_4612_20230531182100,train_dev,166,2,2023-05-31 18:21:00,0,other,96.0,96.91947344611737,96.92342252736296,79.015396
166_2_4613_20230531190000,train_dev,166,2,2023-05-31 19:00:00,0,charge,96.0,96.89060301350848,96.92342252736296,81.13077
166_2_4620_20230603101100,train_dev,166,2,2023-06-03 10:11:00,1,flight,97.0,96.8950207879924,96.95056447832206,71.48842
166_2_4621_20230603110000,train_dev,166,2,2023-06-03 11:00:00,1,charge,97.0,96.89741799747098,96.95056447832206,75.33428
166_2_4622_20230604102500,train_dev,166,2,2023-06-04 10:25:00,2,flight,97.0,96.9009718340842,96.88375438760002,91.6179
166_2_4633_20230609143700,train_dev,166,2,2023-06-09 14:37:00,3,flight,97.0,96.90433225433156,96.88592796512582,73.18101
166_2_4634_20230609154500,train_dev,166,2,2023-06-09 15:45:00,3,charge,97.0,96.90635256396426,96.88592796512582,88.62478
166_2_4635_20230609165000,train_dev,166,2,2023-06-09 16:50:00,3,charge,97.0,96.90917395968135,96.88592796512582,96.19098
166_2_4636_20230611101200,train_dev,166,2,2023-06-11 10:12:00,4,flight,97.0,96.9130523333165,96.89344176107032,93.07741
166_2_4639_20230611105000,train_dev,166,2,2023-06-11 10:50:00,4,charge,97.0,96.91601028352768,96.89344176107032,95.37972
166_2_4640_20230611111500,train_dev,166,2,2023-06-11 11:15:00,4,charge,97.0,96.919561975379,96.89344176107032,76.3428
166_2_4669_20230621103800,train_dev,166,2,2023-06-21 10:38:00,5,flight,97.0,96.92342252736296,96.90270179268524,91.529015
166_2_4670_20230621105500,train_dev,166,2,2023-06-21 10:55:00,5,charge,97.0,96.9255411595544,96.90270179268524,88.40105
166_2_4714_20230705094900,train_dev,166,2,2023-07-05 09:49:00,5,charge,97.0,96.9272714506037,96.90270179268524,88.46385
166_2_4760_20230705104500,train_dev,166,2,2023-07-05 10:45:00,5,charge,97.0,96.93086683325676,96.90270179268524,73.17297
166_2_4759_20230711095600,train_dev,166,2,2023-07-11 09:56:00,5,charge,97.0,96.93242944956536,96.90270179268524,79.151146
166_2_4761_20230711104500,train_dev,166,2,2023-07-11 10:45:00,5,charge,97.0,96.93592998586696,96.90270179268524,71.113625
166_2_4764_20230719210800,train_dev,166,2,2023-07-19 21:08:00,5,other,97.0,96.9437554532696,96.90270179268524,90.36921
166_2_4765_20230719223000,train_dev,166,2,2023-07-19 22:30:00,5,charge,97.0,96.9485960082531,96.90270179268524,88.563774
166_2_4766_20230720095400,train_dev,166,2,2023-07-20 09:54:00,6,flight,97.0,96.95056447832206,96.9535750509227,90.08412
166_2_4767_20230720104500,train_dev,166,2,2023-07-20 10:45:00,6,charge,96.0,96.9329466783151,96.9535750509227,90.82687
166_2_4770_20230722060000,train_dev,166,2,2023-07-22 06:00:00,6,charge,97.0,96.93498252948817,96.9535750509227,90.73216
166_2_4780_20230722100000,train_dev,166,2,2023-07-22 10:00:00,7,flight,96.0,96.88375438760002,97.0157030390091,91.15338
166_2_4783_20230730100100,train_dev,166,2,2023-07-30 10:01:00,8,flight,97.0,96.88592796512582,97.0147026911861,90.926476
166_2_4784_20230730110000,train_dev,166,2,2023-07-30 11:00:00,8,charge,97.0,96.89160769894094,97.0147026911861,81.025925
166_2_4785_20230801101000,train_dev,166,2,2023-08-01 10:10:00,9,flight,97.0,96.89344176107032,97.06495251561978,88.564766
166_2_4786_20230801112200,train_dev,166,2,2023-08-01 11:22:00,9,charge,97.0,96.89862055598545,97.06495251561978,83.04936
166_2_4790_20230802105500,train_dev,166,2,2023-08-02 10:55:00,10,flight,97.0,96.90270179268524,97.11062772239548,94.13161
166_2_4791_20230803024500,train_dev,166,2,2023-08-03 02:45:00,10,charge,98.0,96.93584763969751,97.11062772239548,93.017456
166_2_4792_20230803102600,train_dev,166,2,2023-08-03 10:26:00,11,flight,98.0,96.9535750509227,97.10352960804624,88.14185
166_2_4793_20230803105000,train_dev,166,2,2023-08-03 10:50:00,11,charge,98.0,97.00005616210775,97.10352960804624,93.77295
166_2_4795_20230804101000,train_dev,166,2,2023-08-04 10:10:00,12,flight,98.0,97.0157030390091,97.0955363993376,79.08172
166_2_4796_20230804111000,train_dev,166,2,2023-08-04 11:10:00,12,charge,97.0,97.01538940050617,97.0955363993376,71.17456
166_2_4802_20230806101000,train_dev,166,2,2023-08-06 10:10:00,13,flight,97.0,97.0147026911861,97.12794142557333,73.15781
166_2_4803_20230806111000,train_dev,166,2,2023-08-06 11:10:00,13,charge,97.0,97.0143319746603,97.12794142557333,84.67046
166_2_4842_20230822102500,train_dev,166,2,2023-08-22 10:25:00,14,flight,98.0,97.06495251561978,96.90475225476028,88.735115
166_2_4845_20230822102500,train_dev,166,2,2023-08-22 10:25:00,15,flight,98.0,97.11062772239548,96.83630480662526,96.38481
166_2_4843_20230822113000,train_dev,166,2,2023-08-22 11:30:00,15,charge,97.0,97.10805748744876,96.83630480662526,91.50706
166_2_4850_20230827103200,train_dev,166,2,2023-08-27 10:32:00,16,flight,97.0,97.10352960804624,96.85013059475918,76.2795
166_2_4851_20230827113000,train_dev,166,2,2023-08-27 11:30:00,16,charge,97.0,97.1004104808196,96.85013059475918,91.4095
166_2_4853_20230828104500,train_dev,166,2,2023-08-28 10:45:00,17,flight,97.0,97.0955363993376,96.86048107296553,77.639885
166_2_4854_20230828204500,train_dev,166,2,2023-08-28 20:45:00,17,charge,97.0,97.0933000121716,96.86048107296553,96.06925
166_2_4857_20230831103200,train_dev,166,2,2023-08-31 10:32:00,18,flight,98.0,97.12794142557333,96.86797088166628,77.93073
166_2_4858_20230831113000,train_dev,166,2,2023-08-31 11:30:00,18,charge,96.0,97.11125311819798,96.86797088166628,84.7035
166_2_4860_20230904110000,train_dev,166,2,2023-09-04 11:00:00,19,flight,94.0,96.90475225476028,96.82187599540188,85.46172
166_2_4861_20230904114500,train_dev,166,2,2023-09-04 11:45:00,19,charge,96.0,96.8873860962868,96.82187599540188,89.86799
166_2_4862_20230906104500,train_dev,166,2,2023-09-06 10:45:00,20,flight,96.0,96.83630480662526,96.79434855866374,95.22105
166_2_4863_20230906112000,train_dev,166,2,2023-09-06 11:20:00,20,charge,97.0,96.84029127841444,96.79434855866374,84.725044
166_2_4868_20230911105900,train_dev,166,2,2023-09-11 10:59:00,21,flight,97.0,96.85013059475918,96.72433963592616,96.64733
166_2_4869_20230911174400,train_dev,166,2,2023-09-11 17:44:00,21,charge,97.0,96.85443290712315,96.72433963592616,96.19159
166_2_4871_20230913105300,train_dev,166,2,2023-09-13 10:53:00,22,flight,97.0,96.86048107296553,96.6668091815728,72.374115
166_2_4872_20230913114500,train_dev,166,2,2023-09-13 11:45:00,22,charge,97.0,96.86424041360402,96.6668091815728,96.46995
166_2_4901_20230914105900,train_dev,166,2,2023-09-14 10:59:00,23,flight,97.0,96.86797088166628,96.51937282214377,75.30892
166_2_4902_20230914114500,train_dev,166,2,2023-09-14 11:45:00,23,charge,96.0,96.85137972803192,96.51937282214377,87.722694
166_2_4903_20230915121700,train_dev,166,2,2023-09-15 12:17:00,24,flight,96.0,96.82187599540188,96.3281325596541,78.96498
166_2_4904_20230915121700,train_dev,166,2,2023-09-15 12:17:00,25,flight,96.0,96.79434855866374,96.18787861222069,91.212296
166_2_4908_20230918145500,train_dev,166,2,2023-09-18 14:55:00,26,flight,95.0,96.72433963592616,96.03964975170634,96.07807
166_2_4906_20230919112600,train_dev,166,2,2023-09-19 11:26:00,27,flight,95.0,96.6668091815728,95.88508704870998,91.397995
166_2_4907_20230919114500,train_dev,166,2,2023-09-19 11:45:00,27,charge,94.0,96.61972105506854,95.88508704870998,78.08089
166_2_4909_20230921105000,train_dev,166,2,2023-09-21 10:50:00,28,flight,94.0,96.51937282214377,95.72296313992264,94.313576
166_2_4914_20230921120000,train_dev,166,2,2023-09-21 12:00:00,28,charge,93.0,96.45903850650562,95.72296313992264,76.52586
166_2_4915_20230922104700,train_dev,166,2,2023-09-22 10:47:00,29,flight,93.0,96.3281325596541,95.56819129670706,80.43071
166_2_4916_20230922113500,train_dev,166,2,2023-09-22 11:35:00,29,charge,94.0,96.28848313604374,95.56819129670706,96.45962
166_2_4910_20230924110400,train_dev,166,2,2023-09-24 11:04:00,30,flight,94.0,96.18787861222069,95.3965766707924,87.47742
166_2_4911_20230924112000,train_dev,166,2,2023-09-24 11:20:00,30,charge,94.0,96.1260414583849,95.3965766707924,90.76062
166_2_4917_20230925110000,train_dev,166,2,2023-09-25 11:00:00,31,flight,94.0,96.03964975170634,95.33348195987097,73.05914
166_2_4918_20230925114500,train_dev,166,2,2023-09-25 11:45:00,31,charge,93.0,95.98929776352745,95.33348195987097,96.6855
166_2_4919_20230925130700,train_dev,166,2,2023-09-25 13:07:00,32,flight,93.0,95.88508704870998,95.28778299711531,78.536316
166_2_4920_20230925134500,train_dev,166,2,2023-09-25 13:45:00,32,charge,93.0,95.82654120257835,95.28778299711531,80.412
166_2_4921_20230927113200,train_dev,166,2,2023-09-27 11:32:00,33,flight,93.0,95.72296313992264,95.22353160764982,91.07283
166_2_4922_20230927114500,train_dev,166,2,2023-09-27 11:45:00,33,charge,92.0,95.67250306848234,95.22353160764982,78.03786
166_2_4923_20230927123400,train_dev,166,2,2023-09-27 12:34:00,34,flight,92.0,95.56819129670706,95.10679631609268,87.95205
166_2_4924_20230927131000,train_dev,166,2,2023-09-27 13:10:00,34,charge,92.0,95.486922743202,95.10679631609268,72.898674
166_2_4925_20230928110400,train_dev,166,2,2023-09-28 11:04:00,35,flight,92.0,95.3965766707924,94.98695213492738,91.33992
166_2_4926_20230928114500,train_dev,166,2,2023-09-28 11:45:00,35,charge,94.0,95.38254349487556,94.98695213492738,71.59302
166_2_4927_20230928125300,train_dev,166,2,2023-09-28 12:53:00,36,flight,94.0,95.33348195987097,94.8405341615549,96.78905
166_2_6362_20230928125300,train_dev,166,2,2023-09-28 12:53:00,37,flight,94.0,95.28778299711531,94.68783953245917,84.30521
166_2_4928_20230928134500,train_dev,166,2,2023-09-28 13:45:00,37,charge,95.0,95.28422871110853,94.68783953245917,80.64856
166_2_4929_20230929111500,train_dev,166,2,2023-09-29 11:15:00,38,flight,93.0,95.22353160764982,94.51502317551076,91.48151
166_2_4930_20230929120000,train_dev,166,2,2023-09-29 12:00:00,38,charge,93.0,95.17259333030287,94.51502317551076,92.15869
166_2_4931_20230929132800,train_dev,166,2,2023-09-29 13:28:00,39,flight,93.0,95.10679631609268,93.9211085137446,90.96837
166_2_4932_20230929140000,train_dev,166,2,2023-09-29 14:00:00,39,charge,93.0,95.07039731895568,93.9211085137446,80.30329
166_2_4936_20230930205400,train_dev,166,2,2023-09-30 20:54:00,40,flight,93.0,94.98695213492738,93.7438258417628,82.96486
166_2_4937_20230930213000,train_dev,166,2,2023-09-30 21:30:00,40,charge,92.0,94.94425362685212,93.7438258417628,77.07394
166_2_4938_20230930222400,train_dev,166,2,2023-09-30 22:24:00,41,flight,92.0,94.8405341615549,93.52438088370585,85.208496
166_2_4939_20230930233000,train_dev,166,2,2023-09-30 23:30:00,41,charge,92.0,94.78903331323107,93.52438088370585,75.12741
166_2_4940_20231001205000,train_dev,166,2,2023-10-01 20:50:00,42,flight,92.0,94.68783953245917,93.26555122968853,91.77119
166_2_4941_20231001214000,train_dev,166,2,2023-10-01 21:40:00,42,charge,92.0,94.63363087912144,93.26555122968853,79.00152
166_2_4942_20231001214000,train_dev,166,2,2023-10-01 21:40:00,42,charge,92.0,94.58156538071783,93.26555122968853,96.24219
166_2_4975_20231010112900,train_dev,166,2,2023-10-10 11:29:00,43,flight,92.0,94.51502317551076,92.67278080875828,89.033966
166_2_4973_20231010151400,train_dev,166,2,2023-10-10 15:14:00,43,other,87.0,94.2312872133856,92.67278080875828,96.550606
166_2_4972_20231010173700,train_dev,166,2,2023-10-10 17:37:00,43,charge,87.0,94.11244106497054,92.67278080875828,76.14605
166_2_4974_20231010175400,train_dev,166,2,2023-10-10 17:54:00,43,charge,92.0,94.09514450889311,92.67278080875828,96.37238
166_2_4976_20231011112700,train_dev,166,2,2023-10-11 11:27:00,44,flight,87.0,93.9211085137446,92.25714594554267,94.129974
166_2_4977_20231011123000,train_dev,166,2,2023-10-11 12:30:00,44,charge,89.0,93.87335252645347,92.25714594554267,96.368965
166_2_4981_20231011175000,train_dev,166,2,2023-10-11 17:50:00,45,flight,89.0,93.7438258417628,92.02553775340816,79.91647
166_2_4982_20231011183000,train_dev,166,2,2023-10-11 18:30:00,45,charge,88.0,93.67566852712451,92.02553775340816,96.488396
166_2_4983_20231011194300,train_dev,166,2,2023-10-11 19:43:00,46,flight,88.0,93.52438088370585,91.86470280224938,73.49714
166_2_4984_20231011201000,train_dev,166,2,2023-10-11 20:10:00,46,charge,87.0,93.45401140489474,91.86470280224938,92.37089
166_2_4978_20231011214700,train_dev,166,2,2023-10-11 21:47:00,47,flight,87.0,93.26555122968853,91.67644239023834,82.98638
166_2_4979_20231011224500,train_dev,166,2,2023-10-11 22:45:00,47,charge,87.0,93.16952824525129,91.67644239023834,88.327446
166_2_4985_20231012121600,train_dev,166,2,2023-10-12 12:16:00,47,other,87.0,93.00809405915908,91.67644239023834,93.18446
166_2_4986_20231012143000,train_dev,166,2,2023-10-12 14:30:00,47,charge,87.0,92.82191021339928,91.67644239023834,81.51698
166_2_4987_20231012150600,train_dev,166,2,2023-10-12 15:06:00,48,flight,87.0,92.67278080875828,91.7841236021578,96.33509
166_2_4988_20231012154500,train_dev,166,2,2023-10-12 15:45:00,48,charge,87.0,92.5130694804824,91.7841236021578,80.78085
166_2_4989_20231012160000,train_dev,166,2,2023-10-12 16:00:00,48,charge,87.0,92.40766952516157,91.7841236021578,96.24567
166_2_4990_20231012164300,train_dev,166,2,2023-10-12 16:43:00,49,flight,87.0,92.25714594554267,91.83926299992876,95.17483
166_2_4991_20231012172300,train_dev,166,2,2023-10-12 17:23:00,49,charge,87.0,92.15819026402556,91.83926299992876,93.85682
166_2_4992_20231012183900,train_dev,166,2,2023-10-12 18:39:00,50,flight,87.0,92.02553775340816,91.9568776825121,71.32688
166_2_4993_20231012192400,train_dev,166,2,2023-10-12 19:24:00,50,charge,87.0,91.9636627644141,91.9568776825121,87.09506
166_2_4994_20231014114500,train_dev,166,2,2023-10-14 11:45:00,51,flight,87.0,91.86470280224938,92.0189000165719,94.57715
166_2_4995_20231014183000,train_dev,166,2,2023-10-14 18:30:00,51,charge,86.0,91.80348923743776,92.0189000165719,96.80389
166_2_4999_20231016130000,train_dev,166,2,2023-10-16 13:00:00,52,flight,86.0,91.67644239023834,92.0577874670776,73.22673
166_2_5000_20231016142500,train_dev,166,2,2023-10-16 14:25:00,52,charge,86.0,91.62190651537868,92.0577874670776,81.32362
166_2_5001_20231016152900,train_dev,166,2,2023-10-16 15:29:00,52,other,88.0,91.40637448193968,92.0577874670776,91.40256
166_2_5002_20231016154600,train_dev,166,2,2023-10-16 15:46:00,52,other,88.0,91.32680819309508,92.0577874670776,77.50007
166_2_5003_20231016160000,train_dev,166,2,2023-10-16 16:00:00,52,charge,88.0,91.3052805086012,92.0577874670776,79.17632
166_2_5004_20231016163000,train_dev,166,2,2023-10-16 16:30:00,52,charge,94.0,91.4129572656139,92.0577874670776,82.21292
166_2_5005_20231016173000,train_dev,166,2,2023-10-16 17:30:00,52,other,94.0,91.48199303433726,92.0577874670776,88.88716
166_2_5006_20231016175300,train_dev,166,2,2023-10-16 17:53:00,52,other,94.0,91.52459067070276,92.0577874670776,71.23454
166_2_5007_20231016193000,train_dev,166,2,2023-10-16 19:30:00,52,charge,94.0,91.54768177473916,92.0577874670776,96.45636
166_2_5012_20231017105000,train_dev,166,2,2023-10-17 10:50:00,52,charge,96.0,91.67414398895065,92.0577874670776,70.90661
166_2_5013_20231017113000,train_dev,166,2,2023-10-17 11:30:00,53,flight,96.0,91.7841236021578,92.09003502900543,78.144806
166_2_5023_20231017143000,train_dev,166,2,2023-10-17 14:30:00,54,flight,96.0,91.83926299992876,92.15520334597925,85.43301
166_2_5024_20231017164000,train_dev,166,2,2023-10-17 16:40:00,54,charge,95.0,91.90508384878432,92.15520334597925,74.8549
166_2_5025_20231017164000,train_dev,166,2,2023-10-17 16:40:00,55,flight,96.0,91.9568776825121,92.09288836554867,77.91034
166_2_5019_20231018114700,train_dev,166,2,2023-10-18 11:47:00,56,flight,96.0,92.0189000165719,91.9925741922619,90.99204
166_2_5020_20231018124500,train_dev,166,2,2023-10-18 12:45:00,56,charge,96.0,92.03828088865772,91.9925741922619,90.84909
166_2_5021_20231018140300,train_dev,166,2,2023-10-18 14:03:00,57,flight,93.0,92.0577874670776,91.68286336858418,91.63934
166_2_5022_20231018150000,train_dev,166,2,2023-10-18 15:00:00,57,charge,93.0,92.06934251444036,91.68286336858418,81.30146
166_2_5034_20231018194800,train_dev,166,2,2023-10-18 19:48:00,58,flight,93.0,92.09003502900543,91.37177181107066,77.49134
166_2_5035_20231018220000,train_dev,166,2,2023-10-18 22:00:00,58,charge,93.0,92.10114642289206,91.37177181107066,96.24224
166_2_5095_20231019130000,train_dev,166,2,2023-10-19 13:00:00,58,charge,94.0,92.12544927131115,91.37177181107066,78.36215
166_2_5096_20231019135300,train_dev,166,2,2023-10-19 13:53:00,59,flight,94.0,92.15520334597925,91.31936444718905,82.240005
166_2_5097_20231019150000,train_dev,166,2,2023-10-19 15:00:00,59,charge,94.0,92.16987861640774,91.31936444718905,88.9385
166_2_5191_20231019170000,train_dev,166,2,2023-10-19 17:00:00,59,charge,93.0,92.1799180196598,91.31936444718905,81.45094
166_2_5189_20231023115500,train_dev,166,2,2023-10-23 11:55:00,59,other,93.0,92.19546538713004,91.31936444718905,70.81341
166_2_5190_20231023160000,train_dev,166,2,2023-10-23 16:00:00,60,flight,83.0,92.09288836554867,91.30875963022493,79.70322
166_2_5192_20231023160000,train_dev,166,2,2023-10-23 16:00:00,61,flight,83.0,91.9925741922619,91.30081170696756,77.13786
166_2_5193_20231023162700,train_dev,166,2,2023-10-23 16:27:00,61,charge,83.0,91.86651077832076,91.30081170696756,94.34012
166_2_5036_20231023170000,train_dev,166,2,2023-10-23 17:00:00,61,charge,93.0,91.89432220020942,91.30081170696756,78.57942
166_2_5194_20231023200000,train_dev,166,2,2023-10-23 20:00:00,62,flight,83.0,91.68286336858418,91.2894989475836,71.28115
166_2_5195_20231023204000,train_dev,166,2,2023-10-23 20:40:00,62,charge,83.0,91.5425147224475,91.2894989475836,76.243256
166_2_5030_20231023214500,train_dev,166,2,2023-10-23 21:45:00,62,charge,85.0,91.49947854679895,91.2894989475836,94.994026
166_2_5037_20231024114500,train_dev,166,2,2023-10-24 11:45:00,63,flight,85.0,91.37177181107066,91.3141050751956,75.460915
166_2_5038_20231024125900,train_dev,166,2,2023-10-24 12:59:00,63,charge,89.0,91.3588996226742,91.3141050751956,96.268684
166_2_5039_20231024141200,train_dev,166,2,2023-10-24 14:12:00,64,flight,89.0,91.31936444718905,91.47649189002168,73.33609
166_2_5040_20231024151500,train_dev,166,2,2023-10-24 15:15:00,64,charge,91.0,91.31713890644971,91.47649189002168,95.13967
166_2_5071_20231026202100,train_dev,166,2,2023-10-26 20:21:00,65,flight,91.0,91.30875963022493,90.9941961430979,78.86952
166_2_5072_20231026202100,train_dev,166,2,2023-10-26 20:21:00,66,flight,91.0,91.30081170696756,90.8659217998898,72.344345
166_2_5073_20231026205100,train_dev,166,2,2023-10-26 20:51:00,66,charge,91.0,91.29611597622804,90.8659217998898,71.172905
166_2_5074_20231026214300,train_dev,166,2,2023-10-26 21:43:00,67,flight,91.0,91.2894989475836,90.63807808403968,77.509605
166_2_5075_20231026223000,train_dev,166,2,2023-10-26 22:30:00,67,charge,91.0,91.28561103415404,90.63807808403968,78.69443
166_2_5063_20231027104500,train_dev,166,2,2023-10-27 10:45:00,67,charge,92.0,91.30259636428995,90.63807808403968,96.36321
166_2_5064_20231027120500,train_dev,166,2,2023-10-27 12:05:00,68,flight,92.0,91.3141050751956,89.47602289882236,90.3067
166_2_5065_20231027125800,train_dev,166,2,2023-10-27 12:58:00,68,charge,92.0,91.32554462670562,89.47602289882236,88.73153
166_2_5067_20231030132000,train_dev,166,2,2023-10-30 13:20:00,68,other,92.0,91.39064607159388,89.47602289882236,78.70933
166_2_5070_20231030134500,train_dev,166,2,2023-10-30 13:45:00,68,charge,92.0,91.40053686426504,89.47602289882236,72.449615
166_2_5068_20231030143000,train_dev,166,2,2023-10-30 14:30:00,68,other,92.0,91.41725725345164,89.47602289882236,78.81666
166_2_5069_20231030154900,train_dev,166,2,2023-10-30 15:49:00,68,other,92.0,91.43578958102025,89.47602289882236,73.595375
166_2_5109_20231031132200,train_dev,166,2,2023-10-31 13:22:00,69,flight,92.0,91.47649189002168,85.43813758437706,94.306145
166_2_5110_20231031152500,train_dev,166,2,2023-10-31 15:25:00,69,other,92.0,91.5073620101058,85.43813758437706,71.14115
166_2_5111_20231101095100,train_dev,166,2,2023-11-01 09:51:00,69,charge,92.0,91.52128556960751,85.43813758437706,88.71018
166_2_5112_20231101144800,train_dev,166,2,2023-11-01 14:48:00,69,other,92.0,91.52882914180668,85.43813758437706,91.04915
166_2_5113_20231101154800,train_dev,166,2,2023-11-01 15:48:00,69,charge,92.0,91.53795749316936,85.43813758437706,89.11837
166_2_5114_20231101200000,train_dev,166,2,2023-11-01 20:00:00,69,charge,92.0,91.55996153063327,85.43813758437706,96.69611
166_2_5115_20231102200600,train_dev,166,2,2023-11-02 20:06:00,69,charge,82.0,91.23928067517048,85.43813758437706,92.41809
166_2_5118_20231104174500,train_dev,166,2,2023-11-04 17:45:00,69,charge,82.0,91.15236526645032,85.43813758437706,96.453255
166_2_5116_20231104180000,train_dev,166,2,2023-11-04 18:00:00,70,flight,82.0,90.9941961430979,85.27185639385016,75.86081
166_2_5117_20231104205000,train_dev,166,2,2023-11-04 20:50:00,71,flight,82.0,90.8659217998898,74.25149781345812,88.08961
166_2_5119_20231104225000,train_dev,166,2,2023-11-04 22:50:00,71,charge,82.0,90.75802394823404,74.25149781345812,71.37828
166_2_5127_20231106125500,train_dev,166,2,2023-11-06 12:55:00,72,flight,83.0,90.63807808403968,73.9934982286505,76.5509
166_2_5108_20231106160000,train_dev,166,2,2023-11-06 16:00:00,72,charge,84.0,90.58576737155184,73.9934982286505,95.41336
166_2_5188_20231114180000,train_dev,166,2,2023-11-14 18:00:00,72,other,84.0,89.64164078758968,73.9934982286505,91.11813
166_2_5205_20231116190800,train_dev,166,2,2023-11-16 19:08:00,73,flight,84.0,89.47602289882236,73.79560465975918,71.219284
166_2_5204_20231116211600,train_dev,166,2,2023-11-16 21:16:00,73,charge,84.0,89.40055345944924,73.79560465975918,96.5279
166_2_5207_20231120143500,train_dev,166,2,2023-11-20 14:35:00,73,other,80.0,89.1596428529112,73.79560465975918,72.343994
166_2_5206_20231120150500,train_dev,166,2,2023-11-20 15:05:00,73,charge,80.0,89.09459168641641,73.79560465975918,96.32372
166_2_5208_20231120175600,train_dev,166,2,2023-11-20 17:56:00,73,other,74.0,88.76636864299871,73.79560465975918,94.03058
166_2_5209_20231120202500,train_dev,166,2,2023-11-20 20:25:00,73,charge,74.0,88.55206162033788,73.79560465975918,77.76444
166_2_5285_20231130160700,train_dev,166,2,2023-11-30 16:07:00,73,other,74.0,88.11738821756173,73.79560465975918,88.47667
166_2_5286_20231130170000,train_dev,166,2,2023-11-30 17:00:00,73,charge,74.0,87.75415228325488,73.79560465975918,85.1698
166_2_5295_20231207174900,train_dev,166,2,2023-12-07 17:49:00,73,other,74.0,87.32959055222881,73.79560465975918,96.48226
166_2_5296_20231207182500,train_dev,166,2,2023-12-07 18:25:00,73,charge,74.0,87.13215009208191,73.79560465975918,73.18314
166_2_5358_20231207192600,train_dev,166,2,2023-12-07 19:26:00,73,other,76.0,86.55119413597004,73.79560465975918,77.666664
166_2_5298_20231208164400,train_dev,166,2,2023-12-08 16:44:00,73,other,82.0,86.42013717087046,73.79560465975918,85.32954
166_2_5299_20231208174000,train_dev,166,2,2023-12-08 17:40:00,73,charge,81.0,86.34052540920233,73.79560465975918,80.69796
166_2_5300_20231208200000,train_dev,166,2,2023-12-08 20:00:00,73,other,81.0,86.1963437098182,73.79560465975918,75.4655
166_2_5301_20231208204500,train_dev,166,2,2023-12-08 20:45:00,73,charge,83.0,86.16234221977732,73.79560465975918,72.60388
166_2_5359_20231208204500,train_dev,166,2,2023-12-08 20:45:00,73,charge,76.0,86.0750193290188,73.79560465975918,79.59528
166_2_5361_20231214100500,train_dev,166,2,2023-12-14 10:05:00,73,charge,80.0,85.97855633230776,73.79560465975918,76.86411
166_2_5369_20231214162000,train_dev,166,2,2023-12-14 16:20:00,73,other,83.0,85.89321887047434,73.79560465975918,88.32338
166_2_5370_20231214170000,train_dev,166,2,2023-12-14 17:00:00,73,charge,83.0,85.86906210862787,73.79560465975918,90.9438
166_2_5371_20231214183300,train_dev,166,2,2023-12-14 18:33:00,73,other,79.0,85.67794428661527,73.79560465975918,78.23265
166_2_5372_20231214191000,train_dev,166,2,2023-12-14 19:10:00,73,charge,79.0,85.582443621576,73.79560465975918,92.656944
166_2_5360_20231214212400,train_dev,166,2,2023-12-14 21:24:00,73,other,80.0,85.41649806321722,73.79560465975918,95.95979
166_2_5363_20231215170500,train_dev,166,2,2023-12-15 17:05:00,73,charge,86.0,85.421406324172,73.79560465975918,88.521324
166_2_5362_20231215190400,train_dev,166,2,2023-12-15 19:04:00,74,flight,86.0,85.43813758437706,72.95130189127977,72.914604
166_2_5365_20231216190000,train_dev,166,2,2023-12-16 19:00:00,74,other,84.0,85.35883256127971,72.95130189127977,77.196
166_2_5366_20231216192000,train_dev,166,2,2023-12-16 19:20:00,74,charge,84.0,85.317641985432,72.95130189127977,72.657295
166_2_5367_20231216201200,train_dev,166,2,2023-12-16 20:12:00,75,flight,84.0,85.27185639385016,72.99519679920677,84.61194
166_2_5368_20231216211500,train_dev,166,2,2023-12-16 21:15:00,75,charge,90.0,85.31155978237874,72.99519679920677,96.7238
166_2_5364_20231217042500,train_dev,166,2,2023-12-17 04:25:00,75,charge,86.0,85.33891967810253,72.99519679920677,92.51497
166_2_5379_20231219183000,train_dev,166,2,2023-12-19 18:30:00,75,other,90.0,85.44795360269052,72.99519679920677,88.91116
166_2_5380_20231219190000,train_dev,166,2,2023-12-19 19:00:00,75,charge,90.0,85.63654330673901,72.99519679920677,96.34554
166_2_5382_20231219193500,train_dev,166,2,2023-12-19 19:35:00,75,charge,90.0,86.04147694551332,72.99519679920677,91.16685
166_2_5381_20231219193700,train_dev,166,2,2023-12-19 19:37:00,75,other,90.0,86.23082311163144,72.99519679920677,88.82463
166_2_5383_20231220171500,train_dev,166,2,2023-12-20 17:15:00,75,charge,88.0,86.29132298099286,72.99519679920677,93.57231
166_2_5384_20231220181500,train_dev,166,2,2023-12-20 18:15:00,75,other,88.0,86.32391174817045,72.99519679920677,88.812645
166_2_5385_20231220190000,train_dev,166,2,2023-12-20 19:00:00,75,charge,88.0,86.33442083183637,72.99519679920677,85.294266
166_2_5386_20231220202800,train_dev,166,2,2023-12-20 20:28:00,75,other,85.0,86.30884405577947,72.99519679920677,96.35672
166_2_5387_20231220215000,train_dev,166,2,2023-12-20 21:50:00,75,charge,85.0,86.25864018094299,72.99519679920677,94.82453
166_2_5388_20231221001500,train_dev,166,2,2023-12-21 00:15:00,75,charge,85.0,86.1173088658661,72.99519679920677,75.40493
166_2_5389_20231221011500,train_dev,166,2,2023-12-21 01:15:00,75,other,85.0,86.07004752318281,72.99519679920677,84.120316
166_2_5390_20231221013000,train_dev,166,2,2023-12-21 01:30:00,75,charge,85.0,86.00091464224307,72.99519679920677,71.55119
166_2_5434_20240122192500,train_dev,166,2,2024-01-22 19:25:00,75,charge,77.0,85.84384038622261,72.99519679920677,80.91375
166_2_5425_20240123034500,train_dev,166,2,2024-01-23 03:45:00,75,charge,77.0,85.69111135465822,72.99519679920677,93.525955
166_2_5768_20240405113200,train_dev,166,2,2024-04-05 11:32:00,75,other,67.0,83.65812621846827,72.99519679920677,88.765884
166_2_5769_20240405124000,train_dev,166,2,2024-04-05 12:40:00,75,charge,67.0,82.49674972740326,72.99519679920677,96.47074
166_2_5770_20240405131500,train_dev,166,2,2024-04-05 13:15:00,75,charge,67.0,80.49768917739854,72.99519679920677,75.93561
166_2_5771_20240405142600,train_dev,166,2,2024-04-05 14:26:00,75,other,67.0,77.9819319610673,72.99519679920677,95.04902
166_2_5772_20240405165200,train_dev,166,2,2024-04-05 16:52:00,75,other,67.0,76.21768406243932,72.99519679920677,78.44361
166_2_5773_20240405170000,train_dev,166,2,2024-04-05 17:00:00,75,charge,67.0,75.46606386837324,72.99519679920677,95.465225
166_2_5774_20240405170500,train_dev,166,2,2024-04-05 17:05:00,75,charge,66.0,74.79309180620794,72.99519679920677,90.639336
166_2_5775_20240406110500,train_dev,166,2,2024-04-06 11:05:00,75,charge,66.0,74.48461807772387,72.99519679920677,96.28433
166_2_5776_20240407135800,train_dev,166,2,2024-04-07 13:58:00,76,flight,66.0,74.25149781345812,72.99544394014099,76.921265
166_2_5777_20240407145500,train_dev,166,2,2024-04-07 14:55:00,76,charge,66.0,74.18465453142596,72.99544394014099,77.26318
166_2_5778_20240407145500,train_dev,166,2,2024-04-07 14:55:00,77,flight,66.0,73.9934982286505,72.95670523719589,71.74138
166_2_5779_20240407162400,train_dev,166,2,2024-04-07 16:24:00,77,charge,66.0,73.84388434194639,72.95670523719589,95.63747
166_2_5784_20240408161400,train_dev,166,2,2024-04-08 16:14:00,78,flight,72.0,73.79560465975918,73.00015612946731,70.85366
166_2_5783_20240408170500,train_dev,166,2,2024-04-08 17:05:00,78,charge,73.0,73.7864690909064,73.00015612946731,78.743935
166_2_5787_20240409114100,train_dev,166,2,2024-04-09 11:41:00,78,other,73.0,73.76544986252925,73.00015612946731,95.05567
166_2_5788_20240409124000,train_dev,166,2,2024-04-09 12:40:00,78,charge,73.0,73.75994352280495,73.00015612946731,88.84518
166_2_5789_20240409143000,train_dev,166,2,2024-04-09 14:30:00,78,other,66.0,73.55203866520831,73.00015612946731,71.07858
166_2_5790_20240409151500,train_dev,166,2,2024-04-09 15:15:00,78,charge,66.0,73.33393563262145,73.00015612946731,92.35938
166_2_5792_20240410111000,train_dev,166,2,2024-04-10 11:10:00,78,charge,68.0,73.2620431507693,73.00015612946731,75.90318
166_2_5793_20240410123700,train_dev,166,2,2024-04-10 12:37:00,78,other,68.0,73.09010469439136,73.00015612946731,91.48569
166_2_5794_20240410132000,train_dev,166,2,2024-04-10 13:20:00,78,charge,70.0,73.06309325380758,73.00015612946731,84.70636
166_2_5795_20240410143400,train_dev,166,2,2024-04-10 14:34:00,79,flight,70.0,72.95130189127977,73.05274087089416,80.56539
166_2_5796_20240410153000,train_dev,166,2,2024-04-10 15:30:00,79,charge,74.0,72.95930399602764,73.05274087089416,95.083115
166_2_5797_20240410212000,train_dev,166,2,2024-04-10 21:20:00,80,flight,74.0,72.99519679920677,73.21182533231115,76.644356
166_2_5813_20240415215000,train_dev,166,2,2024-04-15 21:50:00,80,charge,73.0,72.99529597208608,73.21182533231115,92.54583
166_2_5814_20240415232600,train_dev,166,2,2024-04-15 23:26:00,81,flight,73.0,72.99544394014099,73.57525580726838,96.34696
166_2_5818_20240416131500,train_dev,166,2,2024-04-16 13:15:00,81,charge,72.0,72.98310329791357,73.57525580726838,96.23502
166_2_5819_20240416152000,train_dev,166,2,2024-04-16 15:20:00,82,flight,72.0,72.95670523719589,73.60325000181348,91.693054
166_2_5820_20240416152000,train_dev,166,2,2024-04-16 15:20:00,82,charge,74.0,72.96717754934573,73.60325000181348,71.50282
166_2_5821_20240416172500,train_dev,166,2,2024-04-16 17:25:00,83,flight,74.0,73.00015612946731,73.5857667518949,72.47688
166_2_5822_20240416182300,train_dev,166,2,2024-04-16 18:23:00,83,charge,74.0,73.02216580376266,73.5857667518949,95.67179
166_2_5823_20240416201600,train_dev,166,2,2024-04-16 20:16:00,84,flight,74.0,73.05274087089416,73.56557870861198,79.011925
166_2_5829_20240416205500,train_dev,166,2,2024-04-16 20:55:00,84,charge,77.0,73.0862556366796,73.56557870861198,96.52733
166_2_5830_20240416220600,train_dev,166,2,2024-04-16 22:06:00,85,flight,77.0,73.21182533231115,73.61362757304887,90.61581
166_2_5836_20240420121000,train_dev,166,2,2024-04-20 12:10:00,85,charge,77.0,73.30794483107766,73.61362757304887,88.60506
166_2_5837_20240420201400,train_dev,166,2,2024-04-20 20:14:00,86,flight,78.0,73.57525580726838,73.65396357293585,96.475204
166_2_5838_20240420204000,train_dev,166,2,2024-04-20 20:40:00,86,charge,81.0,73.62873761429834,73.65396357293585,84.86821
166_2_5842_20240421112900,train_dev,166,2,2024-04-21 11:29:00,86,other,81.0,73.80031254883453,73.65396357293585,94.21696
166_2_5843_20240421121500,train_dev,166,2,2024-04-21 12:15:00,86,charge,75.0,73.80814098785123,73.65396357293585,95.02895
166_2_5844_20240421132900,train_dev,166,2,2024-04-21 13:29:00,86,other,75.0,73.83530062617808,73.65396357293585,88.79864
166_2_5845_20240421142000,train_dev,166,2,2024-04-21 14:20:00,86,charge,75.0,73.85381653597533,73.65396357293585,82.26968
166_2_5848_20240422101000,train_dev,166,2,2024-04-22 10:10:00,86,charge,74.0,73.8574308771928,73.65396357293585,73.32811
166_2_5849_20240422104700,train_dev,166,2,2024-04-22 10:47:00,86,other,74.0,73.86084524420234,73.65396357293585,96.345116
166_2_5850_20240422112500,train_dev,166,2,2024-04-22 11:25:00,86,charge,72.0,73.84738923622415,73.65396357293585,90.76066
166_2_5851_20240422121400,train_dev,166,2,2024-04-22 12:14:00,86,other,72.0,73.80164496492526,73.65396357293585,77.810936
166_2_5852_20240422121500,train_dev,166,2,2024-04-22 12:15:00,86,charge,72.0,73.77674754499544,73.65396357293585,71.1872
166_2_5853_20240422185500,train_dev,166,2,2024-04-22 18:55:00,86,other,72.0,73.73346686122089,73.65396357293585,71.198494
166_2_5861_20240424150000,train_dev,166,2,2024-04-24 15:00:00,86,charge,72.0,73.69583030613738,73.65396357293585,82.23888
166_2_5862_20240424161500,train_dev,166,2,2024-04-24 16:15:00,86,other,72.0,73.66112381547904,73.65396357293585,73.43449
166_2_5863_20240424165500,train_dev,166,2,2024-04-24 16:55:00,86,charge,72.0,73.63416249708753,73.65396357293585,75.819275
166_2_5868_20240424181700,train_dev,166,2,2024-04-24 18:17:00,87,flight,72.0,73.60325000181348,75.96909097881546,72.6094
166_2_5869_20240424190000,train_dev,166,2,2024-04-24 19:00:00,87,charge,73.0,73.59733428513925,75.96909097881546,75.53915
166_2_5870_20240424195000,train_dev,166,2,2024-04-24 19:50:00,88,flight,73.0,73.5857667518949,76.56328356870463,84.9792
166_2_5871_20240424203000,train_dev,166,2,2024-04-24 20:30:00,88,charge,73.0,73.57650155021042,76.56328356870463,96.4626
166_2_5874_20240424221700,train_dev,166,2,2024-04-24 22:17:00,89,flight,73.0,73.56557870861198,77.32051759937997,73.04446
166_2_5875_20240424231000,train_dev,166,2,2024-04-24 23:10:00,89,charge,73.0,73.55269946191297,77.32051759937997,80.84384
166_2_5876_20240425105000,train_dev,166,2,2024-04-25 10:50:00,89,charge,74.0,73.56338984325168,77.32051759937997,72.89434
166_2_5877_20240425113000,train_dev,166,2,2024-04-25 11:30:00,89,other,74.0,73.5703801857099,77.32051759937997,91.21792
166_2_5878_20240425121000,train_dev,166,2,2024-04-25 12:10:00,89,charge,75.0,73.58370475070188,77.32051759937997,77.5772
166_2_5879_20240425141800,train_dev,166,2,2024-04-25 14:18:00,90,flight,75.0,73.61362757304887,78.92658816315313,91.3099
166_2_5880_20240425151500,train_dev,166,2,2024-04-25 15:15:00,90,charge,75.0,73.63006443735044,78.92658816315313,73.31041
166_2_5881_20240425184400,train_dev,166,2,2024-04-25 18:44:00,91,flight,75.0,73.65396357293585,79.54993592313633,71.01409
166_2_5882_20240425194500,train_dev,166,2,2024-04-25 19:45:00,91,charge,75.0,73.70544311653363,79.54993592313633,84.93121
166_2_5890_20240429221000,train_dev,166,2,2024-04-29 22:10:00,91,charge,75.0,73.72999026776164,79.54993592313633,85.504135
166_2_5891_20240429224500,train_dev,166,2,2024-04-29 22:45:00,91,other,75.0,73.75479148381973,79.54993592313633,96.498116
166_2_5899_20240501170000,train_dev,166,2,2024-05-01 17:00:00,91,charge,100.0,74.4125725123434,79.54993592313633,79.02381
166_2_5900_20240501192100,train_dev,166,2,2024-05-01 19:21:00,91,other,100.0,74.95080815468674,79.54993592313633,82.46111
166_2_5914_20240502144500,train_dev,166,2,2024-05-02 14:45:00,91,charge,100.0,75.51712485714391,79.54993592313633,77.973335
166_2_5915_20240502153800,train_dev,166,2,2024-05-02 15:38:00,92,flight,100.0,75.96909097881546,79.8928400219319,73.290855
166_2_5917_20240502162000,train_dev,166,2,2024-05-02 16:20:00,92,charge,98.0,76.14172873754777,79.8928400219319,91.401436
166_2_5907_20240502171300,train_dev,166,2,2024-05-02 17:13:00,93,flight,98.0,76.56328356870463,80.13755169137065,79.141365
166_2_5908_20240502180000,train_dev,166,2,2024-05-02 18:00:00,93,charge,97.0,76.77399043018262,80.13755169137065,89.923164
166_2_5912_20240502191000,train_dev,166,2,2024-05-02 19:10:00,94,flight,97.0,77.32051759937997,80.55426977562226,91.85587
166_2_5913_20240502200500,train_dev,166,2,2024-05-02 20:05:00,94,charge,97.0,77.76462721155174,80.55426977562226,93.497536
166_2_5909_20240503091500,train_dev,166,2,2024-05-03 09:15:00,94,charge,95.0,78.27940605788444,80.55426977562226,91.44132
166_2_5916_20240504120000,train_dev,166,2,2024-05-04 12:00:00,94,charge,95.0,78.62260606265822,80.55426977562226,84.75089
166_2_5918_20240504125900,train_dev,166,2,2024-05-04 12:59:00,95,flight,95.0,78.92658816315313,80.81714745201214,79.72697
166_2_5919_20240504133500,train_dev,166,2,2024-05-04 13:35:00,95,charge,95.0,79.20867071589358,80.81714745201214,78.79538
166_2_5920_20240504141900,train_dev,166,2,2024-05-04 14:19:00,96,flight,95.0,79.54993592313633,81.49645176328174,78.66307
166_2_5922_20240504160900,train_dev,166,2,2024-05-04 16:09:00,97,flight,95.0,79.8928400219319,81.59664046693749,76.974785
166_2_5923_20240504170500,train_dev,166,2,2024-05-04 17:05:00,97,charge,90.0,79.95107493634495,81.59664046693749,73.32767
166_2_5924_20240504181400,train_dev,166,2,2024-05-04 18:14:00,98,flight,90.0,80.13755169137065,81.67449132065649,78.19688
166_2_5925_20240504185500,train_dev,166,2,2024-05-04 18:55:00,98,charge,90.0,80.33027552090545,81.67449132065649,79.74454
166_2_5926_20240504195100,train_dev,166,2,2024-05-04 19:51:00,99,flight,90.0,80.55426977562226,81.76512221304162,88.614426
166_2_5927_20240504203000,train_dev,166,2,2024-05-04 20:30:00,99,charge,89.0,80.6349969542656,81.76512221304162,72.20584
166_2_5928_20240504212800,train_dev,166,2,2024-05-04 21:28:00,100,flight,89.0,80.81714745201214,81.75989324995469,87.96713
166_2_5976_20240504221000,train_dev,166,2,2024-05-04 22:10:00,100,charge,89.0,80.93075706913667,81.75989324995469,96.7124
166_2_5921_20240505025000,train_dev,166,2,2024-05-05 02:50:00,100,charge,95.0,81.17784356114255,81.75989324995469,88.558426
166_2_6001_20240507150000,train_dev,166,2,2024-05-07 15:00:00,100,charge,88.0,81.37226544367935,81.75989324995469,72.83693
166_2_6002_20240507162900,train_dev,166,2,2024-05-07 16:29:00,101,flight,88.0,81.49645176328174,81.69089858829683,83.149994
166_2_6003_20240507170000,train_dev,166,2,2024-05-07 17:00:00,101,charge,85.0,81.51691819957232,81.69089858829683,96.19296
166_2_5946_20240507185700,train_dev,166,2,2024-05-07 18:57:00,102,flight,85.0,81.59664046693749,81.53260733596021,96.701126
166_2_5947_20240507191000,train_dev,166,2,2024-05-07 19:10:00,102,charge,84.0,81.63368201253382,81.53260733596021,96.30154
166_2_5948_20240507204000,train_dev,166,2,2024-05-07 20:40:00,103,flight,84.0,81.67449132065649,81.42675812541401,76.210205
166_2_5949_20240507213300,train_dev,166,2,2024-05-07 21:33:00,103,charge,84.0,81.70845077594952,81.42675812541401,90.864365
166_2_5950_20240507231000,train_dev,166,2,2024-05-07 23:10:00,104,flight,84.0,81.76512221304162,81.33267253007212,82.82036
166_2_5951_20240508000000,train_dev,166,2,2024-05-08 00:00:00,104,charge,84.0,81.79622226335358,81.33267253007212,73.27281
166_2_5984_20240509191300,train_dev,166,2,2024-05-09 19:13:00,105,flight,80.0,81.75989324995469,80.97045419027191,95.41563
166_2_5986_20240509200000,train_dev,166,2,2024-05-09 20:00:00,105,charge,79.0,81.73580069191233,80.97045419027191,73.35919
166_2_5978_20240509205600,train_dev,166,2,2024-05-09 20:56:00,106,flight,79.0,81.69089858829683,80.84164405209577,94.77319
166_2_5982_20240509215000,train_dev,166,2,2024-05-09 21:50:00,106,charge,79.0,81.63486788150298,80.84164405209577,73.39851
166_2_5996_20240510111000,train_dev,166,2,2024-05-10 11:10:00,106,charge,79.0,81.57430869632451,80.84164405209577,72.27477
166_2_5997_20240510131000,train_dev,166,2,2024-05-10 13:10:00,107,flight,79.0,81.53260733596021,80.763863203607,79.23966
166_2_5998_20240510154000,train_dev,166,2,2024-05-10 15:40:00,107,charge,79.0,81.47850335093504,80.763863203607,78.98517
166_2_5999_20240510165300,train_dev,166,2,2024-05-10 16:53:00,108,flight,79.0,81.42675812541401,80.61229345654871,71.61613
166_2_6000_20240510174500,train_dev,166,2,2024-05-10 17:45:00,108,charge,78.0,81.39570135658205,80.61229345654871,87.8644
166_2_6004_20240510200600,train_dev,166,2,2024-05-10 20:06:00,109,flight,78.0,81.33267253007212,80.47802479624941,83.20722
166_2_6005_20240510224500,train_dev,166,2,2024-05-10 22:45:00,109,charge,78.0,81.29036923350638,80.47802479624941,90.84664
166_2_6045_20240512140000,train_dev,166,2,2024-05-12 14:00:00,109,charge,77.0,81.21093335481892,80.47802479624941,78.9144
166_2_6009_20240513134900,train_dev,166,2,2024-05-13 13:49:00,109,other,77.0,81.13150054769422,80.47802479624941,96.211105
166_2_6010_20240514101500,train_dev,166,2,2024-05-14 10:15:00,109,charge,77.0,81.0517295499941,80.47802479624941,81.19869
166_2_6011_20240514104800,train_dev,166,2,2024-05-14 10:48:00,110,flight,77.0,80.97045419027191,80.30173618115765,73.39228
166_2_6012_20240514114500,train_dev,166,2,2024-05-14 11:45:00,110,charge,76.0,80.92200653805867,80.30173618115765,96.69836
166_2_6023_20240514155100,train_dev,166,2,2024-05-14 15:51:00,111,flight,76.0,80.84164405209577,80.18622084410994,72.549034
166_2_6040_20240514155100,train_dev,166,2,2024-05-14 15:51:00,112,flight,76.0,80.763863203607,79.98176754154444,88.39831
166_2_6024_20240514163000,train_dev,166,2,2024-05-14 16:30:00,112,charge,76.0,80.69882076158771,79.98176754154444,76.705894
166_2_6025_20240514184800,train_dev,166,2,2024-05-14 18:48:00,113,flight,76.0,80.61229345654871,79.88082419742788,78.0295
166_2_6026_20240514192700,train_dev,166,2,2024-05-14 19:27:00,113,charge,75.0,80.55992139075606,79.88082419742788,96.486115
166_2_6027_20240514203400,train_dev,166,2,2024-05-14 20:34:00,114,flight,75.0,80.47802479624941,79.77603795397035,96.46223
166_2_6028_20240514212000,train_dev,166,2,2024-05-14 21:20:00,114,charge,74.0,80.42537774519701,79.77603795397035,94.402145
166_2_6029_20240514223600,train_dev,166,2,2024-05-14 22:36:00,115,flight,74.0,80.30173618115765,79.49213372553645,88.64395
166_2_6030_20240514231500,train_dev,166,2,2024-05-14 23:15:00,115,charge,75.0,80.25703842287153,79.49213372553645,76.112045
166_2_6031_20240515000900,train_dev,166,2,2024-05-15 00:09:00,116,flight,75.0,80.18622084410994,79.35707542756427,78.18767
166_2_6032_20240515005000,train_dev,166,2,2024-05-15 00:50:00,116,charge,75.0,80.102214045583,79.35707542756427,77.22809
166_2_6037_20240515104500,train_dev,166,2,2024-05-15 10:45:00,116,charge,76.0,80.03265519571899,79.35707542756427,73.05641
166_2_6038_20240515113000,train_dev,166,2,2024-05-15 11:30:00,117,flight,76.0,79.98176754154444,79.23841100112642,88.41635
166_2_6039_20240515115500,train_dev,166,2,2024-05-15 11:55:00,117,charge,75.0,79.94949650047693,79.23841100112642,91.36671
166_2_6042_20240515161800,train_dev,166,2,2024-05-15 16:18:00,118,flight,75.0,79.88082419742788,79.04675928657203,73.316574
166_2_6041_20240515180500,train_dev,166,2,2024-05-15 18:05:00,118,charge,75.0,79.82924359658942,79.04675928657203,88.95076
166_2_6043_20240515180600,train_dev,166,2,2024-05-15 18:06:00,119,flight,75.0,79.77603795397035,78.8878815618893,94.87897
166_2_6044_20240515185000,train_dev,166,2,2024-05-15 18:50:00,119,charge,75.0,79.62767501226074,78.8878815618893,96.15986
166_2_6046_20240516131000,train_dev,166,2,2024-05-16 13:10:00,119,charge,75.0,79.56618250649308,78.8878815618893,96.4994
166_2_6047_20240516135400,train_dev,166,2,2024-05-16 13:54:00,120,flight,75.0,79.49213372553645,78.79432250048838,73.335815
166_2_6048_20240516143500,train_dev,166,2,2024-05-16 14:35:00,120,charge,75.0,79.42133158787185,78.79432250048838,77.529724
166_2_6055_20240516160700,train_dev,166,2,2024-05-16 16:07:00,121,flight,75.0,79.35707542756427,78.45860392629963,73.72166
166_2_6056_20240516170000,train_dev,166,2,2024-05-16 17:00:00,121,charge,75.0,79.31026315560409,78.45860392629963,71.348816
166_2_6057_20240516175300,train_dev,166,2,2024-05-16 17:53:00,122,flight,75.0,79.23841100112642,78.31502487283015,95.00503
166_2_6058_20240516183800,train_dev,166,2,2024-05-16 18:38:00,122,charge,75.0,79.1717104677694,78.31502487283015,73.18133
166_2_6060_20240516221100,train_dev,166,2,2024-05-16 22:11:00,122,charge,75.0,79.10208082765088,78.31502487283015,96.2263
166_2_6061_20240516230200,train_dev,166,2,2024-05-16 23:02:00,123,flight,75.0,79.04675928657203,78.17989409004959,88.6462
166_2_6062_20240516235000,train_dev,166,2,2024-05-16 23:50:00,123,charge,75.0,78.99355706029891,78.17989409004959,71.16412
166_2_6079_20240517100000,train_dev,166,2,2024-05-17 10:00:00,123,charge,75.0,78.93647237567056,78.17989409004959,89.06189
166_2_6080_20240517102300,train_dev,166,2,2024-05-17 10:23:00,124,flight,75.0,78.8878815618893,77.99342072174504,91.88628
166_2_6081_20240517105500,train_dev,166,2,2024-05-17 10:55:00,124,charge,74.0,78.85986318338033,77.99342072174504,85.68145
166_2_6082_20240517120600,train_dev,166,2,2024-05-17 12:06:00,125,flight,74.0,78.79432250048838,77.92293424178234,89.40538
166_2_6083_20240517124000,train_dev,166,2,2024-05-17 12:40:00,125,charge,74.0,78.63791675045401,77.92293424178234,79.34435
166_2_6084_20240517133000,train_dev,166,2,2024-05-17 13:30:00,125,charge,74.0,78.58894212980626,77.92293424178234,75.88777
166_2_6088_20240518200500,train_dev,166,2,2024-05-18 20:05:00,125,charge,74.0,78.52867404543993,77.92293424178234,93.13503
166_2_6089_20240518210900,train_dev,166,2,2024-05-18 21:09:00,126,flight,74.0,78.45860392629963,77.78062828719725,73.16715
166_2_6112_20240521093000,train_dev,166,2,2024-05-21 09:30:00,126,charge,74.0,78.37650538508909,77.78062828719725,96.32634
166_2_6113_20240521101800,train_dev,166,2,2024-05-21 10:18:00,127,flight,74.0,78.31502487283015,77.70331353214694,78.29006
166_2_6114_20240521110000,train_dev,166,2,2024-05-21 11:00:00,127,charge,74.0,78.2419143636063,77.70331353214694,82.31342
166_2_6116_20240521125300,train_dev,166,2,2024-05-21 12:53:00,128,flight,74.0,78.17989409004959,77.61109989909062,75.6521
166_2_6117_20240521135000,train_dev,166,2,2024-05-21 13:50:00,128,charge,74.0,78.1268914730496,77.61109989909062,96.49055
166_2_6144_20240522090000,train_dev,166,2,2024-05-22 09:00:00,128,charge,74.0,78.05905151419881,77.61109989909062,71.2877
166_2_6145_20240522093700,train_dev,166,2,2024-05-22 09:37:00,129,flight,74.0,77.99342072174504,77.55168206093872,73.22314
166_2_6146_20240522101900,train_dev,166,2,2024-05-22 10:19:00,129,charge,75.0,77.96821394105012,77.55168206093872,77.96303
166_2_6157_20240522114200,train_dev,166,2,2024-05-22 11:42:00,130,flight,75.0,77.92293424178234,77.17618384608852,96.293365
166_2_6158_20240522122000,train_dev,166,2,2024-05-22 12:20:00,130,charge,74.0,77.88937629408227,77.17618384608852,82.748634
166_2_6163_20240523093000,train_dev,166,2,2024-05-23 09:30:00,130,charge,74.0,77.8369836193391,77.17618384608852,91.444084
166_2_6164_20240523101000,train_dev,166,2,2024-05-23 10:10:00,131,flight,74.0,77.78062828719725,77.10733246030009,73.15363
166_2_6165_20240523104500,train_dev,166,2,2024-05-23 10:45:00,131,charge,74.0,77.7427653118455,77.10733246030009,77.43551
166_2_6166_20240523114700,train_dev,166,2,2024-05-23 11:47:00,132,flight,74.0,77.70331353214694,76.97524942971961,77.357735
166_2_6167_20240523123500,train_dev,166,2,2024-05-23 12:35:00,132,charge,74.0,77.66400175589571,76.97524942971961,77.29537
166_2_6168_20240523133700,train_dev,166,2,2024-05-23 13:37:00,133,flight,74.0,77.61109989909062,76.92646492427833,77.21091
166_2_6169_20240523143500,train_dev,166,2,2024-05-23 14:35:00,133,charge,75.0,77.59007428628092,76.92646492427833,77.174446
166_2_6172_20240523152900,train_dev,166,2,2024-05-23 15:29:00,134,flight,75.0,77.55168206093872,76.9085486476165,77.12197
166_2_6173_20240523163000,train_dev,166,2,2024-05-23 16:30:00,134,charge,75.0,77.51024499806203,76.9085486476165,77.08783
166_2_6174_20240523165500,train_dev,166,2,2024-05-23 16:55:00,134,charge,75.0,77.4240678649489,76.9085486476165,77.033325
166_2_6175_20240523172000,train_dev,166,2,2024-05-23 17:20:00,134,charge,75.0,77.30734168397396,76.9085486476165,76.95411
166_2_6176_20240523172000,train_dev,166,2,2024-05-23 17:20:00,134,charge,75.0,77.21410936063928,76.9085486476165,76.90354
166_2_6177_20240523175000,train_dev,166,2,2024-05-23 17:50:00,135,flight,75.0,77.17618384608852,76.88789042508108,76.8994
166_2_6178_20240523180000,train_dev,166,2,2024-05-23 18:00:00,135,charge,75.0,77.14355552381328,76.88789042508108,76.90053
166_2_6179_20240523183000,train_dev,166,2,2024-05-23 18:30:00,136,flight,75.0,77.10733246030009,76.8587659262141,76.88951
166_2_6180_20240523190000,train_dev,166,2,2024-05-23 19:00:00,136,charge,75.0,77.05493666847919,76.8587659262141,76.8547
166_2_6181_20240523193000,train_dev,166,2,2024-05-23 19:30:00,136,charge,75.0,77.02187096504943,76.8587659262141,76.84591
166_2_6185_20240524084500,train_dev,166,2,2024-05-24 08:45:00,136,charge,75.0,76.99666961649433,76.8587659262141,76.82996
166_2_6186_20240524091900,train_dev,166,2,2024-05-24 09:19:00,137,flight,75.0,76.97524942971961,76.75832504543422,76.7929
166_2_6187_20240524100000,train_dev,166,2,2024-05-24 10:00:00,137,charge,75.0,76.94828690376492,76.75832504543422,76.7637
166_2_6188_20240524103100,train_dev,166,2,2024-05-24 10:31:00,138,flight,75.0,76.92646492427833,76.69643006024997,76.71336
166_2_6190_20240524121100,train_dev,166,2,2024-05-24 12:11:00,139,flight,75.0,76.9085486476165,76.5681512473587,76.66518
166_2_6193_20240524135600,train_dev,166,2,2024-05-24 13:56:00,140,flight,75.0,76.88789042508108,76.44031154546352,76.60723
166_2_6249_20240524155500,train_dev,166,2,2024-05-24 15:55:00,141,flight,75.0,76.8587659262141,76.38923169107491,76.54889
166_2_6189_20240524161200,train_dev,166,2,2024-05-24 16:12:00,141,charge,75.0,76.84319382414007,76.38923169107491,76.51829
166_2_6192_20240524162100,train_dev,166,2,2024-05-24 16:21:00,141,charge,75.0,76.82792675396081,76.38923169107491,76.49268
166_2_6194_20240524162500,train_dev,166,2,2024-05-24 16:25:00,141,charge,75.0,76.81350301674492,76.38923169107491,76.469795
166_2_6250_20240524163500,train_dev,166,2,2024-05-24 16:35:00,141,charge,74.0,76.79500275957439,76.38923169107491,76.452515
166_2_6251_20240524175100,train_dev,166,2,2024-05-24 17:51:00,142,flight,74.0,76.75832504543422,76.32096513078992,76.40817
166_2_6252_20240524183500,train_dev,166,2,2024-05-24 18:35:00,142,charge,74.0,76.73192128556214,76.32096513078992,76.383
166_2_6253_20240524193700,train_dev,166,2,2024-05-24 19:37:00,143,flight,74.0,76.69643006024997,76.2635494244526,76.34439
166_2_6254_20240524203000,train_dev,166,2,2024-05-24 20:30:00,143,charge,74.0,76.66164978936959,76.2635494244526,76.318855
166_2_6191_20240525005000,train_dev,166,2,2024-05-25 00:50:00,143,charge,75.0,76.6484515941458,76.2635494244526,76.30746
166_2_6207_20240528203000,train_dev,166,2,2024-05-28 20:30:00,143,charge,74.0,76.5987524175465,76.2635494244526,76.273834
166_2_6208_20240528211800,train_dev,166,2,2024-05-28 21:18:00,144,flight,74.0,76.5681512473587,76.17802792321245,76.245316
166_2_6209_20240528214700,train_dev,166,2,2024-05-28 21:47:00,144,charge,74.0,76.496453599657,76.17802792321245,76.18712
166_2_6214_20240529120500,train_dev,166,2,2024-05-29 12:05:00,144,charge,74.0,76.46949626904699,76.17802792321245,76.17468
166_2_6221_20240529124800,train_dev,166,2,2024-05-29 12:48:00,145,flight,74.0,76.44031154546352,76.07516339073356,76.13764
166_2_6222_20240529133000,train_dev,166,2,2024-05-29 13:30:00,145,charge,74.0,76.41780602107688,76.07516339073356,76.10599
166_2_6223_20240529142500,train_dev,166,2,2024-05-29 14:25:00,146,flight,74.0,76.38923169107491,75.97165297473666,76.0549
166_2_6224_20240529152000,train_dev,166,2,2024-05-29 15:20:00,146,charge,74.0,76.36726037952808,75.97165297473666,76.01762
166_2_6225_20240529154000,train_dev,166,2,2024-05-29 15:40:00,146,charge,75.0,76.33848625277224,75.97165297473666,75.997955
166_2_6226_20240529162100,train_dev,166,2,2024-05-29 16:21:00,147,flight,75.0,76.32096513078992,75.84848214795666,75.98066
166_2_6227_20240529170500,train_dev,166,2,2024-05-29 17:05:00,147,charge,73.0,76.30547137405192,75.84848214795666,75.97074
166_2_6217_20240529181400,train_dev,166,2,2024-05-29 18:14:00,148,flight,73.0,76.2635494244526,75.7276281453343,75.918755
166_2_6218_20240529190000,train_dev,166,2,2024-05-29 19:00:00,148,charge,73.0,76.21725067127102,75.7276281453343,75.86687
166_2_6229_20240529212600,train_dev,166,2,2024-05-29 21:26:00,149,flight,73.0,76.17802792321245,75.67794027412577,75.81263
166_2_6231_20240530112500,train_dev,166,2,2024-05-30 11:25:00,149,charge,72.0,76.1178825295443,75.67794027412577,75.7501
166_2_6232_20240530120500,train_dev,166,2,2024-05-30 12:05:00,150,flight,72.0,76.07516339073356,75.64003758592017,75.68965
166_2_6233_20240530125000,train_dev,166,2,2024-05-30 12:50:00,150,charge,72.0,76.01892948394931,75.64003758592017,75.62801
166_2_6234_20240530140500,train_dev,166,2,2024-05-30 14:05:00,151,flight,72.0,75.97165297473666,75.56288153206987,75.5564
166_2_6235_20240530144700,train_dev,166,2,2024-05-30 14:47:00,151,charge,72.0,75.93989775094374,75.56288153206987,75.507
166_2_6230_20240530220500,train_dev,166,2,2024-05-30 22:05:00,151,charge,73.0,75.91367437390147,75.56288153206987,75.477066
166_2_6241_20240531154600,train_dev,166,2,2024-05-31 15:46:00,152,flight,71.0,75.84848214795666,75.38119186390499,75.40206
166_2_6242_20240531170500,train_dev,166,2,2024-05-31 17:05:00,152,charge,71.0,75.78950267290297,75.38119186390499,75.35169
166_2_6243_20240531171600,train_dev,166,2,2024-05-31 17:16:00,153,flight,71.0,75.7276281453343,75.32014528802834,75.28851
166_2_6244_20240531180000,final_test,166,2,2024-05-31 18:00:00,153,charge,73.0,75.71197840508464,75.32014528802834,75.27211
166_2_6245_20240531190800,final_test,166,2,2024-05-31 19:08:00,154,flight,73.0,75.67794027412577,75.29718056007887,75.22999
166_2_6246_20240531200000,final_test,166,2,2024-05-31 20:00:00,154,charge,74.0,75.6648639861813,75.29718056007887,75.22039
166_2_6247_20240531211400,final_test,166,2,2024-05-31 21:14:00,155,flight,74.0,75.64003758592017,75.27500099590452,75.20008
166_2_6248_20240531220000,final_test,166,2,2024-05-31 22:00:00,155,charge,72.0,75.61547407720313,75.27500099590452,75.19653
166_2_6238_20240601154600,final_test,166,2,2024-06-01 15:46:00,156,flight,72.0,75.56288153206987,75.27084471111684,75.141075
166_2_6239_20240601164000,final_test,166,2,2024-06-01 16:40:00,156,charge,72.0,75.52474836790566,75.27084471111684,75.11166
166_2_6260_20240603064500,final_test,166,2,2024-06-03 06:45:00,156,charge,71.0,75.49737918252052,75.27084471111684,75.10719
166_2_6265_20240603095500,final_test,166,2,2024-06-03 09:55:00,156,charge,75.0,75.49286756317736,75.27084471111684,75.128006
166_2_6258_20240603170500,final_test,166,2,2024-06-03 17:05:00,156,charge,73.0,75.44291106278965,75.27084471111684,75.11202
166_2_6259_20240603175100,final_test,166,2,2024-06-03 17:51:00,157,flight,73.0,75.38119186390499,75.25124998034826,75.08588
166_2_6261_20240603192900,final_test,166,2,2024-06-03 19:29:00,158,flight,71.0,75.32014528802834,75.20221857445733,75.03005
166_2_6263_20240603212000,final_test,166,2,2024-06-03 21:20:00,159,flight,74.0,75.29718056007887,74.98806825716386,75.0141
166_2_6264_20240603212000,final_test,166,2,2024-06-03 21:20:00,160,flight,74.0,75.27500099590452,74.87601955187397,74.99632
166_2_6266_20240603224200,final_test,166,2,2024-06-03 22:42:00,161,flight,75.0,75.27084471111684,74.75218737875437,74.986244
166_2_6267_20240603231900,final_test,166,2,2024-06-03 23:19:00,161,charge,75.0,75.2632489777995,74.75218737875437,74.98406
166_2_6262_20240604082000,final_test,166,2,2024-06-04 08:20:00,161,charge,74.0,75.25741310153042,74.75218737875437,74.96967
166_2_6269_20240604121500,final_test,166,2,2024-06-04 12:15:00,161,charge,75.0,75.25417136529549,74.75218737875437,74.96562
166_2_6270_20240604131400,final_test,166,2,2024-06-04 13:14:00,162,flight,75.0,75.25124998034826,74.70837999296248,74.947914
166_2_6271_20240604135500,final_test,166,2,2024-06-04 13:55:00,162,charge,75.0,75.24725190176092,74.70837999296248,74.94867
166_2_6275_20240605083500,final_test,166,2,2024-06-05 08:35:00,162,charge,74.0,75.21824935958225,74.70837999296248,74.94128
166_2_6276_20240605090900,final_test,166,2,2024-06-05 09:09:00,163,flight,74.0,75.20221857445733,74.69699777561569,74.93018
166_2_6277_20240605124000,final_test,166,2,2024-06-05 12:40:00,163,charge,73.0,75.18704415141613,74.69699777561569,74.909485
166_2_6279_20240605163000,final_test,166,2,2024-06-05 16:30:00,163,charge,72.0,75.13791249829144,74.69699777561569,74.86169
166_2_6280_20240605170500,final_test,166,2,2024-06-05 17:05:00,163,charge,73.0,75.05546096115842,74.69699777561569,74.79248
166_2_6281_20240605171500,final_test,166,2,2024-06-05 17:15:00,163,charge,73.0,75.00945491463929,74.69699777561569,74.77275
166_2_6282_20240605174700,final_test,166,2,2024-06-05 17:47:00,164,flight,73.0,74.98806825716386,74.66930232001216,74.7479
166_2_6283_20240605182500,final_test,166,2,2024-06-05 18:25:00,164,charge,72.0,74.96113092295793,74.66930232001216,74.7207
166_2_6343_20240606143000,final_test,166,2,2024-06-06 14:30:00,164,charge,72.0,74.9199851611737,74.66930232001216,74.67909
166_2_6344_20240606152800,final_test,166,2,2024-06-06 15:28:00,165,flight,72.0,74.87601955187397,74.7439300023385,74.61107
166_2_6345_20240606163000,final_test,166,2,2024-06-06 16:30:00,165,charge,72.0,74.83346370561767,74.7439300023385,74.569
166_2_6347_20240607083500,final_test,166,2,2024-06-07 08:35:00,165,charge,72.0,74.78066362584255,74.7439300023385,74.516846
166_2_6348_20240607100500,final_test,166,2,2024-06-07 10:05:00,165,charge,73.0,74.77036721252067,74.7439300023385,74.49212
166_2_6349_20240607105900,final_test,166,2,2024-06-07 10:59:00,166,flight,73.0,74.75218737875437,74.56140323969362,74.44139
166_2_6350_20240608083000,final_test,166,2,2024-06-08 08:30:00,166,other,73.0,74.72702806321149,74.56140323969362,74.39911
166_2_6351_20240608090700,final_test,166,2,2024-06-08 09:07:00,167,flight,73.0,74.70837999296248,74.21606464593287,74.357605
166_2_6352_20240608101000,final_test,166,2,2024-06-08 10:10:00,167,charge,74.0,74.70450848288127,74.21606464593287,74.332344
166_2_6353_20240608105400,final_test,166,2,2024-06-08 10:54:00,168,flight,74.0,74.69699777561569,74.10894989494197,74.290955
166_2_6354_20240608120000,final_test,166,2,2024-06-08 12:00:00,168,charge,74.0,74.68879033929828,74.10894989494197,74.27678
166_2_6358_20240610140500,final_test,166,2,2024-06-10 14:05:00,168,charge,74.0,74.67709125465561,74.10894989494197,74.25763
166_2_6359_20240610152700,final_test,166,2,2024-06-10 15:27:00,169,flight,74.0,74.66930232001216,74.01316420998029,74.23715
166_2_6361_20240610153500,final_test,166,2,2024-06-10 15:35:00,169,charge,74.0,74.66332144704711,74.01316420998029,74.2192
166_2_6363_20240610190000,final_test,166,2,2024-06-10 19:00:00,169,charge,95.0,74.78984365922186,74.01316420998029,74.3334
166_2_6364_20240610204500,final_test,166,2,2024-06-10 20:45:00,170,flight,71.0,74.7439300023385,74.04222654881683,74.27662
166_2_6365_20240610210200,final_test,166,2,2024-06-10 21:02:00,170,charge,71.0,74.6450544248502,74.04222654881683,74.179474
166_2_6368_20240611083500,final_test,166,2,2024-06-11 08:35:00,170,charge,71.0,74.60150926897221,74.04222654881683,74.142044
166_2_6369_20240611092000,final_test,166,2,2024-06-11 09:20:00,171,flight,71.0,74.56140323969362,74.0914429202357,74.104454
166_2_6370_20240611100000,final_test,166,2,2024-06-11 10:00:00,171,charge,71.0,74.5301707192279,74.0914429202357,74.064476
166_2_6383_20240611110000,final_test,166,2,2024-06-11 11:00:00,172,flight,71.0,74.21606464593287,73.68662157967414,73.75178
166_2_6384_20240611110300,final_test,166,2,2024-06-11 11:03:00,172,charge,71.0,74.15398666056446,73.68662157967414,73.70371
166_2_6385_20240611123000,final_test,166,2,2024-06-11 12:30:00,173,flight,71.0,74.10894989494197,71.63332898585678,73.663795
166_2_6386_20240611123100,final_test,166,2,2024-06-11 12:31:00,173,charge,71.0,74.01332049415586,71.63332898585678,73.59015
166_2_6377_20240611155600,final_test,166,2,2024-06-11 15:56:00,174,flight,74.0,74.01316420998029,69.287607096469,73.601265
166_2_6378_20240611164000,final_test,166,2,2024-06-11 16:40:00,174,charge,76.0,74.02261301348774,69.287607096469,73.60388
166_2_6373_20240611182800,final_test,166,2,2024-06-11 18:28:00,175,flight,76.0,74.04222654881683,68.55715038545684,73.60504
166_2_6374_20240611190500,final_test,166,2,2024-06-11 19:05:00,175,charge,77.0,74.06199432738718,68.55715038545684,73.60878
166_2_6375_20240611200300,final_test,166,2,2024-06-11 20:03:00,176,flight,77.0,74.0914429202357,67.99212626400609,73.62198
166_2_6376_20240611204500,final_test,166,2,2024-06-11 20:45:00,176,charge,77.0,74.11913513186673,67.99212626400609,73.65137
166_2_7636_20240930160000,final_test,166,2,2024-09-30 16:00:00,176,charge,77.0,74.24416288898382,67.99212626400609,73.81831
166_2_7637_20241008194300,final_test,166,2,2024-10-08 19:43:00,176,other,77.0,74.40640655518654,67.99212626400609,73.99847
166_2_10535_20250507194300,final_test,166,2,2025-05-07 19:43:00,177,flight,62.0,73.68662157967414,66.38404062347637,73.33325
166_2_10534_20250507212900,final_test,166,2,2025-05-07 21:29:00,177,charge,62.0,73.4702315755201,66.38404062347637,73.11769
166_2_10703_20250520124000,final_test,166,2,2025-05-20 12:40:00,177,charge,62.0,72.74600906927994,66.38404062347637,72.392296
166_2_10753_20250526104500,final_test,166,2,2025-05-26 10:45:00,177,charge,62.0,72.1184339086619,66.38404062347637,71.7656
166_2_10754_20250526115400,final_test,166,2,2025-05-26 11:54:00,178,flight,62.0,71.63332898585678,66.14047242169534,71.27393
166_2_10755_20250526124000,final_test,166,2,2025-05-26 12:40:00,178,charge,62.0,71.32050011668326,66.14047242169534,70.957726
166_2_10772_20250528100500,final_test,166,2,2025-05-28 10:05:00,178,charge,60.0,70.33746057448347,66.14047242169534,69.9767
166_2_10773_20250528102100,final_test,166,2,2025-05-28 10:21:00,179,flight,60.0,69.287607096469,65.42830920293868,68.90887
166_2_10939_20250528110000,final_test,166,2,2025-05-28 11:00:00,179,charge,61.0,69.08166807515789,65.42830920293868,68.681015
166_2_10774_20250528110500,final_test,166,2,2025-05-28 11:05:00,179,charge,61.0,68.88570455967782,65.42830920293868,68.46055
166_2_10935_20250528120400,final_test,166,2,2025-05-28 12:04:00,180,flight,61.0,68.55715038545684,65.10191615479147,68.11446
166_2_10936_20250528124500,final_test,166,2,2025-05-28 12:45:00,180,charge,61.0,68.26670399896813,65.10191615479147,67.81954
166_2_10937_20250528133000,final_test,166,2,2025-05-28 13:30:00,181,flight,61.0,67.99212626400609,63.98434217276738,67.53388
166_2_10938_20250528143500,final_test,166,2,2025-05-28 14:35:00,181,charge,61.0,67.784945757154,63.98434217276738,67.32471
166_2_10787_20250602210000,final_test,166,2,2025-06-02 21:00:00,181,charge,60.0,67.4187167574305,63.98434217276738,66.9774
166_2_10788_20250602211600,final_test,166,2,2025-06-02 21:16:00,181,other,60.0,66.6477291186652,63.98434217276738,66.22723
166_2_10864_20250603154700,final_test,166,2,2025-06-03 15:47:00,182,flight,60.0,66.38404062347637,62.77624140903922,65.96197
166_2_10940_20250603154700,final_test,166,2,2025-06-03 15:47:00,183,flight,60.0,66.14047242169534,60.5588813036762,65.70272
166_2_10863_20250603163000,final_test,166,2,2025-06-03 16:30:00,183,charge,60.0,66.00976414563051,60.5588813036762,65.58148
166_2_10943_20250606162000,final_test,166,2,2025-06-06 16:20:00,183,charge,58.0,65.68402229465163,60.5588813036762,65.27252
166_2_10945_20250606171100,final_test,166,2,2025-06-06 17:11:00,184,flight,58.0,65.42830920293868,58.37277168940664,65.02257
192_1_10857_20250603113000,holdout,192,1,2025-06-03 11:30:00,0,charge,100.0,99.986967677044,99.17451142718058,
192_1_10858_20250603113900,holdout,192,1,2025-06-03 11:39:00,1,flight,100.0,99.9925955549369,99.149414189834,
192_1_10859_20250603123000,holdout,192,1,2025-06-03 12:30:00,1,charge,99.0,99.84239153238848,99.149414189834,
192_1_10860_20250603134100,holdout,192,1,2025-06-03 13:41:00,2,flight,99.0,99.55766245180932,99.12583947063504,
192_1_10861_20250603143000,holdout,192,1,2025-06-03 14:30:00,3,flight,99.0,99.42704233068751,98.9677261221592,
192_1_10862_20250603143000,holdout,192,1,2025-06-03 14:30:00,3,charge,99.0,99.28867801097375,98.9677261221592,
192_1_10941_20250606185700,holdout,192,1,2025-06-06 18:57:00,4,flight,99.0,99.24960707555137,98.70382782496009,
192_1_10942_20250606195000,holdout,192,1,2025-06-06 19:50:00,4,charge,99.0,99.22592902355056,98.70382782496009,
192_1_10953_20250608171500,holdout,192,1,2025-06-08 17:15:00,4,charge,99.0,99.19471651506242,98.70382782496009,
192_1_10952_20250608184000,holdout,192,1,2025-06-08 18:40:00,5,flight,99.0,99.17451142718058,98.56587605726354,
192_1_10959_20250608193000,holdout,192,1,2025-06-08 19:30:00,5,charge,99.0,99.16379440125056,98.56587605726354,
192_1_10958_20250608202500,holdout,192,1,2025-06-08 20:25:00,6,flight,99.0,99.149414189834,98.35915536590582,
192_1_10963_20250610115500,holdout,192,1,2025-06-10 11:55:00,6,charge,99.0,99.13504516591571,98.35915536590582,
192_1_10964_20250610123600,holdout,192,1,2025-06-10 12:36:00,7,flight,99.0,99.12583947063504,98.20377576473956,
192_1_10965_20250610133500,holdout,192,1,2025-06-10 13:35:00,7,charge,99.0,99.12215438450846,98.20377576473956,
192_1_11018_20250612161500,holdout,192,1,2025-06-12 16:15:00,7,charge,98.0,99.03301894465642,98.20377576473956,
192_1_11019_20250612171200,holdout,192,1,2025-06-12 17:12:00,8,flight,98.0,98.9677261221592,97.96701428035658,
192_1_11020_20250612182000,holdout,192,1,2025-06-12 18:20:00,8,charge,98.0,98.92402210547208,97.96701428035658,
192_1_10996_20250613122000,holdout,192,1,2025-06-13 12:20:00,8,charge,97.0,98.7936001360683,97.96701428035658,
192_1_10997_20250613131400,holdout,192,1,2025-06-13 13:14:00,9,flight,97.0,98.70382782496009,97.8791586626754,98.3312
192_1_10998_20250613140500,holdout,192,1,2025-06-13 14:05:00,9,charge,97.0,98.6510548811424,97.8791586626754,98.25388
192_1_10999_20250613153500,holdout,192,1,2025-06-13 15:35:00,10,flight,97.0,98.56587605726354,97.80151745464306,98.15439
192_1_11000_20250613163000,holdout,192,1,2025-06-13 16:30:00,10,charge,97.0,98.51735086455754,97.80151745464306,98.11305
192_1_11001_20250613200000,holdout,192,1,2025-06-13 20:00:00,10,charge,97.0,98.42222684264236,97.80151745464306,98.041885
192_1_11002_20250613214900,holdout,192,1,2025-06-13 21:49:00,11,flight,97.0,98.35915536590582,97.73867396382128,97.9843
192_1_11003_20250613224000,holdout,192,1,2025-06-13 22:40:00,11,charge,97.0,98.31766985449887,97.73867396382128,97.94889
192_1_11017_20250614073000,holdout,192,1,2025-06-14 07:30:00,11,charge,97.0,98.2540318019243,97.73867396382128,97.913475
192_1_11016_20250614203000,holdout,192,1,2025-06-14 20:30:00,12,flight,97.0,98.20377576473956,97.50491192575136,97.859085
192_1_11126_20250701150900,holdout,192,1,2025-07-01 15:09:00,12,charge,97.0,98.13433818777406,97.50491192575136,97.767166
192_1_11127_20250701151000,holdout,192,1,2025-07-01 15:10:00,13,flight,97.0,97.96701428035658,97.40623675677348,97.58825
192_1_11128_20250701160000,holdout,192,1,2025-07-01 16:00:00,13,charge,97.0,97.93224222314338,97.40623675677348,97.5453
192_1_11129_20250701175900,holdout,192,1,2025-07-01 17:59:00,14,flight,97.0,97.8791586626754,97.27775554178334,97.48501
192_1_11130_20250701190000,holdout,192,1,2025-07-01 19:00:00,14,charge,97.0,97.84501047002183,97.27775554178334,97.45859
192_1_11133_20250702160100,holdout,192,1,2025-07-02 16:01:00,15,flight,97.0,97.80151745464306,97.11153288847096,97.4274
192_1_11134_20250702170500,holdout,192,1,2025-07-02 17:05:00,15,charge,97.0,97.77501249993368,97.11153288847096,97.41316
192_2_10857_20250603113000,holdout,192,2,2025-06-03 11:30:00,0,charge,100.0,99.98633188322724,99.1770773823094,
192_2_10858_20250603113900,holdout,192,2,2025-06-03 11:39:00,1,flight,100.0,99.99259926438812,99.15125952106744,
192_2_10859_20250603123000,holdout,192,2,2025-06-03 12:30:00,1,charge,99.0,99.8432261452696,99.15125952106744,
192_2_10860_20250603134100,holdout,192,2,2025-06-03 13:41:00,2,flight,99.0,99.55712706590806,99.12735607364829,
192_2_10861_20250603143000,holdout,192,2,2025-06-03 14:30:00,3,flight,99.0,99.4259340198776,98.9669597426627,
192_2_10862_20250603143000,holdout,192,2,2025-06-03 14:30:00,3,charge,99.0,99.28645115801406,98.9669597426627,
192_2_10941_20250606185700,holdout,192,2,2025-06-06 18:57:00,4,flight,99.0,99.25164679311546,98.81897131633104,
192_2_10942_20250606195000,holdout,192,2,2025-06-06 19:50:00,4,charge,99.0,99.2300557568606,98.81897131633104,
192_2_10953_20250608171500,holdout,192,2,2025-06-08 17:15:00,4,charge,99.0,99.19745861033157,98.81897131633104,
192_2_10952_20250608184000,holdout,192,2,2025-06-08 18:40:00,5,flight,99.0,99.1770773823094,98.69216757485232,
192_2_10959_20250608193000,holdout,192,2,2025-06-08 19:30:00,5,charge,99.0,99.16609664026082,98.69216757485232,
192_2_10958_20250608202500,holdout,192,2,2025-06-08 20:25:00,6,flight,99.0,99.15125952106744,98.47011969528286,
192_2_10963_20250610115500,holdout,192,2,2025-06-10 11:55:00,6,charge,99.0,99.13664872241208,98.47011969528286,
192_2_10964_20250610123600,holdout,192,2,2025-06-10 12:36:00,7,flight,99.0,99.12735607364829,98.29988496219846,
192_2_10965_20250610133500,holdout,192,2,2025-06-10 13:35:00,7,charge,99.0,99.12097236212963,98.29988496219846,
192_2_11018_20250612161500,holdout,192,2,2025-06-12 16:15:00,7,charge,98.0,99.03219882105584,98.29988496219846,
192_2_11019_20250612171200,holdout,192,2,2025-06-12 17:12:00,8,flight,98.0,98.9669597426627,98.04535087916446,
192_2_11020_20250612182000,holdout,192,2,2025-06-12 18:20:00,8,charge,98.0,98.92304111511648,98.04535087916446,
192_2_10996_20250613122000,holdout,192,2,2025-06-13 12:20:00,8,charge,98.0,98.86109896527944,98.04535087916446,
192_2_10997_20250613131400,holdout,192,2,2025-06-13 13:14:00,9,flight,98.0,98.81897131633104,97.94980968571645,98.42654
192_2_10998_20250613140500,holdout,192,2,2025-06-13 14:05:00,9,charge,97.0,98.78433046027132,97.94980968571645,98.3727
192_2_10999_20250613153500,holdout,192,2,2025-06-13 15:35:00,10,flight,97.0,98.69216757485232,97.86564752714084,98.26981
192_2_11000_20250613163000,holdout,192,2,2025-06-13 16:30:00,10,charge,97.0,98.64383958681466,97.86564752714084,98.19742
192_2_11001_20250613200000,holdout,192,2,2025-06-13 20:00:00,10,charge,97.0,98.53847275143076,97.86564752714084,98.11518
192_2_11002_20250613214900,holdout,192,2,2025-06-13 21:49:00,11,flight,97.0,98.47011969528286,97.79702269671816,98.05488
192_2_11003_20250613224000,holdout,192,2,2025-06-13 22:40:00,11,charge,97.0,98.42464240119554,97.79702269671816,98.01814
192_2_11017_20250614073000,holdout,192,2,2025-06-14 07:30:00,11,charge,97.0,98.35415585794662,97.79702269671816,97.98301
192_2_11016_20250614203000,holdout,192,2,2025-06-14 20:30:00,12,flight,97.0,98.29988496219846,97.6492176708806,97.92928
192_2_11126_20250701150900,holdout,192,2,2025-07-01 15:09:00,12,charge,97.0,98.22576628395612,97.6492176708806,97.83562
192_2_11127_20250701151000,holdout,192,2,2025-07-01 15:10:00,13,flight,97.0,98.04535087916446,97.60639158520428,97.64663
192_2_11128_20250701160000,holdout,192,2,2025-07-01 16:00:00,13,charge,97.0,98.00783077073284,97.60639158520428,97.60386
192_2_11129_20250701175900,holdout,192,2,2025-07-01 17:59:00,14,flight,97.0,97.94980968571645,97.48202878674115,97.54127
192_2_11130_20250701190000,holdout,192,2,2025-07-01 19:00:00,14,charge,97.0,97.9123785084404,97.48202878674115,97.51376
192_2_11133_20250702160100,holdout,192,2,2025-07-02 16:01:00,15,flight,97.0,97.86564752714084,97.29581251499069,97.48144
192_2_11134_20250702170500,holdout,192,2,2025-07-02 17:05:00,15,charge,97.0,97.836969659438,97.29581251499069,97.46684
