event_id,split,plane_id,battery_id,event_datetime,cumulative_flight_count,event_type,observed_soh_pct,latent_soh_filter_pct,next_latent_soh_causal_flight_10_pct,gru_sequence_with_latent_tune0
166_1_4575_20230516110000,train_dev,166,1,2023-05-16 11:00:00,0,charge,100.0,99.72445717682604,96.54048831646227,
166_1_4576_20230516124400,train_dev,166,1,2023-05-16 12:44:00,0,other,100.0,99.86625900300112,96.54048831646227,
166_1_4577_20230516130000,train_dev,166,1,2023-05-16 13:00:00,0,charge,97.0,99.53862986196351,96.54048831646227,
166_1_4578_20230516143500,train_dev,166,1,2023-05-16 14:35:00,0,other,97.0,98.58054921229758,96.54048831646227,
166_1_4579_20230516150000,train_dev,166,1,2023-05-16 15:00:00,0,charge,96.0,98.25761950437904,96.54048831646227,
166_1_4580_20230516191100,train_dev,166,1,2023-05-16 19:11:00,0,other,96.0,97.68766352050592,96.54048831646227,
166_1_4581_20230516200000,train_dev,166,1,2023-05-16 20:00:00,0,charge,97.0,97.63324218312256,96.54048831646227,
166_1_4582_20230516211900,train_dev,166,1,2023-05-16 21:19:00,0,other,97.0,97.50541976780156,96.54048831646227,
166_1_4583_20230516220000,train_dev,166,1,2023-05-16 22:00:00,0,charge,97.0,97.44951819580956,96.54048831646227,
166_1_4584_20230517113000,train_dev,166,1,2023-05-17 11:30:00,0,charge,96.0,97.33079191050622,96.54048831646227,
166_1_4585_20230517132000,train_dev,166,1,2023-05-17 13:20:00,0,other,96.0,97.19233302980368,96.54048831646227,
166_1_4586_20230517140000,train_dev,166,1,2023-05-17 14:00:00,0,charge,96.0,97.13827262596558,96.54048831646227,
166_1_4587_20230517150700,train_dev,166,1,2023-05-17 15:07:00,0,other,95.0,96.94695858774274,96.54048831646227,
166_1_4589_20230517160000,train_dev,166,1,2023-05-17 16:00:00,0,charge,95.0,96.86279076481304,96.54048831646227,
166_1_4590_20230517164700,train_dev,166,1,2023-05-17 16:47:00,0,other,96.0,96.77275800702697,96.54048831646227,
166_1_4591_20230517180000,train_dev,166,1,2023-05-17 18:00:00,0,charge,96.0,96.75242362391664,96.54048831646227,
166_1_4592_20230517181800,train_dev,166,1,2023-05-17 18:18:00,0,other,98.0,96.8565530801164,96.54048831646227,
166_1_4593_20230517200000,train_dev,166,1,2023-05-17 20:00:00,0,charge,98.0,96.88771558481314,96.54048831646227,
166_1_4594_20230517200100,train_dev,166,1,2023-05-17 20:01:00,0,other,97.0,96.89484107242708,96.54048831646227,
166_1_4595_20230517220000,train_dev,166,1,2023-05-17 22:00:00,0,charge,97.0,96.90963734478755,96.54048831646227,79.74751
166_1_4574_20230519120400,train_dev,166,1,2023-05-19 12:04:00,0,charge,97.0,96.91287945704616,96.54048831646227,81.51477
166_1_4588_20230519160000,train_dev,166,1,2023-05-19 16:00:00,0,charge,95.0,96.86223062302253,96.54048831646227,77.6897
166_1_4615_20230531141000,train_dev,166,1,2023-05-31 14:10:00,0,other,97.0,96.91307489555712,96.54048831646227,82.26746
166_1_4614_20230531150000,train_dev,166,1,2023-05-31 15:00:00,0,charge,97.0,96.9210737023083,96.54048831646227,79.64811
166_1_4611_20230531173300,train_dev,166,1,2023-05-31 17:33:00,0,other,96.0,96.87824259409692,96.54048831646227,81.03955
166_1_4612_20230531182100,train_dev,166,1,2023-05-31 18:21:00,0,other,96.0,96.8079338890814,96.54048831646227,79.94486
166_1_4613_20230531190000,train_dev,166,1,2023-05-31 19:00:00,0,charge,96.0,96.7819346541186,96.54048831646227,82.204285
166_1_4620_20230603101100,train_dev,166,1,2023-06-03 10:11:00,1,flight,97.0,96.79056452285823,96.61005022979002,84.01872
166_1_4621_20230603110000,train_dev,166,1,2023-06-03 11:00:00,1,charge,97.0,96.79523420005737,96.61005022979002,80.97539
166_1_4622_20230604102500,train_dev,166,1,2023-06-04 10:25:00,2,flight,97.0,96.80155931103552,96.69666347812976,81.90676
166_1_4633_20230609143700,train_dev,166,1,2023-06-09 14:37:00,3,flight,97.0,96.80796142539351,96.71635158466876,76.5899
166_1_4634_20230609154500,train_dev,166,1,2023-06-09 15:45:00,3,charge,97.0,96.81208327391954,96.71635158466876,79.84972
166_1_4635_20230609165000,train_dev,166,1,2023-06-09 16:50:00,3,charge,97.0,96.81912465955324,96.71635158466876,77.63086
166_1_4636_20230611101200,train_dev,166,1,2023-06-11 10:12:00,4,flight,97.0,96.82680287656414,96.73829173870227,79.51756
166_1_4639_20230611105000,train_dev,166,1,2023-06-11 10:50:00,4,charge,97.0,96.83271385251643,96.73829173870227,77.79042
166_1_4640_20230611111500,train_dev,166,1,2023-06-11 11:15:00,4,charge,97.0,96.8411914522441,96.73829173870227,78.27576
166_1_4669_20230621103800,train_dev,166,1,2023-06-21 10:38:00,5,flight,97.0,96.8485303005568,96.75133520338682,77.70167
166_1_4670_20230621105500,train_dev,166,1,2023-06-21 10:55:00,5,charge,97.0,96.85271631648926,96.75133520338682,77.61754
166_1_4714_20230705094900,train_dev,166,1,2023-07-05 09:49:00,5,charge,97.0,96.85446263431432,96.75133520338682,77.37986
166_1_4760_20230705104500,train_dev,166,1,2023-07-05 10:45:00,5,charge,96.0,96.8262866957548,96.75133520338682,79.11691
166_1_4759_20230711095600,train_dev,166,1,2023-07-11 09:56:00,5,charge,96.0,96.80879198061407,96.75133520338682,80.645706
166_1_4761_20230711104500,train_dev,166,1,2023-07-11 10:45:00,5,charge,96.0,96.7655754162053,96.75133520338682,76.04269
166_1_4764_20230719210800,train_dev,166,1,2023-07-19 21:08:00,5,other,96.0,96.66988120194716,96.75133520338682,77.05615
166_1_4765_20230719223000,train_dev,166,1,2023-07-19 22:30:00,5,charge,96.0,96.6110007776131,96.75133520338682,81.43554
166_1_4766_20230720095400,train_dev,166,1,2023-07-20 09:54:00,6,flight,96.0,96.60040196256284,96.7695508297,78.19576
166_1_4767_20230720104500,train_dev,166,1,2023-07-20 10:45:00,6,charge,96.0,96.5720157808153,96.7695508297,83.51764
166_1_4770_20230722060000,train_dev,166,1,2023-07-22 06:00:00,6,charge,96.0,96.54518202604312,96.7695508297,82.33556
166_1_4780_20230722100000,train_dev,166,1,2023-07-22 10:00:00,7,flight,96.0,96.53627816098472,96.78779773680397,76.443794
166_1_4783_20230730100100,train_dev,166,1,2023-07-30 10:01:00,8,flight,96.0,96.52640054823384,96.72319669101768,80.44054
166_1_4784_20230730110000,train_dev,166,1,2023-07-30 11:00:00,8,charge,96.0,96.49944463783925,96.72319669101768,81.83238
166_1_4785_20230801101000,train_dev,166,1,2023-08-01 10:10:00,9,flight,97.0,96.50806171414196,96.30042156293082,81.805824
166_1_4786_20230801112200,train_dev,166,1,2023-08-01 11:22:00,9,charge,97.0,96.53258280422598,96.30042156293082,74.79143
166_1_4790_20230802105500,train_dev,166,1,2023-08-02 10:55:00,10,flight,97.0,96.54048831646227,96.06757324082172,76.87934
166_1_4791_20230803024500,train_dev,166,1,2023-08-03 02:45:00,10,charge,98.0,96.58667911674864,96.06757324082172,77.16859
166_1_4792_20230803102600,train_dev,166,1,2023-08-03 10:26:00,11,flight,98.0,96.61005022979002,95.89671962749378,83.50692
166_1_4793_20230803105000,train_dev,166,1,2023-08-03 10:50:00,11,charge,98.0,96.67458564437376,95.89671962749378,77.567444
166_1_4795_20230804101000,train_dev,166,1,2023-08-04 10:10:00,12,flight,98.0,96.69666347812976,95.76406294212146,79.97774
166_1_4796_20230804111000,train_dev,166,1,2023-08-04 11:10:00,12,charge,97.0,96.70293291551852,95.76406294212146,83.7414
166_1_4802_20230806101000,train_dev,166,1,2023-08-06 10:10:00,13,flight,97.0,96.71635158466876,95.72430208371004,81.68188
166_1_4803_20230806111000,train_dev,166,1,2023-08-06 11:10:00,13,charge,97.0,96.7238041886814,95.72430208371004,83.946304
166_1_4842_20230822102500,train_dev,166,1,2023-08-22 10:25:00,14,flight,97.0,96.73829173870227,95.68023531839836,80.79356
166_1_4845_20230822102500,train_dev,166,1,2023-08-22 10:25:00,15,flight,97.0,96.75133520338682,95.65725147726268,82.435486
166_1_4843_20230822113000,train_dev,166,1,2023-08-22 11:30:00,15,charge,97.0,96.75965900737192,95.65725147726268,82.27419
166_1_4850_20230827103200,train_dev,166,1,2023-08-27 10:32:00,16,flight,97.0,96.7695508297,95.47035569647184,76.91863
166_1_4851_20230827113000,train_dev,166,1,2023-08-27 11:30:00,16,charge,97.0,96.77671778098647,95.47035569647184,77.365746
166_1_4853_20230828104500,train_dev,166,1,2023-08-28 10:45:00,17,flight,97.0,96.78779773680397,95.32317373691752,84.16755
166_1_4854_20230828204500,train_dev,166,1,2023-08-28 20:45:00,17,charge,97.0,96.79150520462822,95.32317373691752,78.21945
166_1_4857_20230831103200,train_dev,166,1,2023-08-31 10:32:00,18,flight,95.0,96.72319669101768,95.05577487517408,77.268486
166_1_4858_20230831113000,train_dev,166,1,2023-08-31 11:30:00,18,charge,93.0,96.66708793161116,95.05577487517408,80.44
166_1_4860_20230904110000,train_dev,166,1,2023-09-04 11:00:00,19,flight,91.0,96.30042156293082,94.78323504052686,80.06588
166_1_4861_20230904114500,train_dev,166,1,2023-09-04 11:45:00,19,charge,93.0,96.23802970014869,94.78323504052686,80.955826
166_1_4862_20230906104500,train_dev,166,1,2023-09-06 10:45:00,20,flight,93.0,96.06757324082172,94.47905387971196,76.20528
166_1_4863_20230906112000,train_dev,166,1,2023-09-06 11:20:00,20,charge,94.0,96.01722592478946,94.47905387971196,83.19988
166_1_4868_20230911105900,train_dev,166,1,2023-09-11 10:59:00,21,flight,94.0,95.89671962749378,94.18255434462564,83.88766
166_1_4869_20230911174400,train_dev,166,1,2023-09-11 17:44:00,21,charge,94.0,95.83856805103558,94.18255434462564,81.28209
166_1_4871_20230913105300,train_dev,166,1,2023-09-13 10:53:00,22,flight,94.0,95.76406294212146,93.927314520149,76.54008
166_1_4872_20230913114500,train_dev,166,1,2023-09-13 11:45:00,22,charge,95.0,95.74928119306615,93.927314520149,77.83719
166_1_4901_20230914105900,train_dev,166,1,2023-09-14 10:59:00,23,flight,95.0,95.72430208371004,93.73146460886927,83.21013
166_1_4902_20230914114500,train_dev,166,1,2023-09-14 11:45:00,23,charge,95.0,95.70488482384346,93.73146460886927,76.77799
166_1_4903_20230915121700,train_dev,166,1,2023-09-15 12:17:00,24,flight,95.0,95.68023531839836,93.53575323647772,80.10055
166_1_4904_20230915121700,train_dev,166,1,2023-09-15 12:17:00,25,flight,95.0,95.65725147726268,93.32308554373336,77.024864
166_1_4908_20230918145500,train_dev,166,1,2023-09-18 14:55:00,26,flight,91.0,95.47035569647184,93.16602955373644,77.61269
166_1_4906_20230919112600,train_dev,166,1,2023-09-19 11:26:00,27,flight,91.0,95.32317373691752,93.06033523684955,83.88485
166_1_4907_20230919114500,train_dev,166,1,2023-09-19 11:45:00,27,charge,91.0,95.21700489808303,93.06033523684955,82.78261
166_1_4909_20230921105000,train_dev,166,1,2023-09-21 10:50:00,28,flight,91.0,95.05577487517408,92.96869289177086,77.30179
166_1_4914_20230921120000,train_dev,166,1,2023-09-21 12:00:00,28,charge,90.0,94.96751341548628,92.96869289177086,83.199776
166_1_4915_20230922104700,train_dev,166,1,2023-09-22 10:47:00,29,flight,90.0,94.78323504052686,92.7878426382729,77.48343
166_1_4916_20230922113500,train_dev,166,1,2023-09-22 11:35:00,29,charge,90.0,94.67034361047058,92.7878426382729,83.99176
166_1_4910_20230924110400,train_dev,166,1,2023-09-24 11:04:00,30,flight,90.0,94.47905387971196,92.48767065313,82.034584
166_1_4911_20230924112000,train_dev,166,1,2023-09-24 11:20:00,30,charge,90.0,94.35484033355172,92.48767065313,84.029366
166_1_4917_20230925110000,train_dev,166,1,2023-09-25 11:00:00,31,flight,90.0,94.18255434462564,92.1617788497711,81.27111
166_1_4918_20230925114500,train_dev,166,1,2023-09-25 11:45:00,31,charge,89.0,94.09839437240208,92.1617788497711,81.40419
166_1_4919_20230925130700,train_dev,166,1,2023-09-25 13:07:00,32,flight,89.0,93.927314520149,91.9722485962546,83.99981
166_1_4920_20230925134500,train_dev,166,1,2023-09-25 13:45:00,32,charge,90.0,93.87013216559828,91.9722485962546,77.93822
166_1_4921_20230927113200,train_dev,166,1,2023-09-27 11:32:00,33,flight,90.0,93.73146460886927,91.7081699280807,83.995926
166_1_4922_20230927114500,train_dev,166,1,2023-09-27 11:45:00,33,charge,89.0,93.66680235595032,91.7081699280807,76.17625
166_1_4923_20230927123400,train_dev,166,1,2023-09-27 12:34:00,34,flight,89.0,93.53575323647772,91.006851756949,77.26748
166_1_4924_20230927131000,train_dev,166,1,2023-09-27 13:10:00,34,charge,89.0,93.4295901727476,91.006851756949,83.65482
166_1_4925_20230928110400,train_dev,166,1,2023-09-28 11:04:00,35,flight,89.0,93.32308554373336,90.83366651628462,77.30426
166_1_4926_20230928114500,train_dev,166,1,2023-09-28 11:45:00,35,charge,90.0,93.27928537399964,90.83366651628462,77.15377
166_1_4927_20230928125300,train_dev,166,1,2023-09-28 12:53:00,36,flight,90.0,93.16602955373644,90.6044606482841,76.85403
166_1_6362_20230928125300,train_dev,166,1,2023-09-28 12:53:00,37,flight,90.0,93.06033523684955,90.33643916756937,75.77831
166_1_4928_20230928134500,train_dev,166,1,2023-09-28 13:45:00,37,charge,92.0,93.05141774906664,90.33643916756937,77.48979
166_1_4929_20230929111500,train_dev,166,1,2023-09-29 11:15:00,38,flight,90.0,92.96869289177086,89.71326178244173,81.5329
166_1_4930_20230929120000,train_dev,166,1,2023-09-29 12:00:00,38,charge,88.0,92.92407349129034,89.71326178244173,84.11608
166_1_4931_20230929132800,train_dev,166,1,2023-09-29 13:28:00,39,flight,88.0,92.7878426382729,89.29562036689435,77.53477
166_1_4932_20230929140000,train_dev,166,1,2023-09-29 14:00:00,39,charge,87.0,92.71734769364856,89.29562036689435,80.12859
166_1_4936_20230930205400,train_dev,166,1,2023-09-30 20:54:00,40,flight,87.0,92.48767065313,89.05706828283624,77.34575
166_1_4937_20230930213000,train_dev,166,1,2023-09-30 21:30:00,40,charge,86.0,92.39241638668165,89.05706828283624,80.61735
166_1_4938_20230930222400,train_dev,166,1,2023-09-30 22:24:00,41,flight,86.0,92.1617788497711,88.8934265229185,81.99606
166_1_4939_20230930233000,train_dev,166,1,2023-09-30 23:30:00,41,charge,88.0,92.1212092484982,88.8934265229185,77.791725
166_1_4940_20231001205000,train_dev,166,1,2023-10-01 20:50:00,42,flight,88.0,91.9722485962546,88.72109582729755,77.69195
166_1_4941_20231001214000,train_dev,166,1,2023-10-01 21:40:00,42,charge,88.0,91.888806994874,88.72109582729755,83.571175
166_1_4942_20231001214000,train_dev,166,1,2023-10-01 21:40:00,42,charge,88.0,91.80879856025878,88.72109582729755,83.11131
166_1_4975_20231010112900,train_dev,166,1,2023-10-10 11:29:00,43,flight,88.0,91.7081699280807,89.04983194887393,83.70344
166_1_4973_20231010151400,train_dev,166,1,2023-10-10 15:14:00,43,other,83.0,91.37587957372624,89.04983194887393,83.61585
166_1_4972_20231010173700,train_dev,166,1,2023-10-10 17:37:00,43,charge,83.0,91.23486143510624,89.04983194887393,83.92859
166_1_4974_20231010175400,train_dev,166,1,2023-10-10 17:54:00,43,charge,88.0,91.20783404792827,89.04983194887393,82.16997
166_1_4976_20231011112700,train_dev,166,1,2023-10-11 11:27:00,44,flight,83.0,91.006851756949,89.1441317695984,76.35201
166_1_4977_20231011123000,train_dev,166,1,2023-10-11 12:30:00,44,charge,86.0,90.96775573509105,89.1441317695984,76.90876
166_1_4981_20231011175000,train_dev,166,1,2023-10-11 17:50:00,45,flight,86.0,90.83366651628462,89.31071156077807,79.37183
166_1_4982_20231011183000,train_dev,166,1,2023-10-11 18:30:00,45,charge,85.0,90.7616694164141,89.31071156077807,81.28175
166_1_4983_20231011194300,train_dev,166,1,2023-10-11 19:43:00,46,flight,85.0,90.6044606482841,89.39887487342884,79.28532
166_1_4984_20231011201000,train_dev,166,1,2023-10-11 20:10:00,46,charge,84.0,90.53132709084836,89.39887487342884,76.9416
166_1_4978_20231011214700,train_dev,166,1,2023-10-11 21:47:00,47,flight,84.0,90.33643916756937,89.47930135478478,81.974594
166_1_4979_20231011224500,train_dev,166,1,2023-10-11 22:45:00,47,charge,84.0,90.23512032901496,89.47930135478478,76.89674
166_1_4985_20231012121600,train_dev,166,1,2023-10-12 12:16:00,47,other,84.0,90.05552524794855,89.47930135478478,75.70344
166_1_4986_20231012143000,train_dev,166,1,2023-10-12 14:30:00,47,charge,84.0,89.86410283965363,89.47930135478478,84.06883
166_1_4987_20231012150600,train_dev,166,1,2023-10-12 15:06:00,48,flight,84.0,89.71326178244173,89.56300100390361,77.2106
166_1_4988_20231012154500,train_dev,166,1,2023-10-12 15:45:00,48,charge,84.0,89.55110256250055,89.56300100390361,83.359726
166_1_4989_20231012160000,train_dev,166,1,2023-10-12 16:00:00,48,charge,84.0,89.44225731160111,89.56300100390361,76.09175
166_1_4990_20231012164300,train_dev,166,1,2023-10-12 16:43:00,49,flight,84.0,89.29562036689435,89.67664223856507,77.19053
166_1_4991_20231012172300,train_dev,166,1,2023-10-12 17:23:00,49,charge,84.0,89.19330768162713,89.67664223856507,84.16298
166_1_4992_20231012183900,train_dev,166,1,2023-10-12 18:39:00,50,flight,84.0,89.05706828283624,89.69685786454649,84.15692
166_1_4993_20231012192400,train_dev,166,1,2023-10-12 19:24:00,50,charge,84.0,88.99300284228822,89.69685786454649,80.68324
166_1_4994_20231014114500,train_dev,166,1,2023-10-14 11:45:00,51,flight,84.0,88.8934265229185,89.59911271167955,80.97322
166_1_4995_20231014183000,train_dev,166,1,2023-10-14 18:30:00,51,charge,84.0,88.82002532316545,89.59911271167955,84.11215
166_1_4999_20231016130000,train_dev,166,1,2023-10-16 13:00:00,52,flight,84.0,88.72109582729755,89.46709856727435,79.71436
166_1_5000_20231016142500,train_dev,166,1,2023-10-16 14:25:00,52,charge,84.0,88.66617576617979,89.46709856727435,80.60685
166_1_5001_20231016152900,train_dev,166,1,2023-10-16 15:29:00,52,other,86.0,88.48300045531046,89.46709856727435,80.896515
166_1_5002_20231016154600,train_dev,166,1,2023-10-16 15:46:00,52,other,86.0,88.41859930789781,89.46709856727435,79.7145
166_1_5003_20231016160000,train_dev,166,1,2023-10-16 16:00:00,52,charge,86.0,88.40255825085032,89.46709856727435,76.24121
166_1_5004_20231016163000,train_dev,166,1,2023-10-16 16:30:00,52,charge,92.0,88.55865363620963,89.46709856727435,76.799866
166_1_5005_20231016173000,train_dev,166,1,2023-10-16 17:30:00,52,other,92.0,88.6605447584547,89.46709856727435,76.97115
166_1_5006_20231016175300,train_dev,166,1,2023-10-16 17:53:00,52,other,92.0,88.71217050340461,89.46709856727435,76.511215
166_1_5007_20231016193000,train_dev,166,1,2023-10-16 19:30:00,52,charge,92.0,88.7354398553812,89.46709856727435,84.02023
166_1_5012_20231017105000,train_dev,166,1,2023-10-17 10:50:00,52,charge,95.0,88.89918962644848,89.46709856727435,83.90358
166_1_5013_20231017113000,train_dev,166,1,2023-10-17 11:30:00,53,flight,95.0,89.04983194887393,89.1763315326906,76.578224
166_1_5023_20231017143000,train_dev,166,1,2023-10-17 14:30:00,54,flight,94.0,89.1441317695984,89.10206329891085,83.8419
166_1_5024_20231017164000,train_dev,166,1,2023-10-17 16:40:00,54,charge,94.0,89.23791504847823,89.10206329891085,83.24049
166_1_5025_20231017164000,train_dev,166,1,2023-10-17 16:40:00,55,flight,95.0,89.31071156077807,89.09891436447536,76.8459
166_1_5019_20231018114700,train_dev,166,1,2023-10-18 11:47:00,56,flight,95.0,89.39887487342884,89.09644587156278,81.21862
166_1_5020_20231018124500,train_dev,166,1,2023-10-18 12:45:00,56,charge,95.0,89.42600483870254,89.09644587156278,76.84056
166_1_5021_20231018140300,train_dev,166,1,2023-10-18 14:03:00,57,flight,92.0,89.47930135478478,89.09280195080538,76.52322
166_1_5022_20231018150000,train_dev,166,1,2023-10-18 15:00:00,57,charge,92.0,89.51067044502182,89.09280195080538,77.8234
166_1_5034_20231018194800,train_dev,166,1,2023-10-18 19:48:00,58,flight,92.0,89.56300100390361,89.087317343758,84.03003
166_1_5035_20231018220000,train_dev,166,1,2023-10-18 22:00:00,58,charge,93.0,89.59271632820081,89.087317343758,84.02213
166_1_5095_20231019130000,train_dev,166,1,2023-10-19 13:00:00,58,charge,93.0,89.62370913300394,89.087317343758,80.43171
166_1_5096_20231019135300,train_dev,166,1,2023-10-19 13:53:00,59,flight,93.0,89.67664223856507,89.06659453440327,81.79584
166_1_5097_20231019150000,train_dev,166,1,2023-10-19 15:00:00,59,charge,93.0,89.70289225957254,89.06659453440327,77.45529
166_1_5191_20231019170000,train_dev,166,1,2023-10-19 17:00:00,59,charge,93.0,89.73133783239415,89.06659453440327,76.25817
166_1_5189_20231023115500,train_dev,166,1,2023-10-23 11:55:00,59,other,93.0,89.79685024266156,89.06659453440327,82.88592
166_1_5190_20231023160000,train_dev,166,1,2023-10-23 16:00:00,60,flight,81.0,89.69685786454649,88.40147869316746,81.00124
166_1_5192_20231023160000,train_dev,166,1,2023-10-23 16:00:00,61,flight,81.0,89.59911271167955,88.27087751755008,77.16342
166_1_5193_20231023162700,train_dev,166,1,2023-10-23 16:27:00,61,charge,81.0,89.47799185831411,88.27087751755008,76.562355
166_1_5036_20231023170000,train_dev,166,1,2023-10-23 17:00:00,61,charge,93.0,89.56991992105856,88.27087751755008,77.57084
166_1_5194_20231023200000,train_dev,166,1,2023-10-23 20:00:00,62,flight,80.0,89.46709856727435,88.06826523756168,83.960655
166_1_5195_20231023204000,train_dev,166,1,2023-10-23 20:40:00,62,charge,80.0,89.30012576648363,88.06826523756168,77.37246
166_1_5030_20231023214500,train_dev,166,1,2023-10-23 21:45:00,62,charge,84.0,89.27226442906938,88.06826523756168,80.394196
166_1_5037_20231024114500,train_dev,166,1,2023-10-24 11:45:00,63,flight,84.0,89.1763315326906,86.99991251477688,77.58165
166_1_5038_20231024125900,train_dev,166,1,2023-10-24 12:59:00,63,charge,86.0,89.15371449141344,86.99991251477688,84.057434
166_1_5039_20231024141200,train_dev,166,1,2023-10-24 14:12:00,64,flight,86.0,89.10206329891085,82.98214683997602,84.10997
166_1_5040_20231024151500,train_dev,166,1,2023-10-24 15:15:00,64,charge,89.0,89.1015125248502,82.98214683997602,81.14827
166_1_5071_20231026202100,train_dev,166,1,2023-10-26 20:21:00,65,flight,89.0,89.09891436447536,82.86980207084204,81.911644
166_1_5072_20231026202100,train_dev,166,1,2023-10-26 20:21:00,66,flight,89.0,89.09644587156278,73.43213334983366,74.825584
166_1_5073_20231026205100,train_dev,166,1,2023-10-26 20:51:00,66,charge,89.0,89.09492882558214,73.43213334983366,79.50044
166_1_5074_20231026214300,train_dev,166,1,2023-10-26 21:43:00,67,flight,89.0,89.09280195080538,73.24240072156196,80.034195
166_1_5075_20231026223000,train_dev,166,1,2023-10-26 22:30:00,67,charge,89.0,89.09091279840902,73.24240072156196,80.81099
166_1_5063_20231027104500,train_dev,166,1,2023-10-27 10:45:00,67,charge,89.0,89.08877221364288,73.24240072156196,75.085144
166_1_5064_20231027120500,train_dev,166,1,2023-10-27 12:05:00,68,flight,89.0,89.087317343758,73.02002898177449,76.719986
166_1_5065_20231027125800,train_dev,166,1,2023-10-27 12:58:00,68,charge,89.0,89.08570025295968,73.02002898177449,77.57319
166_1_5067_20231030132000,train_dev,166,1,2023-10-30 13:20:00,68,other,89.0,89.07743297560485,73.02002898177449,80.04542
166_1_5070_20231030134500,train_dev,166,1,2023-10-30 13:45:00,68,charge,89.0,89.07618211671976,73.02002898177449,81.19274
166_1_5068_20231030143000,train_dev,166,1,2023-10-30 14:30:00,68,other,89.0,89.07410378712339,73.02002898177449,76.30451
166_1_5069_20231030154900,train_dev,166,1,2023-10-30 15:49:00,68,other,89.0,89.0717234835092,73.02002898177449,80.51119
166_1_5109_20231031132200,train_dev,166,1,2023-10-31 13:22:00,69,flight,89.0,89.06659453440327,71.88754250059256,81.31406
166_1_5110_20231031152500,train_dev,166,1,2023-10-31 15:25:00,69,other,89.0,89.0624324850948,71.88754250059256,77.68956
166_1_5111_20231101095100,train_dev,166,1,2023-11-01 09:51:00,69,charge,89.0,89.0605573616118,71.88754250059256,77.371574
166_1_5112_20231101144800,train_dev,166,1,2023-11-01 14:48:00,69,other,89.0,89.05956992827083,71.88754250059256,77.45907
166_1_5113_20231101154800,train_dev,166,1,2023-11-01 15:48:00,69,charge,89.0,89.05837907393465,71.88754250059256,77.263985
166_1_5114_20231101200000,train_dev,166,1,2023-11-01 20:00:00,69,charge,89.0,89.05553806203883,71.88754250059256,75.96872
166_1_5115_20231102200600,train_dev,166,1,2023-11-02 20:06:00,69,charge,78.0,88.6719157879241,71.88754250059256,83.3759
166_1_5118_20231104174500,train_dev,166,1,2023-11-04 17:45:00,69,charge,79.0,88.58215748039368,71.88754250059256,83.86049
166_1_5116_20231104180000,train_dev,166,1,2023-11-04 18:00:00,70,flight,78.0,88.40147869316746,71.85035581743567,77.57691
166_1_5117_20231104205000,train_dev,166,1,2023-11-04 20:50:00,71,flight,79.0,88.27087751755008,71.76050653666987,77.10346
166_1_5119_20231104225000,train_dev,166,1,2023-11-04 22:50:00,71,charge,79.0,88.19181363523782,71.76050653666987,80.283806
166_1_5127_20231106125500,train_dev,166,1,2023-11-06 12:55:00,72,flight,80.0,88.06826523756168,71.6826611603813,77.54679
166_1_5108_20231106160000,train_dev,166,1,2023-11-06 16:00:00,72,charge,82.0,88.0317082836756,71.6826611603813,80.965706
166_1_5188_20231114180000,train_dev,166,1,2023-11-14 18:00:00,72,other,82.0,87.15227859236582,71.6826611603813,83.73834
166_1_5205_20231116190800,train_dev,166,1,2023-11-16 19:08:00,73,flight,82.0,86.99991251477688,71.59870307105514,83.94996
166_1_5204_20231116211600,train_dev,166,1,2023-11-16 21:16:00,73,charge,81.0,86.9373660898613,71.59870307105514,76.29147
166_1_5207_20231120143500,train_dev,166,1,2023-11-20 14:35:00,73,other,77.0,86.7569250836992,71.59870307105514,76.78461
166_1_5206_20231120150500,train_dev,166,1,2023-11-20 15:05:00,73,charge,77.0,86.6870720374947,71.59870307105514,78.19949
166_1_5208_20231120175600,train_dev,166,1,2023-11-20 17:56:00,73,other,72.0,86.36553213814376,71.59870307105514,82.86759
166_1_5209_20231120202500,train_dev,166,1,2023-11-20 20:25:00,73,charge,72.0,86.15077654823514,71.59870307105514,77.2085
166_1_5285_20231130160700,train_dev,166,1,2023-11-30 16:07:00,73,other,72.0,85.72345333217393,71.59870307105514,84.03618
166_1_5286_20231130170000,train_dev,166,1,2023-11-30 17:00:00,73,charge,72.0,85.36673989456787,71.59870307105514,79.90215
166_1_5295_20231207174900,train_dev,166,1,2023-12-07 17:49:00,73,other,72.0,84.95991253519304,71.59870307105514,80.75011
166_1_5296_20231207182500,train_dev,166,1,2023-12-07 18:25:00,73,charge,72.0,84.77378682984256,71.59870307105514,77.51347
166_1_5358_20231207192600,train_dev,166,1,2023-12-07 19:26:00,73,other,74.0,84.19166898937127,71.59870307105514,81.81429
166_1_5298_20231208164400,train_dev,166,1,2023-12-08 16:44:00,73,other,80.0,84.07266877588836,71.59870307105514,82.73973
166_1_5299_20231208174000,train_dev,166,1,2023-12-08 17:40:00,73,charge,79.0,83.99673945956776,71.59870307105514,76.84036
166_1_5300_20231208200000,train_dev,166,1,2023-12-08 20:00:00,73,other,79.0,83.86315917194977,71.59870307105514,81.88844
166_1_5301_20231208204500,train_dev,166,1,2023-12-08 20:45:00,73,charge,80.0,83.80839564972942,71.59870307105514,81.63005
166_1_5359_20231208204500,train_dev,166,1,2023-12-08 20:45:00,73,charge,74.0,83.72127014761212,71.59870307105514,79.68065
166_1_5361_20231214100500,train_dev,166,1,2023-12-14 10:05:00,73,charge,77.0,83.6117882363715,71.59870307105514,84.1148
166_1_5369_20231214162000,train_dev,166,1,2023-12-14 16:20:00,73,other,80.0,83.50335154146548,71.59870307105514,80.03363
166_1_5370_20231214170000,train_dev,166,1,2023-12-14 17:00:00,73,charge,80.0,83.47036913546643,71.59870307105514,83.77634
166_1_5371_20231214183300,train_dev,166,1,2023-12-14 18:33:00,73,other,77.0,83.29181657391564,71.59870307105514,80.78288
166_1_5372_20231214191000,train_dev,166,1,2023-12-14 19:10:00,73,charge,77.0,83.16911453398181,71.59870307105514,77.90413
166_1_5360_20231214212400,train_dev,166,1,2023-12-14 21:24:00,73,other,77.0,82.98146907377426,71.59870307105514,83.86017
166_1_5363_20231215170500,train_dev,166,1,2023-12-15 17:05:00,73,charge,83.0,82.9816254887576,71.59870307105514,83.96802
166_1_5362_20231215190400,train_dev,166,1,2023-12-15 19:04:00,74,flight,83.0,82.98214683997602,71.57134780998022,76.719444
166_1_5365_20231216190000,train_dev,166,1,2023-12-16 19:00:00,74,other,82.0,82.92871167202556,71.57134780998022,81.77555
166_1_5366_20231216192000,train_dev,166,1,2023-12-16 19:20:00,74,charge,82.0,82.90024612994439,71.57134780998022,81.43761
166_1_5367_20231216201200,train_dev,166,1,2023-12-16 20:12:00,75,flight,82.0,82.86980207084204,71.66879789130876,84.00503
166_1_5368_20231216211500,train_dev,166,1,2023-12-16 21:15:00,75,charge,87.0,82.90491619327366,71.66879789130876,77.42874
166_1_5364_20231217042500,train_dev,166,1,2023-12-17 04:25:00,75,charge,83.0,82.90864220313837,71.66879789130876,79.95945
166_1_5379_20231219183000,train_dev,166,1,2023-12-19 18:30:00,75,other,87.0,83.01018475209676,71.66879789130876,80.83513
166_1_5380_20231219190000,train_dev,166,1,2023-12-19 19:00:00,75,charge,87.0,83.16593612900385,71.66879789130876,83.77158
166_1_5382_20231219193500,train_dev,166,1,2023-12-19 19:35:00,75,charge,87.0,83.51347736297664,71.66879789130876,84.05349
166_1_5381_20231219193700,train_dev,166,1,2023-12-19 19:37:00,75,other,87.0,83.67120348771171,71.66879789130876,77.92785
166_1_5383_20231220171500,train_dev,166,1,2023-12-20 17:15:00,75,charge,86.0,83.75055236277122,71.66879789130876,80.46843
166_1_5384_20231220181500,train_dev,166,1,2023-12-20 18:15:00,75,other,86.0,83.79333141729514,71.66879789130876,76.70854
166_1_5385_20231220190000,train_dev,166,1,2023-12-20 19:00:00,75,charge,86.0,83.80729977152023,71.66879789130876,84.0816
166_1_5386_20231220202800,train_dev,166,1,2023-12-20 20:28:00,75,other,83.0,83.7915352130858,71.66879789130876,77.71187
166_1_5387_20231220215000,train_dev,166,1,2023-12-20 21:50:00,75,charge,83.0,83.76125320779092,71.66879789130876,83.828094
166_1_5388_20231221001500,train_dev,166,1,2023-12-21 00:15:00,75,charge,83.0,83.67232980943848,71.66879789130876,77.31533
166_1_5389_20231221011500,train_dev,166,1,2023-12-21 01:15:00,75,other,83.0,83.64488808250003,71.66879789130876,83.78683
166_1_5390_20231221013000,train_dev,166,1,2023-12-21 01:30:00,75,charge,83.0,83.60333557228554,71.66879789130876,80.81115
166_1_5434_20240122192500,train_dev,166,1,2024-01-22 19:25:00,75,charge,76.0,83.46970979703211,71.66879789130876,76.864555
166_1_5425_20240123034500,train_dev,166,1,2024-01-23 03:45:00,75,charge,76.0,83.3398119990066,71.66879789130876,77.69303
166_1_5768_20240405113200,train_dev,166,1,2024-04-05 11:32:00,75,other,67.0,81.4257983099474,71.66879789130876,80.50832
166_1_5769_20240405124000,train_dev,166,1,2024-04-05 12:40:00,75,charge,67.0,80.44775397340628,71.66879789130876,75.115364
166_1_5770_20240405131500,train_dev,166,1,2024-04-05 13:15:00,75,charge,67.0,78.68414254706795,71.66879789130876,80.26645
166_1_5771_20240405142600,train_dev,166,1,2024-04-05 14:26:00,75,other,67.0,76.6417576453618,71.66879789130876,75.967705
166_1_5772_20240405165200,train_dev,166,1,2024-04-05 16:52:00,75,other,67.0,75.15162834693143,71.66879789130876,80.138145
166_1_5773_20240405170000,train_dev,166,1,2024-04-05 17:00:00,75,charge,67.0,74.49257394443075,71.66879789130876,81.75636
166_1_5774_20240405170500,train_dev,166,1,2024-04-05 17:05:00,75,charge,65.0,74.00830543047707,71.66879789130876,81.94022
166_1_5775_20240406110500,train_dev,166,1,2024-04-06 11:05:00,75,charge,65.0,73.67317480057028,71.66879789130876,83.230896
166_1_5776_20240407135800,train_dev,166,1,2024-04-07 13:58:00,76,flight,65.0,73.43213334983366,71.91243621854507,84.12478
166_1_5777_20240407145500,train_dev,166,1,2024-04-07 14:55:00,76,charge,66.0,73.36734127018987,71.91243621854507,77.62175
166_1_5778_20240407145500,train_dev,166,1,2024-04-07 14:55:00,77,flight,66.0,73.24240072156196,71.52445156896567,80.98242
166_1_5779_20240407162400,train_dev,166,1,2024-04-07 16:24:00,77,charge,66.0,73.10313257854065,71.52445156896567,80.77303
166_1_5784_20240408161400,train_dev,166,1,2024-04-08 16:14:00,78,flight,70.0,73.02002898177449,71.44228085410496,80.157684
166_1_5783_20240408170500,train_dev,166,1,2024-04-08 17:05:00,78,charge,71.0,72.99658772302823,71.44228085410496,82.12642
166_1_5787_20240409114100,train_dev,166,1,2024-04-09 11:41:00,78,other,71.0,72.94163970923859,71.44228085410496,76.816246
166_1_5788_20240409124000,train_dev,166,1,2024-04-09 12:40:00,78,charge,71.0,72.92707671755069,71.44228085410496,80.863266
166_1_5789_20240409143000,train_dev,166,1,2024-04-09 14:30:00,78,other,64.0,72.68162299019168,71.44228085410496,74.50149
166_1_5790_20240409151500,train_dev,166,1,2024-04-09 15:15:00,78,charge,64.0,72.4227134381707,71.44228085410496,76.41393
166_1_5792_20240410111000,train_dev,166,1,2024-04-10 11:10:00,78,charge,66.0,72.33134770787764,71.44228085410496,83.13829
166_1_5793_20240410123700,train_dev,166,1,2024-04-10 12:37:00,78,other,66.0,72.13098824466996,71.44228085410496,79.62759
166_1_5794_20240410132000,train_dev,166,1,2024-04-10 13:20:00,78,charge,67.0,72.06867761469856,71.44228085410496,77.18749
166_1_5795_20240410143400,train_dev,166,1,2024-04-10 14:34:00,79,flight,67.0,71.88754250059256,71.35922898168847,75.67684
166_1_5796_20240410153000,train_dev,166,1,2024-04-10 15:30:00,79,charge,71.0,71.880473151837,71.35922898168847,78.08585
166_1_5797_20240410212000,train_dev,166,1,2024-04-10 21:20:00,80,flight,71.0,71.85035581743567,71.27065577185942,83.100235
166_1_5813_20240415215000,train_dev,166,1,2024-04-15 21:50:00,80,charge,70.0,71.81143750409198,71.27065577185942,76.89998
166_1_5814_20240415232600,train_dev,166,1,2024-04-15 23:26:00,81,flight,70.0,71.76050653666987,71.26367613703033,76.76252
166_1_5818_20240416131500,train_dev,166,1,2024-04-16 13:15:00,81,charge,70.0,71.72915107590556,71.26367613703033,84.09281
166_1_5819_20240416152000,train_dev,166,1,2024-04-16 15:20:00,82,flight,70.0,71.6826611603813,73.62781079939757,84.025604
166_1_5820_20240416152000,train_dev,166,1,2024-04-16 15:20:00,82,charge,70.0,71.64964814860159,73.62781079939757,84.0603
166_1_5821_20240416172500,train_dev,166,1,2024-04-16 17:25:00,83,flight,70.0,71.59870307105514,74.28291402887646,76.66587
166_1_5822_20240416182300,train_dev,166,1,2024-04-16 18:23:00,83,charge,71.0,71.58958088006104,74.28291402887646,81.02292
166_1_5823_20240416201600,train_dev,166,1,2024-04-16 20:16:00,84,flight,71.0,71.57134780998022,75.11152979147846,84.13103
166_1_5829_20240416205500,train_dev,166,1,2024-04-16 20:55:00,84,charge,74.0,71.5921653469944,75.11152979147846,84.06379
166_1_5830_20240416220600,train_dev,166,1,2024-04-16 22:06:00,85,flight,74.0,71.66879789130876,76.78699664101744,76.89487
166_1_5836_20240420121000,train_dev,166,1,2024-04-20 12:10:00,85,charge,74.0,71.72668800889666,76.78699664101744,77.32089
166_1_5837_20240420201400,train_dev,166,1,2024-04-20 20:14:00,86,flight,75.0,71.91243621854507,77.40890327414758,77.89534
166_1_5838_20240420204000,train_dev,166,1,2024-04-20 20:40:00,86,charge,78.0,71.957168006205,77.40890327414758,80.13174
166_1_5842_20240421112900,train_dev,166,1,2024-04-21 11:29:00,86,other,78.0,72.09948312411916,77.40890327414758,81.21786
166_1_5843_20240421121500,train_dev,166,1,2024-04-21 12:15:00,86,charge,71.0,72.09226777948322,77.40890327414758,77.61502
166_1_5844_20240421132900,train_dev,166,1,2024-04-21 13:29:00,86,other,71.0,72.06699698406784,77.40890327414758,77.17941
166_1_5845_20240421142000,train_dev,166,1,2024-04-21 14:20:00,86,charge,71.0,72.04981686145798,77.40890327414758,80.29972
166_1_5848_20240422101000,train_dev,166,1,2024-04-22 10:10:00,86,charge,70.0,71.9997239926814,77.40890327414758,77.77754
166_1_5849_20240422104700,train_dev,166,1,2024-04-22 10:47:00,86,other,70.0,71.95353630283692,77.40890327414758,77.677864
166_1_5850_20240422112500,train_dev,166,1,2024-04-22 11:25:00,86,charge,68.0,71.92391522889314,77.40890327414758,76.81543
166_1_5851_20240422121400,train_dev,166,1,2024-04-22 12:14:00,86,other,68.0,71.82774805918369,77.40890327414758,76.6866
166_1_5852_20240422121500,train_dev,166,1,2024-04-22 12:15:00,86,charge,69.0,71.79905213500804,77.40890327414758,82.18212
166_1_5853_20240422185500,train_dev,166,1,2024-04-22 18:55:00,86,other,69.0,71.73112801648153,77.40890327414758,78.29463
166_1_5861_20240424150000,train_dev,166,1,2024-04-24 15:00:00,86,charge,69.0,71.67039443863986,77.40890327414758,77.41
166_1_5862_20240424161500,train_dev,166,1,2024-04-24 16:15:00,86,other,69.0,71.61546609143397,77.40890327414758,77.69791
166_1_5863_20240424165500,train_dev,166,1,2024-04-24 16:55:00,86,charge,69.0,71.57309891605988,77.40890327414758,84.14375
166_1_5868_20240424181700,train_dev,166,1,2024-04-24 18:17:00,87,flight,69.0,71.52445156896567,77.74291966441156,83.96965
166_1_5869_20240424190000,train_dev,166,1,2024-04-24 19:00:00,87,charge,69.0,71.48993516542083,77.74291966441156,77.94594
166_1_5870_20240424195000,train_dev,166,1,2024-04-24 19:50:00,88,flight,69.0,71.44228085410496,77.98812469848015,81.3665
166_1_5871_20240424203000,train_dev,166,1,2024-04-24 20:30:00,88,charge,69.0,71.40373753566143,77.98812469848015,76.573364
166_1_5874_20240424221700,train_dev,166,1,2024-04-24 22:17:00,89,flight,69.0,71.35922898168847,78.40286238777244,77.04232
166_1_5875_20240424231000,train_dev,166,1,2024-04-24 23:10:00,89,charge,69.0,71.30474024384716,78.40286238777244,80.03957
166_1_5876_20240425105000,train_dev,166,1,2024-04-25 10:50:00,89,charge,70.0,71.27363295364661,78.40286238777244,83.188324
166_1_5877_20240425113000,train_dev,166,1,2024-04-25 11:30:00,89,other,70.0,71.2529349397668,78.40286238777244,83.7743
166_1_5878_20240425121000,train_dev,166,1,2024-04-25 12:10:00,89,charge,72.0,71.25815027468991,78.40286238777244,76.85109
166_1_5879_20240425141800,train_dev,166,1,2024-04-25 14:18:00,90,flight,72.0,71.27065577185942,78.5845520586606,77.12441
166_1_5880_20240425151500,train_dev,166,1,2024-04-25 15:15:00,90,charge,71.0,71.26826153385748,78.5845520586606,76.81646
166_1_5881_20240425184400,train_dev,166,1,2024-04-25 18:44:00,91,flight,71.0,71.26367613703033,79.22067788396271,83.53389
166_1_5882_20240425194500,train_dev,166,1,2024-04-25 19:45:00,91,charge,71.0,71.25390468773921,79.22067788396271,83.88425
166_1_5890_20240429221000,train_dev,166,1,2024-04-29 22:10:00,91,charge,71.0,71.24904989755525,79.22067788396271,77.509926
166_1_5891_20240429224500,train_dev,166,1,2024-04-29 22:45:00,91,other,71.0,71.24415298044799,79.22067788396271,77.78695
166_1_5899_20240501170000,train_dev,166,1,2024-05-01 17:00:00,91,charge,100.0,71.95452687131292,79.22067788396271,77.6051
166_1_5900_20240501192100,train_dev,166,1,2024-05-01 19:21:00,91,other,100.0,72.53546162407929,79.22067788396271,83.12228
166_1_5914_20240502144500,train_dev,166,1,2024-05-02 14:45:00,91,charge,100.0,73.13056328263089,79.22067788396271,84.18959
166_1_5915_20240502153800,train_dev,166,1,2024-05-02 15:38:00,92,flight,100.0,73.62781079939757,79.29946660162258,83.93648
166_1_5917_20240502162000,train_dev,166,1,2024-05-02 16:20:00,92,charge,98.0,73.82138499202816,79.29946660162258,76.36539
166_1_5907_20240502171300,train_dev,166,1,2024-05-02 17:13:00,93,flight,98.0,74.28291402887646,79.36136407592238,82.504265
166_1_5908_20240502180000,train_dev,166,1,2024-05-02 18:00:00,93,charge,97.0,74.51802061771005,79.36136407592238,83.440674
166_1_5912_20240502191000,train_dev,166,1,2024-05-02 19:10:00,94,flight,97.0,75.11152979147846,79.42540108892736,84.146416
166_1_5913_20240502200500,train_dev,166,1,2024-05-02 20:05:00,94,charge,97.0,75.61220273450384,79.42540108892736,77.61991
166_1_5909_20240503091500,train_dev,166,1,2024-05-03 09:15:00,94,charge,93.0,76.13180108880044,79.42540108892736,80.16113
166_1_5916_20240504120000,train_dev,166,1,2024-05-04 12:00:00,94,charge,93.0,76.48167290625167,79.42540108892736,76.73193
166_1_5918_20240504125900,train_dev,166,1,2024-05-04 12:59:00,95,flight,93.0,76.78699664101744,79.39914244902532,84.05067
166_1_5919_20240504133500,train_dev,166,1,2024-05-04 13:35:00,95,charge,93.0,77.07185551568597,79.39914244902532,76.62199
166_1_5920_20240504141900,train_dev,166,1,2024-05-04 14:19:00,96,flight,93.0,77.40890327414758,79.30950688998783,75.4053
166_1_5922_20240504160900,train_dev,166,1,2024-05-04 16:09:00,97,flight,93.0,77.74291966441156,79.1152702190965,77.908844
166_1_5923_20240504170500,train_dev,166,1,2024-05-04 17:05:00,97,charge,88.0,77.80252345141031,79.1152702190965,76.87866
166_1_5924_20240504181400,train_dev,166,1,2024-05-04 18:14:00,98,flight,88.0,77.98812469848015,78.98538610555146,82.97724
166_1_5925_20240504185500,train_dev,166,1,2024-05-04 18:55:00,98,charge,88.0,78.18351528953399,78.98538610555146,83.97441
166_1_5926_20240504195100,train_dev,166,1,2024-05-04 19:51:00,99,flight,88.0,78.40286238777244,78.87520694976544,79.98841
166_1_5927_20240504203000,train_dev,166,1,2024-05-04 20:30:00,99,charge,86.0,78.45724607852192,78.87520694976544,81.24208
166_1_5928_20240504212800,train_dev,166,1,2024-05-04 21:28:00,100,flight,86.0,78.5845520586606,78.47164688832277,80.32213
166_1_5976_20240504221000,train_dev,166,1,2024-05-04 22:10:00,100,charge,86.0,78.68881302184566,78.47164688832277,83.98735
166_1_5921_20240505025000,train_dev,166,1,2024-05-05 02:50:00,100,charge,93.0,78.93361382930244,78.47164688832277,84.06083
166_1_6001_20240507150000,train_dev,166,1,2024-05-07 15:00:00,100,charge,85.0,79.10822294550248,78.47164688832277,76.1569
166_1_6002_20240507162900,train_dev,166,1,2024-05-07 16:29:00,101,flight,85.0,79.22067788396271,78.33141294851492,77.87685
166_1_6003_20240507170000,train_dev,166,1,2024-05-07 17:00:00,101,charge,82.0,79.2371962886013,78.33141294851492,81.937485
166_1_5946_20240507185700,train_dev,166,1,2024-05-07 18:57:00,102,flight,82.0,79.29946660162258,78.2478297533655,77.50258
166_1_5947_20240507191000,train_dev,166,1,2024-05-07 19:10:00,102,charge,81.0,79.32602033281327,78.2478297533655,81.978165
166_1_5948_20240507204000,train_dev,166,1,2024-05-07 20:40:00,103,flight,81.0,79.36136407592238,78.07740024224371,83.61181
166_1_5949_20240507213300,train_dev,166,1,2024-05-07 21:33:00,103,charge,81.0,79.38554854612072,78.07740024224371,84.10406
166_1_5950_20240507231000,train_dev,166,1,2024-05-07 23:10:00,104,flight,81.0,79.42540108892736,77.9322303003852,80.633606
166_1_5951_20240508000000,train_dev,166,1,2024-05-08 00:00:00,104,charge,81.0,79.44754109757334,77.9322303003852,80.954956
166_1_5984_20240509191300,train_dev,166,1,2024-05-09 19:13:00,105,flight,77.0,79.39914244902532,77.75762484127388,83.92968
166_1_5986_20240509200000,train_dev,166,1,2024-05-09 20:00:00,105,charge,76.0,79.36433126313798,77.75762484127388,76.78564
166_1_5978_20240509205600,train_dev,166,1,2024-05-09 20:56:00,106,flight,76.0,79.30950688998783,77.65162156668514,83.97716
166_1_5982_20240509215000,train_dev,166,1,2024-05-09 21:50:00,106,charge,76.0,79.24029721624385,77.65162156668514,81.312546
166_1_5996_20240510111000,train_dev,166,1,2024-05-10 11:10:00,106,charge,76.0,79.16440745885107,77.65162156668514,83.84879
166_1_5997_20240510131000,train_dev,166,1,2024-05-10 13:10:00,107,flight,76.0,79.1152702190965,77.44205509428394,75.25513
166_1_5998_20240510154000,train_dev,166,1,2024-05-10 15:40:00,107,charge,76.0,79.04914005558959,77.44205509428394,75.00132
166_1_5999_20240510165300,train_dev,166,1,2024-05-10 16:53:00,108,flight,76.0,78.98538610555146,77.34257616743258,76.19436
166_1_6000_20240510174500,train_dev,166,1,2024-05-10 17:45:00,108,charge,75.0,78.9488363311417,77.34257616743258,84.062645
166_1_6004_20240510200600,train_dev,166,1,2024-05-10 20:06:00,109,flight,75.0,78.87520694976544,77.23844013872326,82.76329
166_1_6005_20240510224500,train_dev,166,1,2024-05-10 22:45:00,109,charge,75.0,78.8258171428616,77.23844013872326,76.793205
166_1_6045_20240512140000,train_dev,166,1,2024-05-12 14:00:00,109,charge,74.0,78.7352558418349,77.23844013872326,82.95942
166_1_6009_20240513134900,train_dev,166,1,2024-05-13 13:49:00,109,other,74.0,78.6460734204997,77.23844013872326,79.722725
166_1_6010_20240514101500,train_dev,166,1,2024-05-14 10:15:00,109,charge,74.0,78.55831238724416,77.23844013872326,84.1411
166_1_6011_20240514104800,train_dev,166,1,2024-05-14 10:48:00,110,flight,74.0,78.47164688832277,76.98699239739729,76.86045
166_1_6012_20240514114500,train_dev,166,1,2024-05-14 11:45:00,110,charge,73.0,78.41770128580019,76.98699239739729,83.364174
166_1_6023_20240514155100,train_dev,166,1,2024-05-14 15:51:00,111,flight,73.0,78.33141294851492,76.87695599570704,84.14779
166_1_6040_20240514155100,train_dev,166,1,2024-05-14 15:51:00,112,flight,73.0,78.2478297533655,76.75854421402437,81.127205
166_1_6024_20240514163000,train_dev,166,1,2024-05-14 16:30:00,112,charge,73.0,78.17511289746365,76.75854421402437,80.113205
166_1_6025_20240514184800,train_dev,166,1,2024-05-14 18:48:00,113,flight,73.0,78.07740024224371,76.56104465427859,76.89745
166_1_6026_20240514192700,train_dev,166,1,2024-05-14 19:27:00,113,charge,72.0,78.0199439785253,76.56104465427859,81.638016
166_1_6027_20240514203400,train_dev,166,1,2024-05-14 20:34:00,114,flight,72.0,77.9322303003852,76.40852751473209,79.90761
166_1_6028_20240514212000,train_dev,166,1,2024-05-14 21:20:00,114,charge,72.0,77.86278571802528,76.40852751473209,82.88617
166_1_6029_20240514223600,train_dev,166,1,2024-05-14 22:36:00,115,flight,72.0,77.75762484127388,76.32877769506477,77.65774
166_1_6030_20240514231500,train_dev,166,1,2024-05-14 23:15:00,115,charge,73.0,77.71707084753771,76.32877769506477,77.11507
166_1_6031_20240515000900,train_dev,166,1,2024-05-15 00:09:00,116,flight,73.0,77.65162156668514,76.02844106851613,77.54499
166_1_6032_20240515005000,train_dev,166,1,2024-05-15 00:50:00,116,charge,73.0,77.5752687371515,76.02844106851613,81.54977
166_1_6037_20240515104500,train_dev,166,1,2024-05-15 10:45:00,116,charge,73.0,77.49831867814996,76.02844106851613,78.05672
166_1_6038_20240515113000,train_dev,166,1,2024-05-15 11:30:00,117,flight,73.0,77.44205509428394,75.83895987341421,77.39442
166_1_6039_20240515115500,train_dev,166,1,2024-05-15 11:55:00,117,charge,73.0,77.40321502149651,75.83895987341421,83.42559
166_1_6042_20240515161800,train_dev,166,1,2024-05-15 16:18:00,118,flight,73.0,77.34257616743258,75.71377718667867,77.81506
166_1_6041_20240515180500,train_dev,166,1,2024-05-15 18:05:00,118,charge,73.0,77.29593731074644,75.71377718667867,81.44059
166_1_6043_20240515180600,train_dev,166,1,2024-05-15 18:06:00,119,flight,73.0,77.23844013872326,75.48681590009176,76.98908
166_1_6044_20240515185000,train_dev,166,1,2024-05-15 18:50:00,119,charge,73.0,77.1074829841983,75.48681590009176,77.6621
166_1_6046_20240516131000,train_dev,166,1,2024-05-16 13:10:00,119,charge,73.0,77.05094286197995,75.48681590009176,80.93073
166_1_6047_20240516135400,train_dev,166,1,2024-05-16 13:54:00,120,flight,73.0,76.98699239739729,75.38206578231684,84.02661
166_1_6048_20240516143500,train_dev,166,1,2024-05-16 14:35:00,120,charge,73.0,76.92341024226657,75.38206578231684,83.39908
166_1_6055_20240516160700,train_dev,166,1,2024-05-16 16:07:00,121,flight,73.0,76.87695599570704,75.1943268333836,75.270226
166_1_6056_20240516170000,train_dev,166,1,2024-05-16 17:00:00,121,charge,72.0,76.83892894565362,75.1943268333836,77.47602
166_1_6057_20240516175300,train_dev,166,1,2024-05-16 17:53:00,122,flight,72.0,76.75854421402437,75.1320561793176,77.79948
166_1_6058_20240516183800,train_dev,166,1,2024-05-16 18:38:00,122,charge,72.0,76.70869587094697,75.1320561793176,83.18209
166_1_6060_20240516221100,train_dev,166,1,2024-05-16 22:11:00,122,charge,73.0,76.62183904341937,75.1320561793176,80.67723
166_1_6061_20240516230200,train_dev,166,1,2024-05-16 23:02:00,123,flight,73.0,76.56104465427859,75.04268567337363,76.97804
166_1_6062_20240516235000,train_dev,166,1,2024-05-16 23:50:00,123,charge,73.0,76.5025816307279,75.04268567337363,83.239296
166_1_6079_20240517100000,train_dev,166,1,2024-05-17 10:00:00,123,charge,73.0,76.45137155512934,75.04268567337363,84.104034
166_1_6080_20240517102300,train_dev,166,1,2024-05-17 10:23:00,124,flight,73.0,76.40852751473209,74.97372582710523,79.791466
166_1_6081_20240517105500,train_dev,166,1,2024-05-17 10:55:00,124,charge,72.0,76.38305351092065,74.97372582710523,77.11715
166_1_6082_20240517120600,train_dev,166,1,2024-05-17 12:06:00,125,flight,72.0,76.32877769506477,74.54958680899661,80.71784
166_1_6083_20240517124000,train_dev,166,1,2024-05-17 12:40:00,125,charge,72.0,76.1888487813368,74.54958680899661,83.98074
166_1_6084_20240517133000,train_dev,166,1,2024-05-17 13:30:00,125,charge,72.0,76.14584604710463,74.54958680899661,83.1793
166_1_6088_20240518200500,train_dev,166,1,2024-05-18 20:05:00,125,charge,72.0,76.09108047327183,74.54958680899661,77.63749
166_1_6089_20240518210900,train_dev,166,1,2024-05-18 21:09:00,126,flight,72.0,76.02844106851613,74.46876210067714,81.75828
166_1_6112_20240521093000,train_dev,166,1,2024-05-21 09:30:00,126,charge,71.0,75.90995289713466,74.46876210067714,76.832085
166_1_6113_20240521101800,train_dev,166,1,2024-05-21 10:18:00,127,flight,71.0,75.83895987341421,74.3147647921227,81.16361
166_1_6114_20240521110000,train_dev,166,1,2024-05-21 11:00:00,127,charge,71.0,75.7850859885656,74.3147647921227,76.30656
166_1_6116_20240521125300,train_dev,166,1,2024-05-21 12:53:00,128,flight,71.0,75.71377718667867,74.25984718346564,84.041916
166_1_6117_20240521135000,train_dev,166,1,2024-05-21 13:50:00,128,charge,70.0,75.66449091123592,74.25984718346564,75.13061
166_1_6144_20240522090000,train_dev,166,1,2024-05-22 09:00:00,128,charge,70.0,75.573116156554,74.25984718346564,74.993
166_1_6145_20240522093700,train_dev,166,1,2024-05-22 09:37:00,129,flight,70.0,75.48681590009176,74.23952451391565,75.10012
166_1_6146_20240522101900,train_dev,166,1,2024-05-22 10:19:00,129,charge,71.0,75.44899670269247,74.23952451391565,75.32217
166_1_6157_20240522114200,train_dev,166,1,2024-05-22 11:42:00,130,flight,71.0,75.38206578231684,74.21579209438315,75.51956
166_1_6158_20240522122000,train_dev,166,1,2024-05-22 12:20:00,130,charge,71.0,75.32748766940016,74.21579209438315,75.603584
166_1_6163_20240523093000,train_dev,166,1,2024-05-23 09:30:00,130,charge,71.0,75.25538057242305,74.21579209438315,75.273636
166_1_6164_20240523101000,train_dev,166,1,2024-05-23 10:10:00,131,flight,71.0,75.1943268333836,74.1822326726045,75.25112
166_1_6165_20240523104500,train_dev,166,1,2024-05-23 10:45:00,131,charge,72.0,75.1719841872666,74.1822326726045,75.38104
166_1_6166_20240523114700,train_dev,166,1,2024-05-23 11:47:00,132,flight,72.0,75.1320561793176,74.08045023033888,75.55454
166_1_6167_20240523123500,train_dev,166,1,2024-05-23 12:35:00,132,charge,71.0,75.10130131091708,74.08045023033888,75.504
166_1_6168_20240523133700,train_dev,166,1,2024-05-23 13:37:00,133,flight,71.0,75.04268567337363,74.03374978455169,75.490166
166_1_6169_20240523143500,train_dev,166,1,2024-05-23 14:35:00,133,charge,72.0,75.01792226614178,74.03374978455169,75.400955
166_1_6172_20240523152900,train_dev,166,1,2024-05-23 15:29:00,134,flight,72.0,74.97372582710523,73.90758628130585,75.534775
166_1_6173_20240523163000,train_dev,166,1,2024-05-23 16:30:00,134,charge,72.0,74.9253546375903,73.90758628130585,75.32013
166_1_6174_20240523165500,train_dev,166,1,2024-05-23 16:55:00,134,charge,72.0,74.82707499599375,73.90758628130585,74.86844
166_1_6175_20240523172000,train_dev,166,1,2024-05-23 17:20:00,134,charge,72.0,74.702636772365,73.90758628130585,74.31476
166_1_6176_20240523172000,train_dev,166,1,2024-05-23 17:20:00,134,charge,72.0,74.59195047885618,73.90758628130585,73.78035
166_1_6177_20240523175000,train_dev,166,1,2024-05-23 17:50:00,135,flight,72.0,74.54958680899661,73.76363487754513,73.59508
166_1_6178_20240523180000,train_dev,166,1,2024-05-23 18:00:00,135,charge,72.0,74.51163430114627,73.76363487754513,73.30225
166_1_6179_20240523183000,train_dev,166,1,2024-05-23 18:30:00,136,flight,72.0,74.46876210067714,73.70758008119802,73.57584
166_1_6180_20240523190000,train_dev,166,1,2024-05-23 19:00:00,136,charge,72.0,74.40837869617467,73.70758008119802,73.49672
166_1_6181_20240523193000,train_dev,166,1,2024-05-23 19:30:00,136,charge,72.0,74.36875144711681,73.70758008119802,73.43805
166_1_6185_20240524084500,train_dev,166,1,2024-05-24 08:45:00,136,charge,72.0,74.33930017459666,73.70758008119802,73.17873
166_1_6186_20240524091900,train_dev,166,1,2024-05-24 09:19:00,137,flight,72.0,74.3147647921227,73.62479170899178,73.369354
166_1_6187_20240524100000,train_dev,166,1,2024-05-24 10:00:00,137,charge,72.0,74.28428025958577,73.62479170899178,73.57099
166_1_6188_20240524103100,train_dev,166,1,2024-05-24 10:31:00,138,flight,72.0,74.25984718346564,73.5636528449433,73.6801
166_1_6190_20240524121100,train_dev,166,1,2024-05-24 12:11:00,139,flight,72.0,74.23952451391565,73.4711795251108,73.6886
166_1_6193_20240524135600,train_dev,166,1,2024-05-24 13:56:00,140,flight,72.0,74.21579209438315,73.35951020308946,73.79226
166_1_6249_20240524155500,train_dev,166,1,2024-05-24 15:55:00,141,flight,72.0,74.1822326726045,73.24783136229019,73.775055
166_1_6189_20240524161200,train_dev,166,1,2024-05-24 16:12:00,141,charge,72.0,74.16345329942439,73.24783136229019,73.93487
166_1_6192_20240524162100,train_dev,166,1,2024-05-24 16:21:00,141,charge,72.0,74.14566836921036,73.24783136229019,73.78867
166_1_6194_20240524162500,train_dev,166,1,2024-05-24 16:25:00,141,charge,72.0,74.12864056775209,73.24783136229019,73.67905
166_1_6250_20240524163500,train_dev,166,1,2024-05-24 16:35:00,141,charge,72.0,74.10801497442195,73.24783136229019,73.470314
166_1_6251_20240524175100,train_dev,166,1,2024-05-24 17:51:00,142,flight,72.0,74.08045023033888,73.12903114786906,73.61583
166_1_6252_20240524183500,train_dev,166,1,2024-05-24 18:35:00,142,charge,72.0,74.06031608531237,73.12903114786906,73.609505
166_1_6253_20240524193700,train_dev,166,1,2024-05-24 19:37:00,143,flight,72.0,74.03374978455169,73.02774070507623,73.95864
166_1_6254_20240524203000,train_dev,166,1,2024-05-24 20:30:00,143,charge,72.0,74.01664723272066,73.02774070507623,73.874245
166_1_6191_20240525005000,train_dev,166,1,2024-05-25 00:50:00,143,charge,72.0,74.00073193496223,73.02774070507623,73.618675
166_1_6207_20240528203000,train_dev,166,1,2024-05-28 20:30:00,143,charge,71.0,73.94193645804417,73.02774070507623,73.30829
166_1_6208_20240528211800,train_dev,166,1,2024-05-28 21:18:00,144,flight,71.0,73.90758628130585,72.96642116883937,73.36752
166_1_6209_20240528214700,train_dev,166,1,2024-05-28 21:47:00,144,charge,71.0,73.82726338816123,72.96642116883937,73.18339
166_1_6214_20240529120500,train_dev,166,1,2024-05-29 12:05:00,144,charge,71.0,73.7965245465232,72.96642116883937,73.096924
166_1_6221_20240529124800,train_dev,166,1,2024-05-29 12:48:00,145,flight,71.0,73.76363487754513,72.921108139243,73.48256
166_1_6222_20240529133000,train_dev,166,1,2024-05-29 13:30:00,145,charge,71.0,73.73809359897511,72.921108139243,73.78526
166_1_6223_20240529142500,train_dev,166,1,2024-05-29 14:25:00,146,flight,71.0,73.70758008119802,72.84155120023638,74.16664
166_1_6224_20240529152000,train_dev,166,1,2024-05-29 15:20:00,146,charge,71.0,73.68254513275647,72.84155120023638,74.071686
166_1_6225_20240529154000,train_dev,166,1,2024-05-29 15:40:00,146,charge,72.0,73.64685649732961,72.84155120023638,73.841064
166_1_6226_20240529162100,train_dev,166,1,2024-05-29 16:21:00,147,flight,72.0,73.62479170899178,72.6406184796445,73.95508
166_1_6227_20240529170500,train_dev,166,1,2024-05-29 17:05:00,147,charge,70.0,73.60766452750246,72.6406184796445,74.09919
166_1_6217_20240529181400,train_dev,166,1,2024-05-29 18:14:00,148,flight,70.0,73.5636528449433,72.57739420034487,74.10249
166_1_6218_20240529190000,train_dev,166,1,2024-05-29 19:00:00,148,charge,70.0,73.51237370466775,72.57739420034487,73.850784
166_1_6229_20240529212600,train_dev,166,1,2024-05-29 21:26:00,149,flight,70.0,73.4711795251108,72.55099384949169,73.8178
166_1_6231_20240530112500,final_test,166,1,2024-05-30 11:25:00,149,charge,69.0,73.4048522925888,72.55099384949169,73.5585
166_1_6232_20240530120500,final_test,166,1,2024-05-30 12:05:00,150,flight,69.0,73.35951020308946,72.52546249334856,73.63317
166_1_6233_20240530125000,final_test,166,1,2024-05-30 12:50:00,150,charge,69.0,73.2996138156396,72.52546249334856,73.71941
166_1_6234_20240530140500,final_test,166,1,2024-05-30 14:05:00,151,flight,69.0,73.24783136229019,72.51758804474866,73.84729
166_1_6235_20240530144700,final_test,166,1,2024-05-30 14:47:00,151,charge,69.0,73.21389042586782,72.51758804474866,73.76059
166_1_6230_20240530220500,final_test,166,1,2024-05-30 22:05:00,151,charge,70.0,73.18487148634968,72.51758804474866,73.390884
166_1_6241_20240531154600,final_test,166,1,2024-05-31 15:46:00,152,flight,69.0,73.12903114786906,72.48459561433121,73.182465
166_1_6242_20240531170500,final_test,166,1,2024-05-31 17:05:00,152,charge,69.0,73.07830631377134,72.48459561433121,72.84546
166_1_6243_20240531171600,final_test,166,1,2024-05-31 17:16:00,153,flight,69.0,73.02774070507623,72.42364657367709,73.24492
166_1_6244_20240531180000,final_test,166,1,2024-05-31 18:00:00,153,charge,70.0,73.00351709471546,72.42364657367709,73.36928
166_1_6245_20240531190800,final_test,166,1,2024-05-31 19:08:00,154,flight,70.0,72.96642116883937,72.1892977284429,73.50066
166_1_6246_20240531200000,final_test,166,1,2024-05-31 20:00:00,154,charge,71.0,72.95055786452849,72.1892977284429,73.826675
166_1_6247_20240531211400,final_test,166,1,2024-05-31 21:14:00,155,flight,71.0,72.921108139243,72.06954014994078,73.73834
166_1_6248_20240531220000,final_test,166,1,2024-05-31 22:00:00,155,charge,69.0,72.89476626661795,72.06954014994078,73.4028
166_1_6238_20240601154600,final_test,166,1,2024-06-01 15:46:00,156,flight,69.0,72.84155120023638,71.93686793308491,73.26078
166_1_6239_20240601164000,final_test,166,1,2024-06-01 16:40:00,156,charge,69.0,72.79945260212561,71.93686793308491,73.06354
166_1_6260_20240603064500,final_test,166,1,2024-06-03 06:45:00,156,charge,68.0,72.77016946601587,71.93686793308491,73.10891
166_1_6265_20240603095500,final_test,166,1,2024-06-03 09:55:00,156,charge,72.0,72.76312945109301,71.93686793308491,72.80477
166_1_6258_20240603170500,final_test,166,1,2024-06-03 17:05:00,156,charge,70.0,72.70653120193484,71.93686793308491,72.48706
166_1_6259_20240603175100,final_test,166,1,2024-06-03 17:51:00,157,flight,70.0,72.6406184796445,71.88888485943818,72.41734
166_1_6261_20240603192900,final_test,166,1,2024-06-03 19:29:00,158,flight,68.0,72.57739420034487,71.87477491417987,72.895004
166_1_6263_20240603212000,final_test,166,1,2024-06-03 21:20:00,159,flight,71.0,72.55099384949169,71.84039702002225,73.14261
166_1_6264_20240603212000,final_test,166,1,2024-06-03 21:20:00,160,flight,71.0,72.52546249334856,71.88287195177745,73.29108
166_1_6266_20240603224200,final_test,166,1,2024-06-03 22:42:00,161,flight,72.0,72.51758804474866,71.74407406781953,73.066345
166_1_6267_20240603231900,final_test,166,1,2024-06-03 23:19:00,161,charge,72.0,72.50313850971084,71.74407406781953,72.73473
166_1_6262_20240604082000,final_test,166,1,2024-06-04 08:20:00,161,charge,71.0,72.49620630257547,71.74407406781953,72.77189
166_1_6269_20240604121500,final_test,166,1,2024-06-04 12:15:00,161,charge,72.0,72.48979669387239,71.74407406781953,72.43571
166_1_6270_20240604131400,final_test,166,1,2024-06-04 13:14:00,162,flight,72.0,72.48459561433121,71.37878334300427,72.5325
166_1_6271_20240604135500,final_test,166,1,2024-06-04 13:55:00,162,charge,72.0,72.47695353141656,71.37878334300427,72.702675
166_1_6275_20240605083500,final_test,166,1,2024-06-05 08:35:00,162,charge,71.0,72.44292388307248,71.37878334300427,72.49375
166_1_6276_20240605090900,final_test,166,1,2024-06-05 09:09:00,163,flight,71.0,72.42364657367709,71.26202634512886,72.626854
166_1_6277_20240605124000,final_test,166,1,2024-06-05 12:40:00,163,charge,70.0,72.40679908464851,71.26202634512886,72.55427
166_1_6279_20240605163000,final_test,166,1,2024-06-05 16:30:00,163,charge,69.0,72.35414040154167,71.26202634512886,72.16446
166_1_6280_20240605170500,final_test,166,1,2024-06-05 17:05:00,163,charge,70.0,72.26375517226279,71.26202634512886,71.64863
166_1_6281_20240605171500,final_test,166,1,2024-06-05 17:15:00,163,charge,70.0,72.21246010693032,71.26202634512886,71.257
166_1_6282_20240605174700,final_test,166,1,2024-06-05 17:47:00,164,flight,70.0,72.1892977284429,71.16949240917661,71.45403
166_1_6283_20240605182500,final_test,166,1,2024-06-05 18:25:00,164,charge,69.0,72.16028271633809,71.16949240917661,71.42786
166_1_6343_20240606143000,final_test,166,1,2024-06-06 14:30:00,164,charge,69.0,72.11616438190633,71.16949240917661,71.072014
166_1_6344_20240606152800,final_test,166,1,2024-06-06 15:28:00,165,flight,69.0,72.06954014994078,71.20063797533051,71.20885
166_1_6345_20240606163000,final_test,166,1,2024-06-06 16:30:00,165,charge,69.0,72.02449541656921,71.20063797533051,71.37535
166_1_6347_20240607083500,final_test,166,1,2024-06-07 08:35:00,165,charge,69.0,71.96838554998372,71.20063797533051,71.18225
166_1_6348_20240607100500,final_test,166,1,2024-06-07 10:05:00,165,charge,70.0,71.95676351470306,71.20063797533051,71.11903
166_1_6349_20240607105900,final_test,166,1,2024-06-07 10:59:00,166,flight,70.0,71.93686793308491,71.24875837872322,71.46324
166_1_6350_20240608083000,final_test,166,1,2024-06-08 08:30:00,166,other,70.0,71.9090937731076,71.24875837872322,71.22859
166_1_6351_20240608090700,final_test,166,1,2024-06-08 09:07:00,167,flight,70.0,71.88888485943818,70.83236562182523,71.513054
166_1_6352_20240608101000,final_test,166,1,2024-06-08 10:10:00,167,charge,71.0,71.88406599191339,70.83236562182523,71.57869
166_1_6353_20240608105400,final_test,166,1,2024-06-08 10:54:00,168,flight,71.0,71.87477491417987,68.77743739973295,71.58656
166_1_6354_20240608120000,final_test,166,1,2024-06-08 12:00:00,168,charge,71.0,71.86421874422905,68.77743739973295,71.50683
166_1_6358_20240610140500,final_test,166,1,2024-06-10 14:05:00,168,charge,71.0,71.84970299203151,68.77743739973295,71.27394
166_1_6359_20240610152700,final_test,166,1,2024-06-10 15:27:00,169,flight,71.0,71.84039702002225,66.53516229753825,71.4633
166_1_6361_20240610153500,final_test,166,1,2024-06-10 15:35:00,169,charge,71.0,71.8329251310085,66.53516229753825,71.5096
166_1_6363_20240610190000,final_test,166,1,2024-06-10 19:00:00,169,charge,92.0,71.91787137332788,66.53516229753825,72.106224
166_1_6364_20240610204500,final_test,166,1,2024-06-10 20:45:00,170,flight,69.0,71.88287195177745,65.7585916566614,72.36004
166_1_6365_20240610210200,final_test,166,1,2024-06-10 21:02:00,170,charge,69.0,71.86246634099743,65.7585916566614,72.09915
166_1_6368_20240611083500,final_test,166,1,2024-06-11 08:35:00,170,charge,67.0,71.78846784532276,65.7585916566614,71.68389
166_1_6369_20240611092000,final_test,166,1,2024-06-11 09:20:00,171,flight,67.0,71.74407406781953,65.17612263987925,72.19491
166_1_6370_20240611100000,final_test,166,1,2024-06-11 10:00:00,171,charge,68.0,71.71968268023568,65.17612263987925,72.34642
166_1_6383_20240611110000,final_test,166,1,2024-06-11 11:00:00,172,flight,68.0,71.37878334300427,63.53299814312631,71.98873
166_1_6384_20240611110300,final_test,166,1,2024-06-11 11:03:00,172,charge,68.0,71.31088361685926,63.53299814312631,71.54667
166_1_6385_20240611123000,final_test,166,1,2024-06-11 12:30:00,173,flight,68.0,71.26202634512886,63.29073678353929,71.23399
166_1_6386_20240611123100,final_test,166,1,2024-06-11 12:31:00,173,charge,68.0,71.15972464454616,63.29073678353929,70.860596
166_1_6377_20240611155600,final_test,166,1,2024-06-11 15:56:00,174,flight,72.0,71.16949240917661,62.51859075891806,71.30933
166_1_6378_20240611164000,final_test,166,1,2024-06-11 16:40:00,174,charge,73.0,71.18253701743757,62.51859075891806,71.64
166_1_6373_20240611182800,final_test,166,1,2024-06-11 18:28:00,175,flight,73.0,71.20063797533051,62.14460920224191,72.21883
166_1_6374_20240611190500,final_test,166,1,2024-06-11 19:05:00,175,charge,74.0,71.22027193315097,62.14460920224191,72.41431
166_1_6375_20240611200300,final_test,166,1,2024-06-11 20:03:00,176,flight,74.0,71.24875837872322,60.884796936072256,72.42073
166_1_6376_20240611204500,final_test,166,1,2024-06-11 20:45:00,176,charge,74.0,71.2759224534585,60.884796936072256,72.44529
166_1_7636_20240930160000,final_test,166,1,2024-09-30 16:00:00,176,charge,74.0,71.39239764494909,60.884796936072256,73.078064
166_1_7637_20241008194300,final_test,166,1,2024-10-08 19:43:00,176,other,74.0,71.54304542064486,60.884796936072256,72.422295
166_1_10535_20250507194300,final_test,166,1,2025-05-07 19:43:00,177,flight,59.0,70.83236562182523,59.6813393910713,73.541534
166_1_10534_20250507212900,final_test,166,1,2025-05-07 21:29:00,177,charge,59.0,70.61039643371461,59.6813393910713,73.930534
166_1_10703_20250520124000,final_test,166,1,2025-05-20 12:40:00,177,charge,59.0,69.89573962842111,59.6813393910713,73.20612
166_1_10753_20250526104500,final_test,166,1,2025-05-26 10:45:00,177,charge,59.0,69.2597944168008,59.6813393910713,72.16426
166_1_10754_20250526115400,final_test,166,1,2025-05-26 11:54:00,178,flight,59.0,68.77743739973295,57.54232883832993,72.09252
166_1_10755_20250526124000,final_test,166,1,2025-05-26 12:40:00,178,charge,59.0,68.46183706796451,57.54232883832993,71.874054
166_1_10772_20250528100500,final_test,166,1,2025-05-28 10:05:00,178,charge,57.0,67.54542955977455,57.54232883832993,71.115906
166_1_10773_20250528102100,final_test,166,1,2025-05-28 10:21:00,179,flight,57.0,66.53516229753825,55.17311285436553,71.101616
166_1_10939_20250528110000,final_test,166,1,2025-05-28 11:00:00,179,charge,58.0,66.31521427947919,55.17311285436553,71.31345
166_1_10774_20250528110500,final_test,166,1,2025-05-28 11:05:00,179,charge,58.0,66.10630583564243,55.17311285436553,71.284836
166_2_4575_20230516110000,train_dev,166,2,2023-05-16 11:00:00,0,charge,100.0,99.72057197200591,96.90270179268524,
166_2_4576_20230516124400,train_dev,166,2,2023-05-16 12:44:00,0,other,100.0,99.8766842809231,96.90270179268524,
166_2_4577_20230516130000,train_dev,166,2,2023-05-16 13:00:00,0,charge,97.0,99.56395565441636,96.90270179268524,
166_2_4578_20230516143500,train_dev,166,2,2023-05-16 14:35:00,0,other,97.0,98.59250592339232,96.90270179268524,
166_2_4579_20230516150000,train_dev,166,2,2023-05-16 15:00:00,0,charge,97.0,98.32486018423673,96.90270179268524,
166_2_4580_20230516191100,train_dev,166,2,2023-05-16 19:11:00,0,other,97.0,98.02418167918404,96.90270179268524,
166_2_4581_20230516200000,train_dev,166,2,2023-05-16 20:00:00,0,charge,97.0,97.90917823428052,96.90270179268524,
166_2_4582_20230516211900,train_dev,166,2,2023-05-16 21:19:00,0,other,97.0,97.7402936177434,96.90270179268524,
166_2_4583_20230516220000,train_dev,166,2,2023-05-16 22:00:00,0,charge,97.0,97.66505421102008,96.90270179268524,
166_2_4584_20230517113000,train_dev,166,2,2023-05-17 11:30:00,0,charge,96.0,97.53310781252848,96.90270179268524,
166_2_4585_20230517132000,train_dev,166,2,2023-05-17 13:20:00,0,other,96.0,97.38294064257212,96.90270179268524,
166_2_4586_20230517140000,train_dev,166,2,2023-05-17 14:00:00,0,charge,96.0,97.32433097174786,96.90270179268524,
166_2_4587_20230517150700,train_dev,166,2,2023-05-17 15:07:00,0,other,95.0,97.12339576844371,96.90270179268524,
166_2_4589_20230517160000,train_dev,166,2,2023-05-17 16:00:00,0,charge,95.0,97.06156770562998,96.90270179268524,
166_2_4590_20230517164700,train_dev,166,2,2023-05-17 16:47:00,0,other,97.0,97.05525055745558,96.90270179268524,
166_2_4591_20230517180000,train_dev,166,2,2023-05-17 18:00:00,0,charge,97.0,97.05328864538804,96.90270179268524,
166_2_4592_20230517181800,train_dev,166,2,2023-05-17 18:18:00,0,other,98.0,97.13013175808663,96.90270179268524,
166_2_4593_20230517200000,train_dev,166,2,2023-05-17 20:00:00,0,charge,98.0,97.15311233428504,96.90270179268524,
166_2_4594_20230517200100,train_dev,166,2,2023-05-17 20:01:00,0,other,97.0,97.1437746264334,96.90270179268524,
166_2_4595_20230517220000,train_dev,166,2,2023-05-17 22:00:00,0,charge,97.0,97.1245245737392,96.90270179268524,77.42533
166_2_4574_20230519120400,train_dev,166,2,2023-05-19 12:04:00,0,charge,97.0,97.11995128447526,96.90270179268524,76.9456
166_2_4588_20230519160000,train_dev,166,2,2023-05-19 16:00:00,0,charge,95.0,97.08150745847804,96.90270179268524,81.17017
166_2_4615_20230531141000,train_dev,166,2,2023-05-31 14:10:00,0,other,97.0,97.05172219913246,96.90270179268524,77.16697
166_2_4614_20230531150000,train_dev,166,2,2023-05-31 15:00:00,0,charge,97.0,97.04718464693563,96.90270179268524,77.24421
166_2_4611_20230531173300,train_dev,166,2,2023-05-31 17:33:00,0,other,96.0,96.99978335928326,96.90270179268524,76.99631
166_2_4612_20230531182100,train_dev,166,2,2023-05-31 18:21:00,0,other,96.0,96.91947344611737,96.90270179268524,82.917534
166_2_4613_20230531190000,train_dev,166,2,2023-05-31 19:00:00,0,charge,96.0,96.89060301350848,96.90270179268524,83.90357
166_2_4620_20230603101100,train_dev,166,2,2023-06-03 10:11:00,1,flight,97.0,96.8950207879924,96.9535750509227,81.58154
166_2_4621_20230603110000,train_dev,166,2,2023-06-03 11:00:00,1,charge,97.0,96.89741799747098,96.9535750509227,82.22606
166_2_4622_20230604102500,train_dev,166,2,2023-06-04 10:25:00,2,flight,97.0,96.9009718340842,97.0157030390091,80.28847
166_2_4633_20230609143700,train_dev,166,2,2023-06-09 14:37:00,3,flight,97.0,96.90433225433156,97.0147026911861,77.60393
166_2_4634_20230609154500,train_dev,166,2,2023-06-09 15:45:00,3,charge,97.0,96.90635256396426,97.0147026911861,76.642746
166_2_4635_20230609165000,train_dev,166,2,2023-06-09 16:50:00,3,charge,97.0,96.90917395968135,97.0147026911861,80.71338
166_2_4636_20230611101200,train_dev,166,2,2023-06-11 10:12:00,4,flight,97.0,96.9130523333165,97.06495251561978,76.86438
166_2_4639_20230611105000,train_dev,166,2,2023-06-11 10:50:00,4,charge,97.0,96.91601028352768,97.06495251561978,77.87557
166_2_4640_20230611111500,train_dev,166,2,2023-06-11 11:15:00,4,charge,97.0,96.919561975379,97.06495251561978,84.1932
166_2_4669_20230621103800,train_dev,166,2,2023-06-21 10:38:00,5,flight,97.0,96.92342252736296,97.11062772239548,81.783104
166_2_4670_20230621105500,train_dev,166,2,2023-06-21 10:55:00,5,charge,97.0,96.9255411595544,97.11062772239548,82.696045
166_2_4714_20230705094900,train_dev,166,2,2023-07-05 09:49:00,5,charge,97.0,96.9272714506037,97.11062772239548,82.74371
166_2_4760_20230705104500,train_dev,166,2,2023-07-05 10:45:00,5,charge,97.0,96.93086683325676,97.11062772239548,83.223625
166_2_4759_20230711095600,train_dev,166,2,2023-07-11 09:56:00,5,charge,97.0,96.93242944956536,97.11062772239548,81.583534
166_2_4761_20230711104500,train_dev,166,2,2023-07-11 10:45:00,5,charge,97.0,96.93592998586696,97.11062772239548,75.823494
166_2_4764_20230719210800,train_dev,166,2,2023-07-19 21:08:00,5,other,97.0,96.9437554532696,97.11062772239548,77.49945
166_2_4765_20230719223000,train_dev,166,2,2023-07-19 22:30:00,5,charge,97.0,96.9485960082531,97.11062772239548,81.47249
166_2_4766_20230720095400,train_dev,166,2,2023-07-20 09:54:00,6,flight,97.0,96.95056447832206,97.10352960804624,77.50242
166_2_4767_20230720104500,train_dev,166,2,2023-07-20 10:45:00,6,charge,96.0,96.9329466783151,97.10352960804624,76.75882
166_2_4770_20230722060000,train_dev,166,2,2023-07-22 06:00:00,6,charge,97.0,96.93498252948817,97.10352960804624,82.42854
166_2_4780_20230722100000,train_dev,166,2,2023-07-22 10:00:00,7,flight,96.0,96.88375438760002,97.0955363993376,76.91611
166_2_4783_20230730100100,train_dev,166,2,2023-07-30 10:01:00,8,flight,97.0,96.88592796512582,97.12794142557333,83.97443
166_2_4784_20230730110000,train_dev,166,2,2023-07-30 11:00:00,8,charge,97.0,96.89160769894094,97.12794142557333,83.65937
166_2_4785_20230801101000,train_dev,166,2,2023-08-01 10:10:00,9,flight,97.0,96.89344176107032,96.90475225476028,84.13272
166_2_4786_20230801112200,train_dev,166,2,2023-08-01 11:22:00,9,charge,97.0,96.89862055598545,96.90475225476028,81.97228
166_2_4790_20230802105500,train_dev,166,2,2023-08-02 10:55:00,10,flight,97.0,96.90270179268524,96.83630480662526,83.23481
166_2_4791_20230803024500,train_dev,166,2,2023-08-03 02:45:00,10,charge,98.0,96.93584763969751,96.83630480662526,80.19371
166_2_4792_20230803102600,train_dev,166,2,2023-08-03 10:26:00,11,flight,98.0,96.9535750509227,96.85013059475918,80.38342
166_2_4793_20230803105000,train_dev,166,2,2023-08-03 10:50:00,11,charge,98.0,97.00005616210775,96.85013059475918,77.644775
166_2_4795_20230804101000,train_dev,166,2,2023-08-04 10:10:00,12,flight,98.0,97.0157030390091,96.86048107296553,79.806564
166_2_4796_20230804111000,train_dev,166,2,2023-08-04 11:10:00,12,charge,97.0,97.01538940050617,96.86048107296553,82.278
166_2_4802_20230806101000,train_dev,166,2,2023-08-06 10:10:00,13,flight,97.0,97.0147026911861,96.86797088166628,83.93692
166_2_4803_20230806111000,train_dev,166,2,2023-08-06 11:10:00,13,charge,97.0,97.0143319746603,96.86797088166628,79.915764
166_2_4842_20230822102500,train_dev,166,2,2023-08-22 10:25:00,14,flight,98.0,97.06495251561978,96.82187599540188,79.38055
166_2_4845_20230822102500,train_dev,166,2,2023-08-22 10:25:00,15,flight,98.0,97.11062772239548,96.79434855866374,83.85828
166_2_4843_20230822113000,train_dev,166,2,2023-08-22 11:30:00,15,charge,97.0,97.10805748744876,96.79434855866374,76.02761
166_2_4850_20230827103200,train_dev,166,2,2023-08-27 10:32:00,16,flight,97.0,97.10352960804624,96.72433963592616,79.746895
166_2_4851_20230827113000,train_dev,166,2,2023-08-27 11:30:00,16,charge,97.0,97.1004104808196,96.72433963592616,76.76214
166_2_4853_20230828104500,train_dev,166,2,2023-08-28 10:45:00,17,flight,97.0,97.0955363993376,96.6668091815728,77.33197
166_2_4854_20230828204500,train_dev,166,2,2023-08-28 20:45:00,17,charge,97.0,97.0933000121716,96.6668091815728,84.11184
166_2_4857_20230831103200,train_dev,166,2,2023-08-31 10:32:00,18,flight,98.0,97.12794142557333,96.51937282214377,81.67275
166_2_4858_20230831113000,train_dev,166,2,2023-08-31 11:30:00,18,charge,96.0,97.11125311819798,96.51937282214377,84.12946
166_2_4860_20230904110000,train_dev,166,2,2023-09-04 11:00:00,19,flight,94.0,96.90475225476028,96.3281325596541,76.29752
166_2_4861_20230904114500,train_dev,166,2,2023-09-04 11:45:00,19,charge,96.0,96.8873860962868,96.3281325596541,80.67878
166_2_4862_20230906104500,train_dev,166,2,2023-09-06 10:45:00,20,flight,96.0,96.83630480662526,96.18787861222069,77.08793
166_2_4863_20230906112000,train_dev,166,2,2023-09-06 11:20:00,20,charge,97.0,96.84029127841444,96.18787861222069,77.8438
166_2_4868_20230911105900,train_dev,166,2,2023-09-11 10:59:00,21,flight,97.0,96.85013059475918,96.03964975170634,80.71127
166_2_4869_20230911174400,train_dev,166,2,2023-09-11 17:44:00,21,charge,97.0,96.85443290712315,96.03964975170634,84.04213
166_2_4871_20230913105300,train_dev,166,2,2023-09-13 10:53:00,22,flight,97.0,96.86048107296553,95.88508704870998,83.98581
166_2_4872_20230913114500,train_dev,166,2,2023-09-13 11:45:00,22,charge,97.0,96.86424041360402,95.88508704870998,77.19495
166_2_4901_20230914105900,train_dev,166,2,2023-09-14 10:59:00,23,flight,97.0,96.86797088166628,95.72296313992264,77.53869
166_2_4902_20230914114500,train_dev,166,2,2023-09-14 11:45:00,23,charge,96.0,96.85137972803192,95.72296313992264,79.88533
166_2_4903_20230915121700,train_dev,166,2,2023-09-15 12:17:00,24,flight,96.0,96.82187599540188,95.56819129670706,82.84472
166_2_4904_20230915121700,train_dev,166,2,2023-09-15 12:17:00,25,flight,96.0,96.79434855866374,95.3965766707924,79.54346
166_2_4908_20230918145500,train_dev,166,2,2023-09-18 14:55:00,26,flight,95.0,96.72433963592616,95.33348195987097,81.97245
166_2_4906_20230919112600,train_dev,166,2,2023-09-19 11:26:00,27,flight,95.0,96.6668091815728,95.28778299711531,83.991875
166_2_4907_20230919114500,train_dev,166,2,2023-09-19 11:45:00,27,charge,94.0,96.61972105506854,95.28778299711531,83.14526
166_2_4909_20230921105000,train_dev,166,2,2023-09-21 10:50:00,28,flight,94.0,96.51937282214377,95.22353160764982,80.809326
166_2_4914_20230921120000,train_dev,166,2,2023-09-21 12:00:00,28,charge,93.0,96.45903850650562,95.22353160764982,77.05495
166_2_4915_20230922104700,train_dev,166,2,2023-09-22 10:47:00,29,flight,93.0,96.3281325596541,95.10679631609268,77.73636
166_2_4916_20230922113500,train_dev,166,2,2023-09-22 11:35:00,29,charge,94.0,96.28848313604374,95.10679631609268,77.093925
166_2_4910_20230924110400,train_dev,166,2,2023-09-24 11:04:00,30,flight,94.0,96.18787861222069,94.98695213492738,81.78425
166_2_4911_20230924112000,train_dev,166,2,2023-09-24 11:20:00,30,charge,94.0,96.1260414583849,94.98695213492738,83.42897
166_2_4917_20230925110000,train_dev,166,2,2023-09-25 11:00:00,31,flight,94.0,96.03964975170634,94.8405341615549,77.73673
166_2_4918_20230925114500,train_dev,166,2,2023-09-25 11:45:00,31,charge,93.0,95.98929776352745,94.8405341615549,81.425705
166_2_4919_20230925130700,train_dev,166,2,2023-09-25 13:07:00,32,flight,93.0,95.88508704870998,94.68783953245917,84.17785
166_2_4920_20230925134500,train_dev,166,2,2023-09-25 13:45:00,32,charge,93.0,95.82654120257835,94.68783953245917,75.76027
166_2_4921_20230927113200,train_dev,166,2,2023-09-27 11:32:00,33,flight,93.0,95.72296313992264,94.51502317551076,77.77077
166_2_4922_20230927114500,train_dev,166,2,2023-09-27 11:45:00,33,charge,92.0,95.67250306848234,94.51502317551076,80.10201
166_2_4923_20230927123400,train_dev,166,2,2023-09-27 12:34:00,34,flight,92.0,95.56819129670706,93.9211085137446,82.34269
166_2_4924_20230927131000,train_dev,166,2,2023-09-27 13:10:00,34,charge,92.0,95.486922743202,93.9211085137446,81.22147
166_2_4925_20230928110400,train_dev,166,2,2023-09-28 11:04:00,35,flight,92.0,95.3965766707924,93.7438258417628,83.92104
166_2_4926_20230928114500,train_dev,166,2,2023-09-28 11:45:00,35,charge,94.0,95.38254349487556,93.7438258417628,81.24226
166_2_4927_20230928125300,train_dev,166,2,2023-09-28 12:53:00,36,flight,94.0,95.33348195987097,93.52438088370585,79.72247
166_2_6362_20230928125300,train_dev,166,2,2023-09-28 12:53:00,37,flight,94.0,95.28778299711531,93.26555122968853,83.71639
166_2_4928_20230928134500,train_dev,166,2,2023-09-28 13:45:00,37,charge,95.0,95.28422871110853,93.26555122968853,76.50464
166_2_4929_20230929111500,train_dev,166,2,2023-09-29 11:15:00,38,flight,93.0,95.22353160764982,92.67278080875828,80.55116
166_2_4930_20230929120000,train_dev,166,2,2023-09-29 12:00:00,38,charge,93.0,95.17259333030287,92.67278080875828,84.08227
166_2_4931_20230929132800,train_dev,166,2,2023-09-29 13:28:00,39,flight,93.0,95.10679631609268,92.25714594554267,77.85663
166_2_4932_20230929140000,train_dev,166,2,2023-09-29 14:00:00,39,charge,93.0,95.07039731895568,92.25714594554267,83.66743
166_2_4936_20230930205400,train_dev,166,2,2023-09-30 20:54:00,40,flight,93.0,94.98695213492738,92.02553775340816,83.954445
166_2_4937_20230930213000,train_dev,166,2,2023-09-30 21:30:00,40,charge,92.0,94.94425362685212,92.02553775340816,77.5901
166_2_4938_20230930222400,train_dev,166,2,2023-09-30 22:24:00,41,flight,92.0,94.8405341615549,91.86470280224938,83.88658
166_2_4939_20230930233000,train_dev,166,2,2023-09-30 23:30:00,41,charge,92.0,94.78903331323107,91.86470280224938,77.334816
166_2_4940_20231001205000,train_dev,166,2,2023-10-01 20:50:00,42,flight,92.0,94.68783953245917,91.67644239023834,80.12783
166_2_4941_20231001214000,train_dev,166,2,2023-10-01 21:40:00,42,charge,92.0,94.63363087912144,91.67644239023834,82.07192
166_2_4942_20231001214000,train_dev,166,2,2023-10-01 21:40:00,42,charge,92.0,94.58156538071783,91.67644239023834,77.0792
166_2_4975_20231010112900,train_dev,166,2,2023-10-10 11:29:00,43,flight,92.0,94.51502317551076,91.7841236021578,75.73226
166_2_4973_20231010151400,train_dev,166,2,2023-10-10 15:14:00,43,other,87.0,94.2312872133856,91.7841236021578,84.05138
166_2_4972_20231010173700,train_dev,166,2,2023-10-10 17:37:00,43,charge,87.0,94.11244106497054,91.7841236021578,81.46013
166_2_4974_20231010175400,train_dev,166,2,2023-10-10 17:54:00,43,charge,92.0,94.09514450889311,91.7841236021578,82.53711
166_2_4976_20231011112700,train_dev,166,2,2023-10-11 11:27:00,44,flight,87.0,93.9211085137446,91.83926299992876,83.907265
166_2_4977_20231011123000,train_dev,166,2,2023-10-11 12:30:00,44,charge,89.0,93.87335252645347,91.83926299992876,77.69861
166_2_4981_20231011175000,train_dev,166,2,2023-10-11 17:50:00,45,flight,89.0,93.7438258417628,91.9568776825121,84.08683
166_2_4982_20231011183000,train_dev,166,2,2023-10-11 18:30:00,45,charge,88.0,93.67566852712451,91.9568776825121,81.969864
166_2_4983_20231011194300,train_dev,166,2,2023-10-11 19:43:00,46,flight,88.0,93.52438088370585,92.0189000165719,78.101494
166_2_4984_20231011201000,train_dev,166,2,2023-10-11 20:10:00,46,charge,87.0,93.45401140489474,92.0189000165719,77.970245
166_2_4978_20231011214700,train_dev,166,2,2023-10-11 21:47:00,47,flight,87.0,93.26555122968853,92.0577874670776,82.98469
166_2_4979_20231011224500,train_dev,166,2,2023-10-11 22:45:00,47,charge,87.0,93.16952824525129,92.0577874670776,84.16771
166_2_4985_20231012121600,train_dev,166,2,2023-10-12 12:16:00,47,other,87.0,93.00809405915908,92.0577874670776,77.69835
166_2_4986_20231012143000,train_dev,166,2,2023-10-12 14:30:00,47,charge,87.0,92.82191021339928,92.0577874670776,76.16919
166_2_4987_20231012150600,train_dev,166,2,2023-10-12 15:06:00,48,flight,87.0,92.67278080875828,92.09003502900543,84.08714
166_2_4988_20231012154500,train_dev,166,2,2023-10-12 15:45:00,48,charge,87.0,92.5130694804824,92.09003502900543,77.28596
166_2_4989_20231012160000,train_dev,166,2,2023-10-12 16:00:00,48,charge,87.0,92.40766952516157,92.09003502900543,81.80184
166_2_4990_20231012164300,train_dev,166,2,2023-10-12 16:43:00,49,flight,87.0,92.25714594554267,92.15520334597925,83.23546
166_2_4991_20231012172300,train_dev,166,2,2023-10-12 17:23:00,49,charge,87.0,92.15819026402556,92.15520334597925,80.652756
166_2_4992_20231012183900,train_dev,166,2,2023-10-12 18:39:00,50,flight,87.0,92.02553775340816,92.09288836554867,82.0596
166_2_4993_20231012192400,train_dev,166,2,2023-10-12 19:24:00,50,charge,87.0,91.9636627644141,92.09288836554867,76.94039
166_2_4994_20231014114500,train_dev,166,2,2023-10-14 11:45:00,51,flight,87.0,91.86470280224938,91.9925741922619,75.26087
166_2_4995_20231014183000,train_dev,166,2,2023-10-14 18:30:00,51,charge,86.0,91.80348923743776,91.9925741922619,77.17942
166_2_4999_20231016130000,train_dev,166,2,2023-10-16 13:00:00,52,flight,86.0,91.67644239023834,91.68286336858418,75.262115
166_2_5000_20231016142500,train_dev,166,2,2023-10-16 14:25:00,52,charge,86.0,91.62190651537868,91.68286336858418,81.341835
166_2_5001_20231016152900,train_dev,166,2,2023-10-16 15:29:00,52,other,88.0,91.40637448193968,91.68286336858418,77.1922
166_2_5002_20231016154600,train_dev,166,2,2023-10-16 15:46:00,52,other,88.0,91.32680819309508,91.68286336858418,84.031395
166_2_5003_20231016160000,train_dev,166,2,2023-10-16 16:00:00,52,charge,88.0,91.3052805086012,91.68286336858418,77.06735
166_2_5004_20231016163000,train_dev,166,2,2023-10-16 16:30:00,52,charge,94.0,91.4129572656139,91.68286336858418,79.509
166_2_5005_20231016173000,train_dev,166,2,2023-10-16 17:30:00,52,other,94.0,91.48199303433726,91.68286336858418,82.677216
166_2_5006_20231016175300,train_dev,166,2,2023-10-16 17:53:00,52,other,94.0,91.52459067070276,91.68286336858418,77.24162
166_2_5007_20231016193000,train_dev,166,2,2023-10-16 19:30:00,52,charge,94.0,91.54768177473916,91.68286336858418,76.71858
166_2_5012_20231017105000,train_dev,166,2,2023-10-17 10:50:00,52,charge,96.0,91.67414398895065,91.68286336858418,83.51681
166_2_5013_20231017113000,train_dev,166,2,2023-10-17 11:30:00,53,flight,96.0,91.7841236021578,91.37177181107066,80.84035
166_2_5023_20231017143000,train_dev,166,2,2023-10-17 14:30:00,54,flight,96.0,91.83926299992876,91.31936444718905,77.4062
166_2_5024_20231017164000,train_dev,166,2,2023-10-17 16:40:00,54,charge,95.0,91.90508384878432,91.31936444718905,81.83865
166_2_5025_20231017164000,train_dev,166,2,2023-10-17 16:40:00,55,flight,96.0,91.9568776825121,91.30875963022493,74.71303
166_2_5019_20231018114700,train_dev,166,2,2023-10-18 11:47:00,56,flight,96.0,92.0189000165719,91.30081170696756,80.54129
166_2_5020_20231018124500,train_dev,166,2,2023-10-18 12:45:00,56,charge,96.0,92.03828088865772,91.30081170696756,80.34528
166_2_5021_20231018140300,train_dev,166,2,2023-10-18 14:03:00,57,flight,93.0,92.0577874670776,91.2894989475836,83.963394
166_2_5022_20231018150000,train_dev,166,2,2023-10-18 15:00:00,57,charge,93.0,92.06934251444036,91.2894989475836,76.82923
166_2_5034_20231018194800,train_dev,166,2,2023-10-18 19:48:00,58,flight,93.0,92.09003502900543,91.3141050751956,80.00047
166_2_5035_20231018220000,train_dev,166,2,2023-10-18 22:00:00,58,charge,93.0,92.10114642289206,91.3141050751956,80.28718
166_2_5095_20231019130000,train_dev,166,2,2023-10-19 13:00:00,58,charge,94.0,92.12544927131115,91.3141050751956,77.00366
166_2_5096_20231019135300,train_dev,166,2,2023-10-19 13:53:00,59,flight,94.0,92.15520334597925,91.47649189002168,81.61357
166_2_5097_20231019150000,train_dev,166,2,2023-10-19 15:00:00,59,charge,94.0,92.16987861640774,91.47649189002168,76.50914
166_2_5191_20231019170000,train_dev,166,2,2023-10-19 17:00:00,59,charge,93.0,92.1799180196598,91.47649189002168,79.45289
166_2_5189_20231023115500,train_dev,166,2,2023-10-23 11:55:00,59,other,93.0,92.19546538713004,91.47649189002168,84.110016
166_2_5190_20231023160000,train_dev,166,2,2023-10-23 16:00:00,60,flight,83.0,92.09288836554867,90.9941961430979,80.34375
166_2_5192_20231023160000,train_dev,166,2,2023-10-23 16:00:00,61,flight,83.0,91.9925741922619,90.8659217998898,77.32486
166_2_5193_20231023162700,train_dev,166,2,2023-10-23 16:27:00,61,charge,83.0,91.86651077832076,90.8659217998898,80.469765
166_2_5036_20231023170000,train_dev,166,2,2023-10-23 17:00:00,61,charge,93.0,91.89432220020942,90.8659217998898,79.757744
166_2_5194_20231023200000,train_dev,166,2,2023-10-23 20:00:00,62,flight,83.0,91.68286336858418,90.63807808403968,80.586174
166_2_5195_20231023204000,train_dev,166,2,2023-10-23 20:40:00,62,charge,83.0,91.5425147224475,90.63807808403968,77.32461
166_2_5030_20231023214500,train_dev,166,2,2023-10-23 21:45:00,62,charge,85.0,91.49947854679895,90.63807808403968,78.797
166_2_5037_20231024114500,train_dev,166,2,2023-10-24 11:45:00,63,flight,85.0,91.37177181107066,89.47602289882236,77.25034
166_2_5038_20231024125900,train_dev,166,2,2023-10-24 12:59:00,63,charge,89.0,91.3588996226742,89.47602289882236,76.53038
166_2_5039_20231024141200,train_dev,166,2,2023-10-24 14:12:00,64,flight,89.0,91.31936444718905,85.43813758437706,83.873825
166_2_5040_20231024151500,train_dev,166,2,2023-10-24 15:15:00,64,charge,91.0,91.31713890644971,85.43813758437706,81.3908
166_2_5071_20231026202100,train_dev,166,2,2023-10-26 20:21:00,65,flight,91.0,91.30875963022493,85.27185639385016,82.78131
166_2_5072_20231026202100,train_dev,166,2,2023-10-26 20:21:00,66,flight,91.0,91.30081170696756,74.25149781345812,80.243195
166_2_5073_20231026205100,train_dev,166,2,2023-10-26 20:51:00,66,charge,91.0,91.29611597622804,74.25149781345812,83.20355
166_2_5074_20231026214300,train_dev,166,2,2023-10-26 21:43:00,67,flight,91.0,91.2894989475836,73.9934982286505,82.859276
166_2_5075_20231026223000,train_dev,166,2,2023-10-26 22:30:00,67,charge,91.0,91.28561103415404,73.9934982286505,81.71875
166_2_5063_20231027104500,train_dev,166,2,2023-10-27 10:45:00,67,charge,92.0,91.30259636428995,73.9934982286505,83.74635
166_2_5064_20231027120500,train_dev,166,2,2023-10-27 12:05:00,68,flight,92.0,91.3141050751956,73.79560465975918,84.07741
166_2_5065_20231027125800,train_dev,166,2,2023-10-27 12:58:00,68,charge,92.0,91.32554462670562,73.79560465975918,76.00935
166_2_5067_20231030132000,train_dev,166,2,2023-10-30 13:20:00,68,other,92.0,91.39064607159388,73.79560465975918,84.10817
166_2_5070_20231030134500,train_dev,166,2,2023-10-30 13:45:00,68,charge,92.0,91.40053686426504,73.79560465975918,83.79461
166_2_5068_20231030143000,train_dev,166,2,2023-10-30 14:30:00,68,other,92.0,91.41725725345164,73.79560465975918,81.14156
166_2_5069_20231030154900,train_dev,166,2,2023-10-30 15:49:00,68,other,92.0,91.43578958102025,73.79560465975918,77.59132
166_2_5109_20231031132200,train_dev,166,2,2023-10-31 13:22:00,69,flight,92.0,91.47649189002168,72.95130189127977,82.696175
166_2_5110_20231031152500,train_dev,166,2,2023-10-31 15:25:00,69,other,92.0,91.5073620101058,72.95130189127977,83.129456
166_2_5111_20231101095100,train_dev,166,2,2023-11-01 09:51:00,69,charge,92.0,91.52128556960751,72.95130189127977,83.6546
166_2_5112_20231101144800,train_dev,166,2,2023-11-01 14:48:00,69,other,92.0,91.52882914180668,72.95130189127977,76.976906
166_2_5113_20231101154800,train_dev,166,2,2023-11-01 15:48:00,69,charge,92.0,91.53795749316936,72.95130189127977,84.096725
166_2_5114_20231101200000,train_dev,166,2,2023-11-01 20:00:00,69,charge,92.0,91.55996153063327,72.95130189127977,80.67784
166_2_5115_20231102200600,train_dev,166,2,2023-11-02 20:06:00,69,charge,82.0,91.23928067517048,72.95130189127977,81.3545
166_2_5118_20231104174500,train_dev,166,2,2023-11-04 17:45:00,69,charge,82.0,91.15236526645032,72.95130189127977,77.30922
166_2_5116_20231104180000,train_dev,166,2,2023-11-04 18:00:00,70,flight,82.0,90.9941961430979,72.99519679920677,83.80336
166_2_5117_20231104205000,train_dev,166,2,2023-11-04 20:50:00,71,flight,82.0,90.8659217998898,72.99544394014099,81.90917
166_2_5119_20231104225000,train_dev,166,2,2023-11-04 22:50:00,71,charge,82.0,90.75802394823404,72.99544394014099,79.90973
166_2_5127_20231106125500,train_dev,166,2,2023-11-06 12:55:00,72,flight,83.0,90.63807808403968,72.95670523719589,83.89359
166_2_5108_20231106160000,train_dev,166,2,2023-11-06 16:00:00,72,charge,84.0,90.58576737155184,72.95670523719589,77.40178
166_2_5188_20231114180000,train_dev,166,2,2023-11-14 18:00:00,72,other,84.0,89.64164078758968,72.95670523719589,77.285866
166_2_5205_20231116190800,train_dev,166,2,2023-11-16 19:08:00,73,flight,84.0,89.47602289882236,73.00015612946731,77.345856
166_2_5204_20231116211600,train_dev,166,2,2023-11-16 21:16:00,73,charge,84.0,89.40055345944924,73.00015612946731,83.33041
166_2_5207_20231120143500,train_dev,166,2,2023-11-20 14:35:00,73,other,80.0,89.1596428529112,73.00015612946731,75.64988
166_2_5206_20231120150500,train_dev,166,2,2023-11-20 15:05:00,73,charge,80.0,89.09459168641641,73.00015612946731,77.82847
166_2_5208_20231120175600,train_dev,166,2,2023-11-20 17:56:00,73,other,74.0,88.76636864299871,73.00015612946731,78.01728
166_2_5209_20231120202500,train_dev,166,2,2023-11-20 20:25:00,73,charge,74.0,88.55206162033788,73.00015612946731,82.84572
166_2_5285_20231130160700,train_dev,166,2,2023-11-30 16:07:00,73,other,74.0,88.11738821756173,73.00015612946731,76.730545
166_2_5286_20231130170000,train_dev,166,2,2023-11-30 17:00:00,73,charge,74.0,87.75415228325488,73.00015612946731,84.08904
166_2_5295_20231207174900,train_dev,166,2,2023-12-07 17:49:00,73,other,74.0,87.32959055222881,73.00015612946731,76.35744
166_2_5296_20231207182500,train_dev,166,2,2023-12-07 18:25:00,73,charge,74.0,87.13215009208191,73.00015612946731,80.942444
166_2_5358_20231207192600,train_dev,166,2,2023-12-07 19:26:00,73,other,76.0,86.55119413597004,73.00015612946731,84.15681
166_2_5298_20231208164400,train_dev,166,2,2023-12-08 16:44:00,73,other,82.0,86.42013717087046,73.00015612946731,83.17964
166_2_5299_20231208174000,train_dev,166,2,2023-12-08 17:40:00,73,charge,81.0,86.34052540920233,73.00015612946731,82.74978
166_2_5300_20231208200000,train_dev,166,2,2023-12-08 20:00:00,73,other,81.0,86.1963437098182,73.00015612946731,76.56761
166_2_5301_20231208204500,train_dev,166,2,2023-12-08 20:45:00,73,charge,83.0,86.16234221977732,73.00015612946731,74.68918
166_2_5359_20231208204500,train_dev,166,2,2023-12-08 20:45:00,73,charge,76.0,86.0750193290188,73.00015612946731,83.79882
166_2_5361_20231214100500,train_dev,166,2,2023-12-14 10:05:00,73,charge,80.0,85.97855633230776,73.00015612946731,83.963684
166_2_5369_20231214162000,train_dev,166,2,2023-12-14 16:20:00,73,other,83.0,85.89321887047434,73.00015612946731,77.27866
166_2_5370_20231214170000,train_dev,166,2,2023-12-14 17:00:00,73,charge,83.0,85.86906210862787,73.00015612946731,82.34435
166_2_5371_20231214183300,train_dev,166,2,2023-12-14 18:33:00,73,other,79.0,85.67794428661527,73.00015612946731,79.940765
166_2_5372_20231214191000,train_dev,166,2,2023-12-14 19:10:00,73,charge,79.0,85.582443621576,73.00015612946731,81.74729
166_2_5360_20231214212400,train_dev,166,2,2023-12-14 21:24:00,73,other,80.0,85.41649806321722,73.00015612946731,83.790245
166_2_5363_20231215170500,train_dev,166,2,2023-12-15 17:05:00,73,charge,86.0,85.421406324172,73.00015612946731,82.3617
166_2_5362_20231215190400,train_dev,166,2,2023-12-15 19:04:00,74,flight,86.0,85.43813758437706,73.05274087089416,81.793846
166_2_5365_20231216190000,train_dev,166,2,2023-12-16 19:00:00,74,other,84.0,85.35883256127971,73.05274087089416,77.13849
166_2_5366_20231216192000,train_dev,166,2,2023-12-16 19:20:00,74,charge,84.0,85.317641985432,73.05274087089416,83.97066
166_2_5367_20231216201200,train_dev,166,2,2023-12-16 20:12:00,75,flight,84.0,85.27185639385016,73.21182533231115,81.37258
166_2_5368_20231216211500,train_dev,166,2,2023-12-16 21:15:00,75,charge,90.0,85.31155978237874,73.21182533231115,80.80612
166_2_5364_20231217042500,train_dev,166,2,2023-12-17 04:25:00,75,charge,86.0,85.33891967810253,73.21182533231115,77.99378
166_2_5379_20231219183000,train_dev,166,2,2023-12-19 18:30:00,75,other,90.0,85.44795360269052,73.21182533231115,80.225914
166_2_5380_20231219190000,train_dev,166,2,2023-12-19 19:00:00,75,charge,90.0,85.63654330673901,73.21182533231115,84.078514
166_2_5382_20231219193500,train_dev,166,2,2023-12-19 19:35:00,75,charge,90.0,86.04147694551332,73.21182533231115,80.8561
166_2_5381_20231219193700,train_dev,166,2,2023-12-19 19:37:00,75,other,90.0,86.23082311163144,73.21182533231115,76.44373
166_2_5383_20231220171500,train_dev,166,2,2023-12-20 17:15:00,75,charge,88.0,86.29132298099286,73.21182533231115,83.93459
166_2_5384_20231220181500,train_dev,166,2,2023-12-20 18:15:00,75,other,88.0,86.32391174817045,73.21182533231115,81.0592
166_2_5385_20231220190000,train_dev,166,2,2023-12-20 19:00:00,75,charge,88.0,86.33442083183637,73.21182533231115,76.73576
166_2_5386_20231220202800,train_dev,166,2,2023-12-20 20:28:00,75,other,85.0,86.30884405577947,73.21182533231115,76.53452
166_2_5387_20231220215000,train_dev,166,2,2023-12-20 21:50:00,75,charge,85.0,86.25864018094299,73.21182533231115,82.486664
166_2_5388_20231221001500,train_dev,166,2,2023-12-21 00:15:00,75,charge,85.0,86.1173088658661,73.21182533231115,81.87714
166_2_5389_20231221011500,train_dev,166,2,2023-12-21 01:15:00,75,other,85.0,86.07004752318281,73.21182533231115,77.85215
166_2_5390_20231221013000,train_dev,166,2,2023-12-21 01:30:00,75,charge,85.0,86.00091464224307,73.21182533231115,83.292534
166_2_5434_20240122192500,train_dev,166,2,2024-01-22 19:25:00,75,charge,77.0,85.84384038622261,73.21182533231115,82.2014
166_2_5425_20240123034500,train_dev,166,2,2024-01-23 03:45:00,75,charge,77.0,85.69111135465822,73.21182533231115,76.673744
166_2_5768_20240405113200,train_dev,166,2,2024-04-05 11:32:00,75,other,67.0,83.65812621846827,73.21182533231115,78.003555
166_2_5769_20240405124000,train_dev,166,2,2024-04-05 12:40:00,75,charge,67.0,82.49674972740326,73.21182533231115,84.16206
166_2_5770_20240405131500,train_dev,166,2,2024-04-05 13:15:00,75,charge,67.0,80.49768917739854,73.21182533231115,81.384186
166_2_5771_20240405142600,train_dev,166,2,2024-04-05 14:26:00,75,other,67.0,77.9819319610673,73.21182533231115,83.07538
166_2_5772_20240405165200,train_dev,166,2,2024-04-05 16:52:00,75,other,67.0,76.21768406243932,73.21182533231115,80.01232
166_2_5773_20240405170000,train_dev,166,2,2024-04-05 17:00:00,75,charge,67.0,75.46606386837324,73.21182533231115,77.07468
166_2_5774_20240405170500,train_dev,166,2,2024-04-05 17:05:00,75,charge,66.0,74.79309180620794,73.21182533231115,80.32879
166_2_5775_20240406110500,train_dev,166,2,2024-04-06 11:05:00,75,charge,66.0,74.48461807772387,73.21182533231115,81.582146
166_2_5776_20240407135800,train_dev,166,2,2024-04-07 13:58:00,76,flight,66.0,74.25149781345812,73.57525580726838,76.63692
166_2_5777_20240407145500,train_dev,166,2,2024-04-07 14:55:00,76,charge,66.0,74.18465453142596,73.57525580726838,79.867805
166_2_5778_20240407145500,train_dev,166,2,2024-04-07 14:55:00,77,flight,66.0,73.9934982286505,73.60325000181348,76.70868
166_2_5779_20240407162400,train_dev,166,2,2024-04-07 16:24:00,77,charge,66.0,73.84388434194639,73.60325000181348,79.621216
166_2_5784_20240408161400,train_dev,166,2,2024-04-08 16:14:00,78,flight,72.0,73.79560465975918,73.5857667518949,80.22213
166_2_5783_20240408170500,train_dev,166,2,2024-04-08 17:05:00,78,charge,73.0,73.7864690909064,73.5857667518949,75.7593
166_2_5787_20240409114100,train_dev,166,2,2024-04-09 11:41:00,78,other,73.0,73.76544986252925,73.5857667518949,80.592834
166_2_5788_20240409124000,train_dev,166,2,2024-04-09 12:40:00,78,charge,73.0,73.75994352280495,73.5857667518949,76.48564
166_2_5789_20240409143000,train_dev,166,2,2024-04-09 14:30:00,78,other,66.0,73.55203866520831,73.5857667518949,77.09633
166_2_5790_20240409151500,train_dev,166,2,2024-04-09 15:15:00,78,charge,66.0,73.33393563262145,73.5857667518949,76.60778
166_2_5792_20240410111000,train_dev,166,2,2024-04-10 11:10:00,78,charge,68.0,73.2620431507693,73.5857667518949,84.11392
166_2_5793_20240410123700,train_dev,166,2,2024-04-10 12:37:00,78,other,68.0,73.09010469439136,73.5857667518949,76.07686
166_2_5794_20240410132000,train_dev,166,2,2024-04-10 13:20:00,78,charge,70.0,73.06309325380758,73.5857667518949,81.32708
166_2_5795_20240410143400,train_dev,166,2,2024-04-10 14:34:00,79,flight,70.0,72.95130189127977,73.56557870861198,76.76022
166_2_5796_20240410153000,train_dev,166,2,2024-04-10 15:30:00,79,charge,74.0,72.95930399602764,73.56557870861198,76.59444
166_2_5797_20240410212000,train_dev,166,2,2024-04-10 21:20:00,80,flight,74.0,72.99519679920677,73.61362757304887,80.14844
166_2_5813_20240415215000,train_dev,166,2,2024-04-15 21:50:00,80,charge,73.0,72.99529597208608,73.61362757304887,77.142044
166_2_5814_20240415232600,train_dev,166,2,2024-04-15 23:26:00,81,flight,73.0,72.99544394014099,73.65396357293585,76.59771
166_2_5818_20240416131500,train_dev,166,2,2024-04-16 13:15:00,81,charge,72.0,72.98310329791357,73.65396357293585,82.784164
166_2_5819_20240416152000,train_dev,166,2,2024-04-16 15:20:00,82,flight,72.0,72.95670523719589,75.96909097881546,83.927055
166_2_5820_20240416152000,train_dev,166,2,2024-04-16 15:20:00,82,charge,74.0,72.96717754934573,75.96909097881546,80.04606
166_2_5821_20240416172500,train_dev,166,2,2024-04-16 17:25:00,83,flight,74.0,73.00015612946731,76.56328356870463,83.15887
166_2_5822_20240416182300,train_dev,166,2,2024-04-16 18:23:00,83,charge,74.0,73.02216580376266,76.56328356870463,82.0594
166_2_5823_20240416201600,train_dev,166,2,2024-04-16 20:16:00,84,flight,74.0,73.05274087089416,77.32051759937997,84.11696
166_2_5829_20240416205500,train_dev,166,2,2024-04-16 20:55:00,84,charge,77.0,73.0862556366796,77.32051759937997,83.53937
166_2_5830_20240416220600,train_dev,166,2,2024-04-16 22:06:00,85,flight,77.0,73.21182533231115,78.92658816315313,77.817764
166_2_5836_20240420121000,train_dev,166,2,2024-04-20 12:10:00,85,charge,77.0,73.30794483107766,78.92658816315313,75.51086
166_2_5837_20240420201400,train_dev,166,2,2024-04-20 20:14:00,86,flight,78.0,73.57525580726838,79.54993592313633,80.81826
166_2_5838_20240420204000,train_dev,166,2,2024-04-20 20:40:00,86,charge,81.0,73.62873761429834,79.54993592313633,77.83635
166_2_5842_20240421112900,train_dev,166,2,2024-04-21 11:29:00,86,other,81.0,73.80031254883453,79.54993592313633,81.279015
166_2_5843_20240421121500,train_dev,166,2,2024-04-21 12:15:00,86,charge,75.0,73.80814098785123,79.54993592313633,82.985146
166_2_5844_20240421132900,train_dev,166,2,2024-04-21 13:29:00,86,other,75.0,73.83530062617808,79.54993592313633,83.27211
166_2_5845_20240421142000,train_dev,166,2,2024-04-21 14:20:00,86,charge,75.0,73.85381653597533,79.54993592313633,80.36735
166_2_5848_20240422101000,train_dev,166,2,2024-04-22 10:10:00,86,charge,74.0,73.8574308771928,79.54993592313633,76.58656
166_2_5849_20240422104700,train_dev,166,2,2024-04-22 10:47:00,86,other,74.0,73.86084524420234,79.54993592313633,76.16064
166_2_5850_20240422112500,train_dev,166,2,2024-04-22 11:25:00,86,charge,72.0,73.84738923622415,79.54993592313633,80.85035
166_2_5851_20240422121400,train_dev,166,2,2024-04-22 12:14:00,86,other,72.0,73.80164496492526,79.54993592313633,84.01492
166_2_5852_20240422121500,train_dev,166,2,2024-04-22 12:15:00,86,charge,72.0,73.77674754499544,79.54993592313633,77.47011
166_2_5853_20240422185500,train_dev,166,2,2024-04-22 18:55:00,86,other,72.0,73.73346686122089,79.54993592313633,81.59184
166_2_5861_20240424150000,train_dev,166,2,2024-04-24 15:00:00,86,charge,72.0,73.69583030613738,79.54993592313633,76.475945
166_2_5862_20240424161500,train_dev,166,2,2024-04-24 16:15:00,86,other,72.0,73.66112381547904,79.54993592313633,80.73994
166_2_5863_20240424165500,train_dev,166,2,2024-04-24 16:55:00,86,charge,72.0,73.63416249708753,79.54993592313633,83.8413
166_2_5868_20240424181700,train_dev,166,2,2024-04-24 18:17:00,87,flight,72.0,73.60325000181348,79.8928400219319,76.67952
166_2_5869_20240424190000,train_dev,166,2,2024-04-24 19:00:00,87,charge,73.0,73.59733428513925,79.8928400219319,79.8511
166_2_5870_20240424195000,train_dev,166,2,2024-04-24 19:50:00,88,flight,73.0,73.5857667518949,80.13755169137065,84.01179
166_2_5871_20240424203000,train_dev,166,2,2024-04-24 20:30:00,88,charge,73.0,73.57650155021042,80.13755169137065,76.558464
166_2_5874_20240424221700,train_dev,166,2,2024-04-24 22:17:00,89,flight,73.0,73.56557870861198,80.55426977562226,80.302925
166_2_5875_20240424231000,train_dev,166,2,2024-04-24 23:10:00,89,charge,73.0,73.55269946191297,80.55426977562226,76.494156
166_2_5876_20240425105000,train_dev,166,2,2024-04-25 10:50:00,89,charge,74.0,73.56338984325168,80.55426977562226,76.50071
166_2_5877_20240425113000,train_dev,166,2,2024-04-25 11:30:00,89,other,74.0,73.5703801857099,80.55426977562226,83.96097
166_2_5878_20240425121000,train_dev,166,2,2024-04-25 12:10:00,89,charge,75.0,73.58370475070188,80.55426977562226,84.13377
166_2_5879_20240425141800,train_dev,166,2,2024-04-25 14:18:00,90,flight,75.0,73.61362757304887,80.81714745201214,84.1156
166_2_5880_20240425151500,train_dev,166,2,2024-04-25 15:15:00,90,charge,75.0,73.63006443735044,80.81714745201214,76.8314
166_2_5881_20240425184400,train_dev,166,2,2024-04-25 18:44:00,91,flight,75.0,73.65396357293585,81.49645176328174,76.76006
166_2_5882_20240425194500,train_dev,166,2,2024-04-25 19:45:00,91,charge,75.0,73.70544311653363,81.49645176328174,83.896774
166_2_5890_20240429221000,train_dev,166,2,2024-04-29 22:10:00,91,charge,75.0,73.72999026776164,81.49645176328174,83.57806
166_2_5891_20240429224500,train_dev,166,2,2024-04-29 22:45:00,91,other,75.0,73.75479148381973,81.49645176328174,83.94484
166_2_5899_20240501170000,train_dev,166,2,2024-05-01 17:00:00,91,charge,100.0,74.4125725123434,81.49645176328174,79.89275
166_2_5900_20240501192100,train_dev,166,2,2024-05-01 19:21:00,91,other,100.0,74.95080815468674,81.49645176328174,76.13444
166_2_5914_20240502144500,train_dev,166,2,2024-05-02 14:45:00,91,charge,100.0,75.51712485714391,81.49645176328174,80.72742
166_2_5915_20240502153800,train_dev,166,2,2024-05-02 15:38:00,92,flight,100.0,75.96909097881546,81.59664046693749,77.65617
166_2_5917_20240502162000,train_dev,166,2,2024-05-02 16:20:00,92,charge,98.0,76.14172873754777,81.59664046693749,76.57321
166_2_5907_20240502171300,train_dev,166,2,2024-05-02 17:13:00,93,flight,98.0,76.56328356870463,81.67449132065649,81.340256
166_2_5908_20240502180000,train_dev,166,2,2024-05-02 18:00:00,93,charge,97.0,76.77399043018262,81.67449132065649,77.45077
166_2_5912_20240502191000,train_dev,166,2,2024-05-02 19:10:00,94,flight,97.0,77.32051759937997,81.76512221304162,76.911804
166_2_5913_20240502200500,train_dev,166,2,2024-05-02 20:05:00,94,charge,97.0,77.76462721155174,81.76512221304162,80.18057
166_2_5909_20240503091500,train_dev,166,2,2024-05-03 09:15:00,94,charge,95.0,78.27940605788444,81.76512221304162,81.93338
166_2_5916_20240504120000,train_dev,166,2,2024-05-04 12:00:00,94,charge,95.0,78.62260606265822,81.76512221304162,76.48128
166_2_5918_20240504125900,train_dev,166,2,2024-05-04 12:59:00,95,flight,95.0,78.92658816315313,81.75989324995469,84.14823
166_2_5919_20240504133500,train_dev,166,2,2024-05-04 13:35:00,95,charge,95.0,79.20867071589358,81.75989324995469,83.83889
166_2_5920_20240504141900,train_dev,166,2,2024-05-04 14:19:00,96,flight,95.0,79.54993592313633,81.69089858829683,82.07934
166_2_5922_20240504160900,train_dev,166,2,2024-05-04 16:09:00,97,flight,95.0,79.8928400219319,81.53260733596021,81.527
166_2_5923_20240504170500,train_dev,166,2,2024-05-04 17:05:00,97,charge,90.0,79.95107493634495,81.53260733596021,79.5683
166_2_5924_20240504181400,train_dev,166,2,2024-05-04 18:14:00,98,flight,90.0,80.13755169137065,81.42675812541401,81.341995
166_2_5925_20240504185500,train_dev,166,2,2024-05-04 18:55:00,98,charge,90.0,80.33027552090545,81.42675812541401,84.02808
166_2_5926_20240504195100,train_dev,166,2,2024-05-04 19:51:00,99,flight,90.0,80.55426977562226,81.33267253007212,77.31984
166_2_5927_20240504203000,train_dev,166,2,2024-05-04 20:30:00,99,charge,89.0,80.6349969542656,81.33267253007212,76.255745
166_2_5928_20240504212800,train_dev,166,2,2024-05-04 21:28:00,100,flight,89.0,80.81714745201214,80.97045419027191,77.20702
166_2_5976_20240504221000,train_dev,166,2,2024-05-04 22:10:00,100,charge,89.0,80.93075706913667,80.97045419027191,82.24953
166_2_5921_20240505025000,train_dev,166,2,2024-05-05 02:50:00,100,charge,95.0,81.17784356114255,80.97045419027191,77.68583
166_2_6001_20240507150000,train_dev,166,2,2024-05-07 15:00:00,100,charge,88.0,81.37226544367935,80.97045419027191,77.50943
166_2_6002_20240507162900,train_dev,166,2,2024-05-07 16:29:00,101,flight,88.0,81.49645176328174,80.84164405209577,77.429276
166_2_6003_20240507170000,train_dev,166,2,2024-05-07 17:00:00,101,charge,85.0,81.51691819957232,80.84164405209577,83.87179
166_2_5946_20240507185700,train_dev,166,2,2024-05-07 18:57:00,102,flight,85.0,81.59664046693749,80.763863203607,76.60105
166_2_5947_20240507191000,train_dev,166,2,2024-05-07 19:10:00,102,charge,84.0,81.63368201253382,80.763863203607,79.60175
166_2_5948_20240507204000,train_dev,166,2,2024-05-07 20:40:00,103,flight,84.0,81.67449132065649,80.61229345654871,76.51599
166_2_5949_20240507213300,train_dev,166,2,2024-05-07 21:33:00,103,charge,84.0,81.70845077594952,80.61229345654871,76.93894
166_2_5950_20240507231000,train_dev,166,2,2024-05-07 23:10:00,104,flight,84.0,81.76512221304162,80.47802479624941,81.77913
166_2_5951_20240508000000,train_dev,166,2,2024-05-08 00:00:00,104,charge,84.0,81.79622226335358,80.47802479624941,83.82561
166_2_5984_20240509191300,train_dev,166,2,2024-05-09 19:13:00,105,flight,80.0,81.75989324995469,80.30173618115765,79.64452
166_2_5986_20240509200000,train_dev,166,2,2024-05-09 20:00:00,105,charge,79.0,81.73580069191233,80.30173618115765,84.12775
166_2_5978_20240509205600,train_dev,166,2,2024-05-09 20:56:00,106,flight,79.0,81.69089858829683,80.18622084410994,75.68426
166_2_5982_20240509215000,train_dev,166,2,2024-05-09 21:50:00,106,charge,79.0,81.63486788150298,80.18622084410994,80.459335
166_2_5996_20240510111000,train_dev,166,2,2024-05-10 11:10:00,106,charge,79.0,81.57430869632451,80.18622084410994,82.77941
166_2_5997_20240510131000,train_dev,166,2,2024-05-10 13:10:00,107,flight,79.0,81.53260733596021,79.98176754154444,81.523186
166_2_5998_20240510154000,train_dev,166,2,2024-05-10 15:40:00,107,charge,79.0,81.47850335093504,79.98176754154444,76.8641
166_2_5999_20240510165300,train_dev,166,2,2024-05-10 16:53:00,108,flight,79.0,81.42675812541401,79.88082419742788,81.290146
166_2_6000_20240510174500,train_dev,166,2,2024-05-10 17:45:00,108,charge,78.0,81.39570135658205,79.88082419742788,81.22511
166_2_6004_20240510200600,train_dev,166,2,2024-05-10 20:06:00,109,flight,78.0,81.33267253007212,79.77603795397035,76.92565
166_2_6005_20240510224500,train_dev,166,2,2024-05-10 22:45:00,109,charge,78.0,81.29036923350638,79.77603795397035,77.28653
166_2_6045_20240512140000,train_dev,166,2,2024-05-12 14:00:00,109,charge,77.0,81.21093335481892,79.77603795397035,84.12996
166_2_6009_20240513134900,train_dev,166,2,2024-05-13 13:49:00,109,other,77.0,81.13150054769422,79.77603795397035,80.40808
166_2_6010_20240514101500,train_dev,166,2,2024-05-14 10:15:00,109,charge,77.0,81.0517295499941,79.77603795397035,84.02006
166_2_6011_20240514104800,train_dev,166,2,2024-05-14 10:48:00,110,flight,77.0,80.97045419027191,79.49213372553645,83.78864
166_2_6012_20240514114500,train_dev,166,2,2024-05-14 11:45:00,110,charge,76.0,80.92200653805867,79.49213372553645,84.06411
166_2_6023_20240514155100,train_dev,166,2,2024-05-14 15:51:00,111,flight,76.0,80.84164405209577,79.35707542756427,81.70609
166_2_6040_20240514155100,train_dev,166,2,2024-05-14 15:51:00,112,flight,76.0,80.763863203607,79.23841100112642,81.69645
166_2_6024_20240514163000,train_dev,166,2,2024-05-14 16:30:00,112,charge,76.0,80.69882076158771,79.23841100112642,77.3677
166_2_6025_20240514184800,train_dev,166,2,2024-05-14 18:48:00,113,flight,76.0,80.61229345654871,79.04675928657203,81.18766
166_2_6026_20240514192700,train_dev,166,2,2024-05-14 19:27:00,113,charge,75.0,80.55992139075606,79.04675928657203,76.762474
166_2_6027_20240514203400,train_dev,166,2,2024-05-14 20:34:00,114,flight,75.0,80.47802479624941,78.8878815618893,79.71764
166_2_6028_20240514212000,train_dev,166,2,2024-05-14 21:20:00,114,charge,74.0,80.42537774519701,78.8878815618893,84.10208
166_2_6029_20240514223600,train_dev,166,2,2024-05-14 22:36:00,115,flight,74.0,80.30173618115765,78.79432250048838,83.65563
166_2_6030_20240514231500,train_dev,166,2,2024-05-14 23:15:00,115,charge,75.0,80.25703842287153,78.79432250048838,76.46522
166_2_6031_20240515000900,train_dev,166,2,2024-05-15 00:09:00,116,flight,75.0,80.18622084410994,78.45860392629963,75.87857
166_2_6032_20240515005000,train_dev,166,2,2024-05-15 00:50:00,116,charge,75.0,80.102214045583,78.45860392629963,77.80286
166_2_6037_20240515104500,train_dev,166,2,2024-05-15 10:45:00,116,charge,76.0,80.03265519571899,78.45860392629963,80.347336
166_2_6038_20240515113000,train_dev,166,2,2024-05-15 11:30:00,117,flight,76.0,79.98176754154444,78.31502487283015,79.46457
166_2_6039_20240515115500,train_dev,166,2,2024-05-15 11:55:00,117,charge,75.0,79.94949650047693,78.31502487283015,83.32176
166_2_6042_20240515161800,train_dev,166,2,2024-05-15 16:18:00,118,flight,75.0,79.88082419742788,78.17989409004959,84.1588
166_2_6041_20240515180500,train_dev,166,2,2024-05-15 18:05:00,118,charge,75.0,79.82924359658942,78.17989409004959,77.87103
166_2_6043_20240515180600,train_dev,166,2,2024-05-15 18:06:00,119,flight,75.0,79.77603795397035,77.99342072174504,76.83735
166_2_6044_20240515185000,train_dev,166,2,2024-05-15 18:50:00,119,charge,75.0,79.62767501226074,77.99342072174504,83.522804
166_2_6046_20240516131000,train_dev,166,2,2024-05-16 13:10:00,119,charge,75.0,79.56618250649308,77.99342072174504,83.19382
166_2_6047_20240516135400,train_dev,166,2,2024-05-16 13:54:00,120,flight,75.0,79.49213372553645,77.92293424178234,81.152954
166_2_6048_20240516143500,train_dev,166,2,2024-05-16 14:35:00,120,charge,75.0,79.42133158787185,77.92293424178234,77.00804
166_2_6055_20240516160700,train_dev,166,2,2024-05-16 16:07:00,121,flight,75.0,79.35707542756427,77.78062828719725,80.87297
166_2_6056_20240516170000,train_dev,166,2,2024-05-16 17:00:00,121,charge,75.0,79.31026315560409,77.78062828719725,76.37644
166_2_6057_20240516175300,train_dev,166,2,2024-05-16 17:53:00,122,flight,75.0,79.23841100112642,77.70331353214694,83.244446
166_2_6058_20240516183800,train_dev,166,2,2024-05-16 18:38:00,122,charge,75.0,79.1717104677694,77.70331353214694,77.01215
166_2_6060_20240516221100,train_dev,166,2,2024-05-16 22:11:00,122,charge,75.0,79.10208082765088,77.70331353214694,83.24062
166_2_6061_20240516230200,train_dev,166,2,2024-05-16 23:02:00,123,flight,75.0,79.04675928657203,77.61109989909062,76.47641
166_2_6062_20240516235000,train_dev,166,2,2024-05-16 23:50:00,123,charge,75.0,78.99355706029891,77.61109989909062,84.14069
166_2_6079_20240517100000,train_dev,166,2,2024-05-17 10:00:00,123,charge,75.0,78.93647237567056,77.61109989909062,81.49928
166_2_6080_20240517102300,train_dev,166,2,2024-05-17 10:23:00,124,flight,75.0,78.8878815618893,77.55168206093872,76.33
166_2_6081_20240517105500,train_dev,166,2,2024-05-17 10:55:00,124,charge,74.0,78.85986318338033,77.55168206093872,78.53638
166_2_6082_20240517120600,train_dev,166,2,2024-05-17 12:06:00,125,flight,74.0,78.79432250048838,77.17618384608852,79.84711
166_2_6083_20240517124000,train_dev,166,2,2024-05-17 12:40:00,125,charge,74.0,78.63791675045401,77.17618384608852,77.65982
166_2_6084_20240517133000,train_dev,166,2,2024-05-17 13:30:00,125,charge,74.0,78.58894212980626,77.17618384608852,81.98417
166_2_6088_20240518200500,train_dev,166,2,2024-05-18 20:05:00,125,charge,74.0,78.52867404543993,77.17618384608852,77.36076
166_2_6089_20240518210900,train_dev,166,2,2024-05-18 21:09:00,126,flight,74.0,78.45860392629963,77.10733246030009,83.956474
166_2_6112_20240521093000,train_dev,166,2,2024-05-21 09:30:00,126,charge,74.0,78.37650538508909,77.10733246030009,76.755
166_2_6113_20240521101800,train_dev,166,2,2024-05-21 10:18:00,127,flight,74.0,78.31502487283015,76.97524942971961,84.1245
166_2_6114_20240521110000,train_dev,166,2,2024-05-21 11:00:00,127,charge,74.0,78.2419143636063,76.97524942971961,80.19756
166_2_6116_20240521125300,train_dev,166,2,2024-05-21 12:53:00,128,flight,74.0,78.17989409004959,76.92646492427833,77.552086
166_2_6117_20240521135000,train_dev,166,2,2024-05-21 13:50:00,128,charge,74.0,78.1268914730496,76.92646492427833,75.52428
166_2_6144_20240522090000,train_dev,166,2,2024-05-22 09:00:00,128,charge,74.0,78.05905151419881,76.92646492427833,75.41064
166_2_6145_20240522093700,train_dev,166,2,2024-05-22 09:37:00,129,flight,74.0,77.99342072174504,76.9085486476165,75.52337
166_2_6146_20240522101900,train_dev,166,2,2024-05-22 10:19:00,129,charge,75.0,77.96821394105012,76.9085486476165,75.76991
166_2_6157_20240522114200,train_dev,166,2,2024-05-22 11:42:00,130,flight,75.0,77.92293424178234,76.88789042508108,75.97566
166_2_6158_20240522122000,train_dev,166,2,2024-05-22 12:20:00,130,charge,74.0,77.88937629408227,76.88789042508108,76.08039
166_2_6163_20240523093000,train_dev,166,2,2024-05-23 09:30:00,130,charge,74.0,77.8369836193391,76.88789042508108,76.07773
166_2_6164_20240523101000,train_dev,166,2,2024-05-23 10:10:00,131,flight,74.0,77.78062828719725,76.8587659262141,76.03996
166_2_6165_20240523104500,train_dev,166,2,2024-05-23 10:45:00,131,charge,74.0,77.7427653118455,76.8587659262141,76.066666
166_2_6166_20240523114700,train_dev,166,2,2024-05-23 11:47:00,132,flight,74.0,77.70331353214694,76.75832504543422,76.37756
166_2_6167_20240523123500,train_dev,166,2,2024-05-23 12:35:00,132,charge,74.0,77.66400175589571,76.75832504543422,76.261986
166_2_6168_20240523133700,train_dev,166,2,2024-05-23 13:37:00,133,flight,74.0,77.61109989909062,76.69643006024997,76.171524
166_2_6169_20240523143500,train_dev,166,2,2024-05-23 14:35:00,133,charge,75.0,77.59007428628092,76.69643006024997,76.027
166_2_6172_20240523152900,train_dev,166,2,2024-05-23 15:29:00,134,flight,75.0,77.55168206093872,76.5681512473587,76.10662
166_2_6173_20240523163000,train_dev,166,2,2024-05-23 16:30:00,134,charge,75.0,77.51024499806203,76.5681512473587,75.8668
166_2_6174_20240523165500,train_dev,166,2,2024-05-23 16:55:00,134,charge,75.0,77.4240678649489,76.5681512473587,75.40112
166_2_6175_20240523172000,train_dev,166,2,2024-05-23 17:20:00,134,charge,75.0,77.30734168397396,76.5681512473587,74.8443
166_2_6176_20240523172000,train_dev,166,2,2024-05-23 17:20:00,134,charge,75.0,77.21410936063928,76.5681512473587,74.30093
166_2_6177_20240523175000,train_dev,166,2,2024-05-23 17:50:00,135,flight,75.0,77.17618384608852,76.44031154546352,74.08081
166_2_6178_20240523180000,train_dev,166,2,2024-05-23 18:00:00,135,charge,75.0,77.14355552381328,76.44031154546352,73.774124
166_2_6179_20240523183000,train_dev,166,2,2024-05-23 18:30:00,136,flight,75.0,77.10733246030009,76.38923169107491,74.01926
166_2_6180_20240523190000,train_dev,166,2,2024-05-23 19:00:00,136,charge,75.0,77.05493666847919,76.38923169107491,73.93308
166_2_6181_20240523193000,train_dev,166,2,2024-05-23 19:30:00,136,charge,75.0,77.02187096504943,76.38923169107491,73.881516
166_2_6185_20240524084500,train_dev,166,2,2024-05-24 08:45:00,136,charge,75.0,76.99666961649433,76.38923169107491,73.62278
166_2_6186_20240524091900,train_dev,166,2,2024-05-24 09:19:00,137,flight,75.0,76.97524942971961,76.32096513078992,73.80356
166_2_6187_20240524100000,train_dev,166,2,2024-05-24 10:00:00,137,charge,75.0,76.94828690376492,76.32096513078992,73.99704
166_2_6188_20240524103100,train_dev,166,2,2024-05-24 10:31:00,138,flight,75.0,76.92646492427833,76.2635494244526,74.088455
166_2_6190_20240524121100,train_dev,166,2,2024-05-24 12:11:00,139,flight,75.0,76.9085486476165,76.17802792321245,74.09587
166_2_6193_20240524135600,train_dev,166,2,2024-05-24 13:56:00,140,flight,75.0,76.88789042508108,76.07516339073356,74.20597
166_2_6249_20240524155500,train_dev,166,2,2024-05-24 15:55:00,141,flight,75.0,76.8587659262141,75.97165297473666,74.15432
166_2_6189_20240524161200,train_dev,166,2,2024-05-24 16:12:00,141,charge,75.0,76.84319382414007,75.97165297473666,74.3256
166_2_6192_20240524162100,train_dev,166,2,2024-05-24 16:21:00,141,charge,75.0,76.82792675396081,75.97165297473666,74.183914
166_2_6194_20240524162500,train_dev,166,2,2024-05-24 16:25:00,141,charge,75.0,76.81350301674492,75.97165297473666,74.09322
166_2_6250_20240524163500,train_dev,166,2,2024-05-24 16:35:00,141,charge,74.0,76.79500275957439,75.97165297473666,73.91784
166_2_6251_20240524175100,train_dev,166,2,2024-05-24 17:51:00,142,flight,74.0,76.75832504543422,75.84848214795666,74.05658
166_2_6252_20240524183500,train_dev,166,2,2024-05-24 18:35:00,142,charge,74.0,76.73192128556214,75.84848214795666,74.045815
166_2_6253_20240524193700,train_dev,166,2,2024-05-24 19:37:00,143,flight,74.0,76.69643006024997,75.7276281453343,74.383
166_2_6254_20240524203000,train_dev,166,2,2024-05-24 20:30:00,143,charge,74.0,76.66164978936959,75.7276281453343,74.295876
166_2_6191_20240525005000,train_dev,166,2,2024-05-25 00:50:00,143,charge,75.0,76.6484515941458,75.7276281453343,74.04076
166_2_6207_20240528203000,train_dev,166,2,2024-05-28 20:30:00,143,charge,74.0,76.5987524175465,75.7276281453343,73.728905
166_2_6208_20240528211800,train_dev,166,2,2024-05-28 21:18:00,144,flight,74.0,76.5681512473587,75.67794027412577,73.776855
166_2_6209_20240528214700,train_dev,166,2,2024-05-28 21:47:00,144,charge,74.0,76.496453599657,75.67794027412577,73.59172
166_2_6214_20240529120500,train_dev,166,2,2024-05-29 12:05:00,144,charge,74.0,76.46949626904699,75.67794027412577,73.50958
166_2_6221_20240529124800,train_dev,166,2,2024-05-29 12:48:00,145,flight,74.0,76.44031154546352,75.64003758592017,73.8797
166_2_6222_20240529133000,train_dev,166,2,2024-05-29 13:30:00,145,charge,74.0,76.41780602107688,75.64003758592017,74.17429
166_2_6223_20240529142500,train_dev,166,2,2024-05-29 14:25:00,146,flight,74.0,76.38923169107491,75.56288153206987,74.53482
166_2_6224_20240529152000,train_dev,166,2,2024-05-29 15:20:00,146,charge,74.0,76.36726037952808,75.56288153206987,74.43987
166_2_6225_20240529154000,train_dev,166,2,2024-05-29 15:40:00,146,charge,75.0,76.33848625277224,75.56288153206987,74.20247
166_2_6226_20240529162100,train_dev,166,2,2024-05-29 16:21:00,147,flight,75.0,76.32096513078992,75.38119186390499,74.30822
166_2_6227_20240529170500,train_dev,166,2,2024-05-29 17:05:00,147,charge,73.0,76.30547137405192,75.38119186390499,74.44118
166_2_6217_20240529181400,train_dev,166,2,2024-05-29 18:14:00,148,flight,73.0,76.2635494244526,75.32014528802834,74.438446
166_2_6218_20240529190000,train_dev,166,2,2024-05-29 19:00:00,148,charge,73.0,76.21725067127102,75.32014528802834,74.191765
166_2_6229_20240529212600,train_dev,166,2,2024-05-29 21:26:00,149,flight,73.0,76.17802792321245,75.29718056007887,74.15584
166_2_6231_20240530112500,final_test,166,2,2024-05-30 11:25:00,149,charge,72.0,76.1178825295443,75.29718056007887,73.90013
166_2_6232_20240530120500,final_test,166,2,2024-05-30 12:05:00,150,flight,72.0,76.07516339073356,75.27500099590452,73.969795
166_2_6233_20240530125000,final_test,166,2,2024-05-30 12:50:00,150,charge,72.0,76.01892948394931,75.27500099590452,74.0652
166_2_6234_20240530140500,final_test,166,2,2024-05-30 14:05:00,151,flight,72.0,75.97165297473666,75.27084471111684,74.19695
166_2_6235_20240530144700,final_test,166,2,2024-05-30 14:47:00,151,charge,72.0,75.93989775094374,75.27084471111684,74.11711
166_2_6230_20240530220500,final_test,166,2,2024-05-30 22:05:00,151,charge,73.0,75.91367437390147,75.27084471111684,73.76083
166_2_6241_20240531154600,final_test,166,2,2024-05-31 15:46:00,152,flight,71.0,75.84848214795666,75.25124998034826,73.54584
166_2_6242_20240531170500,final_test,166,2,2024-05-31 17:05:00,152,charge,71.0,75.78950267290297,75.25124998034826,73.21055
166_2_6243_20240531171600,final_test,166,2,2024-05-31 17:16:00,153,flight,71.0,75.7276281453343,75.20221857445733,73.59262
166_2_6244_20240531180000,final_test,166,2,2024-05-31 18:00:00,153,charge,73.0,75.71197840508464,75.20221857445733,73.771034
166_2_6245_20240531190800,final_test,166,2,2024-05-31 19:08:00,154,flight,73.0,75.67794027412577,74.98806825716386,73.90502
166_2_6246_20240531200000,final_test,166,2,2024-05-31 20:00:00,154,charge,74.0,75.6648639861813,74.98806825716386,74.23124
166_2_6247_20240531211400,final_test,166,2,2024-05-31 21:14:00,155,flight,74.0,75.64003758592017,74.87601955187397,74.14287
166_2_6248_20240531220000,final_test,166,2,2024-05-31 22:00:00,155,charge,72.0,75.61547407720313,74.87601955187397,73.81418
166_2_6238_20240601154600,final_test,166,2,2024-06-01 15:46:00,156,flight,72.0,75.56288153206987,74.75218737875437,73.664894
166_2_6239_20240601164000,final_test,166,2,2024-06-01 16:40:00,156,charge,72.0,75.52474836790566,74.75218737875437,73.47624
166_2_6260_20240603064500,final_test,166,2,2024-06-03 06:45:00,156,charge,71.0,75.49737918252052,74.75218737875437,73.52149
166_2_6265_20240603095500,final_test,166,2,2024-06-03 09:55:00,156,charge,75.0,75.49286756317736,74.75218737875437,73.21969
166_2_6258_20240603170500,final_test,166,2,2024-06-03 17:05:00,156,charge,73.0,75.44291106278965,74.75218737875437,72.89192
166_2_6259_20240603175100,final_test,166,2,2024-06-03 17:51:00,157,flight,73.0,75.38119186390499,74.70837999296248,72.80192
166_2_6261_20240603192900,final_test,166,2,2024-06-03 19:29:00,158,flight,71.0,75.32014528802834,74.69699777561569,73.25456
166_2_6263_20240603212000,final_test,166,2,2024-06-03 21:20:00,159,flight,74.0,75.29718056007887,74.66930232001216,73.48048
166_2_6264_20240603212000,final_test,166,2,2024-06-03 21:20:00,160,flight,74.0,75.27500099590452,74.7439300023385,73.609505
166_2_6266_20240603224200,final_test,166,2,2024-06-03 22:42:00,161,flight,75.0,75.27084471111684,74.56140323969362,73.382355
166_2_6267_20240603231900,final_test,166,2,2024-06-03 23:19:00,161,charge,75.0,75.2632489777995,74.56140323969362,73.06694
166_2_6262_20240604082000,final_test,166,2,2024-06-04 08:20:00,161,charge,74.0,75.25741310153042,74.56140323969362,73.12021
166_2_6269_20240604121500,final_test,166,2,2024-06-04 12:15:00,161,charge,75.0,75.25417136529549,74.56140323969362,72.791756
166_2_6270_20240604131400,final_test,166,2,2024-06-04 13:14:00,162,flight,75.0,75.25124998034826,74.21606464593287,72.88007
166_2_6271_20240604135500,final_test,166,2,2024-06-04 13:55:00,162,charge,75.0,75.24725190176092,74.21606464593287,73.05442
166_2_6275_20240605083500,final_test,166,2,2024-06-05 08:35:00,162,charge,74.0,75.21824935958225,74.21606464593287,72.8496
166_2_6276_20240605090900,final_test,166,2,2024-06-05 09:09:00,163,flight,74.0,75.20221857445733,74.10894989494197,72.97451
166_2_6277_20240605124000,final_test,166,2,2024-06-05 12:40:00,163,charge,73.0,75.18704415141613,74.10894989494197,72.89184
166_2_6279_20240605163000,final_test,166,2,2024-06-05 16:30:00,163,charge,72.0,75.13791249829144,74.10894989494197,72.51787
166_2_6280_20240605170500,final_test,166,2,2024-06-05 17:05:00,163,charge,73.0,75.05546096115842,74.10894989494197,72.01989
166_2_6281_20240605171500,final_test,166,2,2024-06-05 17:15:00,163,charge,73.0,75.00945491463929,74.10894989494197,71.63864
166_2_6282_20240605174700,final_test,166,2,2024-06-05 17:47:00,164,flight,73.0,74.98806825716386,74.01316420998029,71.827705
166_2_6283_20240605182500,final_test,166,2,2024-06-05 18:25:00,164,charge,72.0,74.96113092295793,74.01316420998029,71.809425
166_2_6343_20240606143000,final_test,166,2,2024-06-06 14:30:00,164,charge,72.0,74.9199851611737,74.01316420998029,71.4556
166_2_6344_20240606152800,final_test,166,2,2024-06-06 15:28:00,165,flight,72.0,74.87601955187397,74.04222654881683,71.56818
166_2_6345_20240606163000,final_test,166,2,2024-06-06 16:30:00,165,charge,72.0,74.83346370561767,74.04222654881683,71.72791
166_2_6347_20240607083500,final_test,166,2,2024-06-07 08:35:00,165,charge,72.0,74.78066362584255,74.04222654881683,71.541626
166_2_6348_20240607100500,final_test,166,2,2024-06-07 10:05:00,165,charge,73.0,74.77036721252067,74.04222654881683,71.47035
166_2_6349_20240607105900,final_test,166,2,2024-06-07 10:59:00,166,flight,73.0,74.75218737875437,74.0914429202357,71.62733
166_2_6350_20240608083000,final_test,166,2,2024-06-08 08:30:00,166,other,73.0,74.72702806321149,74.0914429202357,71.329666
166_2_6351_20240608090700,final_test,166,2,2024-06-08 09:07:00,167,flight,73.0,74.70837999296248,73.68662157967414,71.62555
166_2_6352_20240608101000,final_test,166,2,2024-06-08 10:10:00,167,charge,74.0,74.70450848288127,73.68662157967414,71.71315
166_2_6353_20240608105400,final_test,166,2,2024-06-08 10:54:00,168,flight,74.0,74.69699777561569,71.63332898585678,71.74212
166_2_6354_20240608120000,final_test,166,2,2024-06-08 12:00:00,168,charge,74.0,74.68879033929828,71.63332898585678,71.690735
166_2_6358_20240610140500,final_test,166,2,2024-06-10 14:05:00,168,charge,74.0,74.67709125465561,71.63332898585678,71.493614
166_2_6359_20240610152700,final_test,166,2,2024-06-10 15:27:00,169,flight,74.0,74.66930232001216,69.287607096469,71.69674
166_2_6361_20240610153500,final_test,166,2,2024-06-10 15:35:00,169,charge,74.0,74.66332144704711,69.287607096469,71.75835
166_2_6363_20240610190000,final_test,166,2,2024-06-10 19:00:00,169,charge,95.0,74.78984365922186,69.287607096469,71.723114
166_2_6364_20240610204500,final_test,166,2,2024-06-10 20:45:00,170,flight,71.0,74.7439300023385,68.55715038545684,71.84204
166_2_6365_20240610210200,final_test,166,2,2024-06-10 21:02:00,170,charge,71.0,74.6450544248502,68.55715038545684,71.57191
166_2_6368_20240611083500,final_test,166,2,2024-06-11 08:35:00,170,charge,71.0,74.60150926897221,68.55715038545684,71.181
166_2_6369_20240611092000,final_test,166,2,2024-06-11 09:20:00,171,flight,71.0,74.56140323969362,67.99212626400609,71.617096
166_2_6370_20240611100000,final_test,166,2,2024-06-11 10:00:00,171,charge,71.0,74.5301707192279,67.99212626400609,71.79416
166_2_6383_20240611110000,final_test,166,2,2024-06-11 11:00:00,172,flight,71.0,74.21606464593287,66.38404062347637,71.43591
166_2_6384_20240611110300,final_test,166,2,2024-06-11 11:03:00,172,charge,71.0,74.15398666056446,66.38404062347637,71.01318
166_2_6385_20240611123000,final_test,166,2,2024-06-11 12:30:00,173,flight,71.0,74.10894989494197,66.14047242169534,70.73777
166_2_6386_20240611123100,final_test,166,2,2024-06-11 12:31:00,173,charge,71.0,74.01332049415586,66.14047242169534,70.40431
166_2_6377_20240611155600,final_test,166,2,2024-06-11 15:56:00,174,flight,74.0,74.01316420998029,65.42830920293868,71.15993
166_2_6378_20240611164000,final_test,166,2,2024-06-11 16:40:00,174,charge,76.0,74.02261301348774,65.42830920293868,71.662506
166_2_6373_20240611182800,final_test,166,2,2024-06-11 18:28:00,175,flight,76.0,74.04222654881683,65.10191615479147,72.277565
166_2_6374_20240611190500,final_test,166,2,2024-06-11 19:05:00,175,charge,77.0,74.06199432738718,65.10191615479147,72.51821
166_2_6375_20240611200300,final_test,166,2,2024-06-11 20:03:00,176,flight,77.0,74.0914429202357,63.98434217276738,72.54465
166_2_6376_20240611204500,final_test,166,2,2024-06-11 20:45:00,176,charge,77.0,74.11913513186673,63.98434217276738,72.57791
166_2_7636_20240930160000,final_test,166,2,2024-09-30 16:00:00,176,charge,77.0,74.24416288898382,63.98434217276738,73.28453
166_2_7637_20241008194300,final_test,166,2,2024-10-08 19:43:00,176,other,77.0,74.40640655518654,63.98434217276738,72.65115
166_2_10535_20250507194300,final_test,166,2,2025-05-07 19:43:00,177,flight,62.0,73.68662157967414,62.77624140903922,73.78058
166_2_10534_20250507212900,final_test,166,2,2025-05-07 21:29:00,177,charge,62.0,73.4702315755201,62.77624140903922,74.22009
166_2_10703_20250520124000,final_test,166,2,2025-05-20 12:40:00,177,charge,62.0,72.74600906927994,62.77624140903922,73.57497
166_2_10753_20250526104500,final_test,166,2,2025-05-26 10:45:00,177,charge,62.0,72.1184339086619,62.77624140903922,72.54359
166_2_10754_20250526115400,final_test,166,2,2025-05-26 11:54:00,178,flight,62.0,71.63332898585678,60.5588813036762,72.44798
166_2_10755_20250526124000,final_test,166,2,2025-05-26 12:40:00,178,charge,62.0,71.32050011668326,60.5588813036762,72.21344
166_2_10772_20250528100500,final_test,166,2,2025-05-28 10:05:00,178,charge,60.0,70.33746057448347,60.5588813036762,71.48517
166_2_10773_20250528102100,final_test,166,2,2025-05-28 10:21:00,179,flight,60.0,69.287607096469,58.37277168940664,71.45076
166_2_10939_20250528110000,final_test,166,2,2025-05-28 11:00:00,179,charge,61.0,69.08166807515789,58.37277168940664,71.659225
166_2_10774_20250528110500,final_test,166,2,2025-05-28 11:05:00,179,charge,61.0,68.88570455967782,58.37277168940664,71.62291
192_1_10857_20250603113000,holdout,192,1,2025-06-03 11:30:00,0,charge,100.0,99.986967677044,98.56587605726354,
192_1_10858_20250603113900,holdout,192,1,2025-06-03 11:39:00,1,flight,100.0,99.9925955549369,98.35915536590582,
192_1_10859_20250603123000,holdout,192,1,2025-06-03 12:30:00,1,charge,99.0,99.84239153238848,98.35915536590582,
192_1_10860_20250603134100,holdout,192,1,2025-06-03 13:41:00,2,flight,99.0,99.55766245180932,98.20377576473956,
192_1_10861_20250603143000,holdout,192,1,2025-06-03 14:30:00,3,flight,99.0,99.42704233068751,97.96701428035658,
192_1_10862_20250603143000,holdout,192,1,2025-06-03 14:30:00,3,charge,99.0,99.28867801097375,97.96701428035658,
192_1_10941_20250606185700,holdout,192,1,2025-06-06 18:57:00,4,flight,99.0,99.24960707555137,97.8791586626754,
192_1_10942_20250606195000,holdout,192,1,2025-06-06 19:50:00,4,charge,99.0,99.22592902355056,97.8791586626754,
192_1_10953_20250608171500,holdout,192,1,2025-06-08 17:15:00,4,charge,99.0,99.19471651506242,97.8791586626754,
192_1_10952_20250608184000,holdout,192,1,2025-06-08 18:40:00,5,flight,99.0,99.17451142718058,97.80151745464306,
192_1_10959_20250608193000,holdout,192,1,2025-06-08 19:30:00,5,charge,99.0,99.16379440125056,97.80151745464306,
192_1_10958_20250608202500,holdout,192,1,2025-06-08 20:25:00,6,flight,99.0,99.149414189834,97.73867396382128,
192_1_10963_20250610115500,holdout,192,1,2025-06-10 11:55:00,6,charge,99.0,99.13504516591571,97.73867396382128,
192_1_10964_20250610123600,holdout,192,1,2025-06-10 12:36:00,7,flight,99.0,99.12583947063504,97.50491192575136,
192_1_10965_20250610133500,holdout,192,1,2025-06-10 13:35:00,7,charge,99.0,99.12215438450846,97.50491192575136,
192_1_11018_20250612161500,holdout,192,1,2025-06-12 16:15:00,7,charge,98.0,99.03301894465642,97.50491192575136,
192_1_11019_20250612171200,holdout,192,1,2025-06-12 17:12:00,8,flight,98.0,98.9677261221592,97.40623675677348,
192_1_11020_20250612182000,holdout,192,1,2025-06-12 18:20:00,8,charge,98.0,98.92402210547208,97.40623675677348,
192_1_10996_20250613122000,holdout,192,1,2025-06-13 12:20:00,8,charge,97.0,98.7936001360683,97.40623675677348,
192_1_10997_20250613131400,holdout,192,1,2025-06-13 13:14:00,9,flight,97.0,98.70382782496009,97.27775554178334,84.2122
192_1_10998_20250613140500,holdout,192,1,2025-06-13 14:05:00,9,charge,97.0,98.6510548811424,97.27775554178334,84.23035
192_1_10999_20250613153500,holdout,192,1,2025-06-13 15:35:00,10,flight,97.0,98.56587605726354,97.11153288847096,84.26044
192_1_11000_20250613163000,holdout,192,1,2025-06-13 16:30:00,10,charge,97.0,98.51735086455754,97.11153288847096,84.237045
192_1_11001_20250613200000,holdout,192,1,2025-06-13 20:00:00,10,charge,97.0,98.42222684264236,97.11153288847096,83.995804
192_2_10857_20250603113000,holdout,192,2,2025-06-03 11:30:00,0,charge,100.0,99.98633188322724,98.69216757485232,
192_2_10858_20250603113900,holdout,192,2,2025-06-03 11:39:00,1,flight,100.0,99.99259926438812,98.47011969528286,
192_2_10859_20250603123000,holdout,192,2,2025-06-03 12:30:00,1,charge,99.0,99.8432261452696,98.47011969528286,
192_2_10860_20250603134100,holdout,192,2,2025-06-03 13:41:00,2,flight,99.0,99.55712706590806,98.29988496219846,
192_2_10861_20250603143000,holdout,192,2,2025-06-03 14:30:00,3,flight,99.0,99.4259340198776,98.04535087916446,
192_2_10862_20250603143000,holdout,192,2,2025-06-03 14:30:00,3,charge,99.0,99.28645115801406,98.04535087916446,
192_2_10941_20250606185700,holdout,192,2,2025-06-06 18:57:00,4,flight,99.0,99.25164679311546,97.94980968571645,
192_2_10942_20250606195000,holdout,192,2,2025-06-06 19:50:00,4,charge,99.0,99.2300557568606,97.94980968571645,
192_2_10953_20250608171500,holdout,192,2,2025-06-08 17:15:00,4,charge,99.0,99.19745861033157,97.94980968571645,
192_2_10952_20250608184000,holdout,192,2,2025-06-08 18:40:00,5,flight,99.0,99.1770773823094,97.86564752714084,
192_2_10959_20250608193000,holdout,192,2,2025-06-08 19:30:00,5,charge,99.0,99.16609664026082,97.86564752714084,
192_2_10958_20250608202500,holdout,192,2,2025-06-08 20:25:00,6,flight,99.0,99.15125952106744,97.79702269671816,
192_2_10963_20250610115500,holdout,192,2,2025-06-10 11:55:00,6,charge,99.0,99.13664872241208,97.79702269671816,
192_2_10964_20250610123600,holdout,192,2,2025-06-10 12:36:00,7,flight,99.0,99.12735607364829,97.6492176708806,
192_2_10965_20250610133500,holdout,192,2,2025-06-10 13:35:00,7,charge,99.0,99.12097236212963,97.6492176708806,
192_2_11018_20250612161500,holdout,192,2,2025-06-12 16:15:00,7,charge,98.0,99.03219882105584,97.6492176708806,
192_2_11019_20250612171200,holdout,192,2,2025-06-12 17:12:00,8,flight,98.0,98.9669597426627,97.60639158520428,
192_2_11020_20250612182000,holdout,192,2,2025-06-12 18:20:00,8,charge,98.0,98.92304111511648,97.60639158520428,
192_2_10996_20250613122000,holdout,192,2,2025-06-13 12:20:00,8,charge,98.0,98.86109896527944,97.60639158520428,
192_2_10997_20250613131400,holdout,192,2,2025-06-13 13:14:00,9,flight,98.0,98.81897131633104,97.48202878674115,84.2139
192_2_10998_20250613140500,holdout,192,2,2025-06-13 14:05:00,9,charge,97.0,98.78433046027132,97.48202878674115,84.24104
192_2_10999_20250613153500,holdout,192,2,2025-06-13 15:35:00,10,flight,97.0,98.69216757485232,97.29581251499069,84.27111
192_2_11000_20250613163000,holdout,192,2,2025-06-13 16:30:00,10,charge,97.0,98.64383958681466,97.29581251499069,84.25491
192_2_11001_20250613200000,holdout,192,2,2025-06-13 20:00:00,10,charge,97.0,98.53847275143076,97.29581251499069,84.085396
